year,quarter,source_airport,target_airport,distance_miles,passengers,average_fare,primary_carrier,primary_market_share,primary_carrier_fare,low_fare_carrier,low_fare_market_share,low_fare
2021,3,ABE,PIE,970,180,81.43,G4,1.0000,81.43,G4,1.0000,81.43
2021,3,ABE,TPA,970,19,208.93,DL,0.4659,219.98,UA,0.1193,154.11
2021,3,ABQ,DAL,580,204,184.56,WN,0.9968,184.44,WN,0.9968,184.44
2021,3,ABQ,DFW,580,264,182.64,AA,0.9774,183.09,AA,0.9774,183.09
2021,3,ABQ,PHX,328,398,177.11,WN,0.6061,184.49,AA,0.3939,165.77
2021,3,ABQ,BOS,1974,153,324.97,AA,0.4263,323.73,WN,0.1609,298.20
2021,3,ABQ,MHT,1974,16,315.90,WN,0.7285,270.42,WN,0.7285,270.42
2021,3,ABQ,PVD,1974,22,329.22,WN,0.5415,271.60,WN,0.5415,271.60
2021,3,ABQ,BWI,1670,159,255.89,WN,0.7212,244.89,WN,0.7212,244.89
2021,3,ABQ,DCA,1670,151,291.16,AA,0.4404,296.88,WN,0.3197,247.20
2021,3,ABQ,IAD,1670,59,343.58,UA,0.5646,382.06,WN,0.1402,266.61
2021,3,ABQ,MDW,1121,99,231.66,WN,0.9934,230.85,WN,0.9934,230.85
2021,3,ABQ,ORD,1121,206,241.25,AA,0.6869,229.41,AA,0.6869,229.41
2021,3,ABQ,HOU,759,166,203.93,WN,0.9712,203.44,WN,0.9712,203.44
2021,3,ABQ,IAH,759,148,232.85,UA,0.8512,235.69,WN,0.0447,213.54
2021,3,ABQ,EWR,1861,77,342.13,UA,0.3845,382.33,AA,0.3324,296.40
2021,3,ABQ,HPN,1861,3,356.92,DL,0.6154,358.24,AA,0.3462,350.22
2021,3,ABQ,ISP,1861,4,240.10,WN,0.8049,220.94,WN,0.8049,220.94
2021,3,ABQ,JFK,1861,177,251.78,B6,0.8338,234.07,B6,0.8338,234.07
2021,3,ABQ,LGA,1861,125,295.22,AA,0.5013,302.37,WN,0.2145,229.04
2021,3,ABQ,SWF,1861,0,427.50,AA,1.0000,427.50,AA,1.0000,427.50
2021,3,ABQ,OAK,896,216,194.36,WN,0.9638,193.20,WN,0.9638,193.20
2021,3,ABQ,SFO,896,188,246.07,UA,0.6493,255.54,WN,0.1346,221.69
2021,3,ABQ,SJC,896,61,209.22,WN,0.6566,200.07,WN,0.6566,200.07
2021,3,ABQ,BUR,677,39,205.45,WN,0.6592,205.43,AA,0.2430,196.01
2021,3,ABQ,LAX,677,572,172.93,DL,0.3790,181.73,WN,0.2572,158.14
2021,3,ABQ,LGB,677,12,201.28,WN,0.5636,187.75,DL,0.1182,180.77
2021,3,ABQ,ONT,677,52,212.31,WN,0.5933,204.21,WN,0.5933,204.21
2021,3,ABQ,SNA,677,79,222.87,WN,0.6140,216.43,AA,0.3201,215.59
2021,3,ACK,EWR,218,176,165.27,UA,0.5473,169.32,B6,0.4460,160.08
2021,3,ACK,HPN,218,78,189.08,B6,0.9958,188.57,B6,0.9958,188.57
2021,3,ACK,JFK,218,210,156.66,B6,0.7464,155.54,B6,0.7464,155.54
2021,3,ACK,LGA,218,135,157.09,B6,0.8460,153.24,B6,0.8460,153.24
2021,3,COS,DAL,602,194,122.76,WN,1.0000,122.76,WN,1.0000,122.76
2021,3,COS,DFW,602,343,154.47,AA,0.9800,153.63,AA,0.9800,153.63
2021,3,COS,PHX,551,261,120.59,WN,0.8219,124.41,F9,0.1164,67.59
2021,3,COS,BWI,1503,65,251.59,WN,0.5386,238.90,WN,0.5386,238.90
2021,3,COS,DCA,1503,84,278.14,AA,0.5724,287.79,WN,0.1886,199.98
2021,3,COS,IAD,1503,63,301.82,UA,0.6045,342.52,WN,0.2763,200.22
2021,3,COS,BUR,833,33,183.97,WN,0.6558,159.20,WN,0.6558,159.20
2021,3,COS,LAX,833,109,203.47,UA,0.6444,221.23,WN,0.2251,152.75
2021,3,COS,LGB,833,24,143.75,WN,0.8571,120.82,WN,0.8571,120.82
2021,3,COS,ONT,833,46,188.22,WN,0.5619,171.16,WN,0.5619,171.16
2021,3,COS,SNA,833,48,200.83,WN,0.5666,170.91,WN,0.5666,170.91
2021,3,DAL,PIT,1067,65,209.05,WN,0.9210,206.89,WN,0.9210,206.89
2021,3,DFW,PIT,1067,432,238.32,AA,0.9359,240.38,NK,0.0138,95.38
2021,3,DAL,DEN,651,1033,134.10,WN,0.9985,134.14,WN,0.9985,134.14
2021,3,DFW,DEN,651,1904,134.51,AA,0.6307,141.57,UA,0.2787,135.21
2021,3,DAL,TUS,824,16,208.04,WN,0.9868,206.89,WN,0.9868,206.89
2021,3,DFW,TUS,824,186,228.87,AA,0.9427,229.50,UA,0.0345,211.31
2021,3,DAL,PHX,879,876,140.45,WN,0.9975,140.49,WN,0.9975,140.49
2021,3,DFW,PHX,879,1027,178.45,AA,0.9076,184.17,NK,0.0493,92.39
2021,3,DAL,BDL,1471,24,280.38,WN,0.8795,269.29,WN,0.8795,269.29
2021,3,DFW,BDL,1471,212,286.95,AA,0.7766,293.80,AA,0.7766,293.80
2021,3,DAL,SEA,1670,445,193.65,AS,0.6464,188.36,AS,0.6464,188.36
2021,3,DFW,SEA,1670,1292,215.53,AA,0.4881,227.16,AS,0.4334,205.36
2021,3,DAL,ELP,562,350,162.00,WN,1.0000,162.00,WN,1.0000,162.00
2021,3,DFW,ELP,562,350,171.00,AA,0.9938,170.78,AA,0.9938,170.78
2021,3,DAL,BNA,631,550,157.21,WN,0.9929,156.76,WN,0.9929,156.76
2021,3,DFW,BNA,631,700,172.04,AA,0.9473,174.14,F9,0.0263,69.43
2021,3,DAL,BWI,1217,649,176.22,WN,0.9883,175.89,WN,0.9883,175.89
2021,3,DAL,DCA,1217,278,202.77,WN,0.9808,201.83,WN,0.9808,201.83
2021,3,DAL,IAD,1217,17,226.73,WN,0.7756,215.95,WN,0.7756,215.95
2021,3,DFW,BWI,1217,647,181.97,AA,0.7187,202.68,NK,0.2188,105.78
2021,3,DFW,DCA,1217,722,252.24,AA,0.9541,252.06,AA,0.9541,252.06
2021,3,DFW,IAD,1217,352,248.61,UA,0.4994,245.32,UA,0.4994,245.32
2021,3,DAL,STL,550,460,167.30,WN,0.9976,167.27,WN,0.9976,167.27
2021,3,DFW,STL,550,404,173.99,AA,0.9795,173.46,AA,0.9795,173.46
2021,3,DAL,MYR,1048,38,167.45,WN,0.8949,163.64,WN,0.8949,163.64
2021,3,DFW,MYR,1048,195,166.15,AA,0.8389,172.96,NK,0.0881,87.79
2021,3,DAL,JAX,918,52,190.04,WN,0.8998,183.34,WN,0.8998,183.34
2021,3,DFW,JAX,918,414,199.56,AA,0.9485,196.93,AA,0.9485,196.93
2021,3,DAL,DTW,986,65,161.72,WN,0.8754,149.38,WN,0.8754,149.38
2021,3,DFW,DTW,986,1236,163.13,DL,0.4949,173.31,AA,0.4005,166.37
2021,3,DAL,DSM,624,7,183.30,WN,0.9844,183.47,WN,0.9844,183.47
2021,3,DFW,DSM,624,180,212.01,AA,0.8867,214.54,UA,0.0699,187.21
2021,3,DAL,HOU,247,560,165.35,WN,0.9971,165.42,WN,0.9971,165.42
2021,3,DAL,IAH,247,107,149.83,WN,1.0000,149.83,WN,1.0000,149.83
2021,3,DFW,HOU,247,132,157.34,AA,0.9727,157.42,AA,0.9727,157.42
2021,3,DFW,IAH,247,442,164.19,AA,0.5483,160.07,AA,0.5483,160.07
2021,3,DAL,MCO,985,753,156.03,WN,0.9827,155.27,WN,0.9827,155.27
2021,3,DFW,MCO,985,1623,161.06,AA,0.7233,183.34,NK,0.2005,86.91
2021,3,DAL,ECP,685,247,153.96,WN,0.9842,153.63,WN,0.9842,153.63
2021,3,DFW,ECP,685,172,191.07,AA,0.9034,191.39,DL,0.0663,182.69
2021,3,DAL,VPS,641,99,165.24,WN,0.9639,164.70,WN,0.9639,164.70
2021,3,DFW,VPS,641,424,184.18,AA,0.9726,184.37,DL,0.0195,169.47
2021,3,DAL,FAT,1325,19,220.11,WN,0.8409,229.05,AS,0.1420,156.60
2021,3,DFW,FAT,1325,176,247.52,AA,0.8845,250.02,UA,0.0451,225.38
2021,3,DAL,MSP,853,118,130.46,WN,0.9889,129.91,WN,0.9889,129.91
2021,3,DFW,MSP,853,1272,129.98,DL,0.4874,132.46,DL,0.4874,132.46
2021,3,DAL,EWR,1428,5,219.33,DL,1.0000,219.33,DL,1.0000,219.33
2021,3,DAL,HPN,1428,1,230.18,DL,1.0000,230.18,DL,1.0000,230.18
2021,3,DAL,ISP,1428,24,179.65,WN,1.0000,179.65,WN,1.0000,179.65
2021,3,DAL,JFK,1428,4,185.84,DL,0.9697,189.34,DL,0.9697,189.34
2021,3,DAL,LGA,1428,379,169.62,WN,0.9759,168.98,WN,0.9759,168.98
2021,3,DFW,EWR,1428,1239,201.73,UA,0.4243,197.59,F9,0.1144,103.33
2021,3,DFW,HPN,1428,13,277.56,AA,0.5820,277.55,AA,0.5820,277.55
2021,3,DFW,ISP,1428,5,295.83,AA,0.8000,315.21,F9,0.1556,140.00
2021,3,DFW,JFK,1428,516,192.11,DL,0.3431,209.54,B6,0.2968,167.77
2021,3,DFW,LGA,1428,1784,204.68,AA,0.5109,230.55,DL,0.3601,188.40
2021,3,DFW,SWF,1428,2,225.21,AA,0.9565,224.05,AA,0.9565,224.05
2021,3,DAL,RSW,1017,92,173.33,WN,0.9600,171.82,WN,0.9600,171.82
2021,3,DFW,RSW,1017,300,204.15,AA,0.9609,203.25,AA,0.9609,203.25
2021,3,DAL,GSP,862,28,198.88,WN,0.8000,193.17,WN,0.8000,193.17
2021,3,DFW,GSP,862,167,223.35,AA,0.8584,220.39,AA,0.8584,220.39
2021,3,DAL,GEG,1486,42,228.18,WN,0.6803,234.72,AS,0.3018,210.91
2021,3,DFW,GEG,1486,162,270.33,AA,0.5251,306.72,DL,0.2482,221.63
2021,3,DAL,GRR,931,23,214.82,WN,0.8785,205.30,WN,0.8785,205.30
2021,3,DFW,GRR,931,212,247.31,AA,0.7981,250.83,DL,0.1420,239.90
2021,3,DAL,HRL,461,130,146.68,WN,0.9992,146.74,WN,0.9992,146.74
2021,3,DFW,HRL,461,85,166.14,AA,0.8766,161.52,AA,0.8766,161.52
2021,3,DAL,LAS,1067,984,170.82,WN,0.9954,170.81,WN,0.9954,170.81
2021,3,DFW,LAS,1067,1966,183.07,AA,0.6275,221.53,NK,0.2037,107.52
2021,3,DAL,IND,761,130,180.96,WN,0.9707,179.60,WN,0.9707,179.60
2021,3,DFW,IND,761,469,201.78,AA,0.9478,200.86,AA,0.9478,200.86
2021,3,DAL,OAK,1476,344,187.84,WN,0.9930,187.80,WN,0.9930,187.80
2021,3,DAL,SFO,1476,162,206.97,AS,0.7638,206.08,WN,0.2268,203.34
2021,3,DAL,SJC,1476,246,204.27,WN,0.9845,204.18,WN,0.9845,204.18
2021,3,DFW,OAK,1476,40,157.63,DL,0.4812,220.76,F9,0.1129,77.10
2021,3,DFW,SFO,1476,1052,229.36,AA,0.7807,231.45,AA,0.7807,231.45
2021,3,DFW,SJC,1476,219,267.73,AA,0.8674,271.99,DL,0.0601,230.64
2021,3,DAL,FLL,1121,388,136.06,WN,0.9882,135.41,WN,0.9882,135.41
2021,3,DAL,MIA,1121,220,151.06,WN,0.9629,150.45,WN,0.9629,150.45
2021,3,DFW,FLL,1121,918,144.58,AA,0.7103,159.60,NK,0.2687,97.32
2021,3,DFW,MIA,1121,1038,189.37,AA,0.9335,193.03,F9,0.0395,86.66
2021,3,DAL,BUR,1246,141,171.31,WN,0.9869,171.49,WN,0.9869,171.49
2021,3,DAL,LAX,1246,961,148.72,WN,0.7119,153.39,AS,0.2827,135.90
2021,3,DAL,LGB,1246,144,143.98,WN,0.9955,143.86,WN,0.9955,143.86
2021,3,DAL,ONT,1246,156,181.88,WN,0.9958,182.00,WN,0.9958,182.00
2021,3,DAL,SNA,1246,136,209.29,WN,0.9912,208.30,WN,0.9912,208.30
2021,3,DFW,BUR,1246,163,216.01,AA,0.9686,215.70,AA,0.9686,215.70
2021,3,DFW,LAX,1246,2541,165.93,AA,0.6326,188.37,NK,0.1924,90.86
2021,3,DFW,LGB,1246,51,174.28,AA,0.9231,174.33,DL,0.0620,163.62
2021,3,DFW,ONT,1246,579,186.26,AA,0.8415,200.97,F9,0.1313,84.05
2021,3,DFW,SNA,1246,748,237.59,AA,0.9496,238.66,NK,0.0108,86.16
2021,3,DAL,LIT,304,72,139.48,WN,1.0000,139.48,WN,1.0000,139.48
2021,3,DFW,LIT,304,171,164.58,AA,0.9880,164.69,AA,0.9880,164.69
2021,3,DAL,LBB,293,196,144.64,WN,1.0000,144.64,WN,1.0000,144.64
2021,3,DFW,LBB,293,131,159.46,AA,0.9950,159.64,AA,0.9950,159.64
2021,3,DAL,SDF,733,79,177.19,WN,0.9530,176.49,WN,0.9530,176.49
2021,3,DFW,SDF,733,262,194.45,AA,0.9527,193.01,UA,0.0112,182.48
2021,3,DAL,MAF,319,150,153.29,WN,0.9964,153.41,WN,0.9964,153.41
2021,3,DFW,MAF,319,115,175.23,AA,0.9792,174.90,AA,0.9792,174.90
2021,3,DAL,SMF,1442,225,226.88,WN,0.9899,226.32,WN,0.9899,226.32
2021,3,DFW,SMF,1442,424,251.80,AA,0.8767,256.15,NK,0.0333,92.16
2021,3,DAL,TPA,929,412,139.58,WN,0.9826,138.53,WN,0.9826,138.53
2021,3,DFW,TPA,929,902,157.91,AA,0.8703,164.63,NK,0.1010,81.36
2021,3,DAL,MCI,461,402,154.27,WN,1.0000,154.27,WN,1.0000,154.27
2021,3,DFW,MCI,461,487,147.88,AA,0.9880,147.75,AA,0.9880,147.75
2021,3,DAL,SAT,247,379,168.49,WN,0.9983,168.55,WN,0.9983,168.55
2021,3,DFW,SAT,247,334,164.30,AA,0.9765,164.36,AA,0.9765,164.36
2021,3,DAL,MEM,431,105,142.56,WN,0.9856,142.14,WN,0.9856,142.14
2021,3,DFW,MEM,431,386,154.36,AA,0.9763,153.00,AA,0.9763,153.00
2021,3,DAL,OMA,586,113,163.50,WN,0.9981,163.49,WN,0.9981,163.49
2021,3,DFW,OMA,586,261,186.98,AA,0.9520,185.78,AA,0.9520,185.78
2021,3,DAL,MKE,853,115,194.50,WN,0.9773,193.70,WN,0.9773,193.70
2021,3,DFW,MKE,853,340,212.41,AA,0.9255,209.47,AA,0.9255,209.47
2021,3,DAL,MSY,447,470,124.38,WN,0.9965,124.27,WN,0.9965,124.27
2021,3,DFW,MSY,447,446,137.70,AA,0.9084,140.17,NK,0.0565,84.28
2021,3,DAL,SAN,1182,502,193.13,WN,0.9922,192.50,WN,0.9922,192.50
2021,3,DFW,SAN,1182,964,218.41,AA,0.8520,225.50,F9,0.0103,70.52
2021,3,DAL,ORF,1212,38,226.94,WN,0.8138,218.89,WN,0.8138,218.89
2021,3,DFW,ORF,1212,321,224.84,AA,0.8736,221.89,AA,0.8736,221.89
2021,3,DFW,PHF,1212,10,273.36,AA,0.9778,275.66,AA,0.9778,275.66
2021,3,DAL,PNS,604,156,131.21,WN,0.9748,130.28,WN,0.9748,130.28
2021,3,DFW,PNS,604,290,147.56,AA,0.8428,155.98,NK,0.1050,72.65
2021,3,DAL,PBI,1102,7,260.03,DL,0.5909,272.26,WN,0.4091,242.37
2021,3,DFW,PBI,1102,183,250.56,AA,0.9200,250.77,AA,0.9200,250.77
2021,3,DAL,PDX,1626,189,215.43,WN,0.5192,225.95,AS,0.4388,205.54
2021,3,DFW,PDX,1626,601,227.64,AA,0.5627,249.37,AS,0.3280,196.76
2021,3,DAL,PHL,1303,69,205.50,WN,0.7598,211.81,DL,0.2386,185.58
2021,3,DFW,PHL,1303,1200,209.37,AA,0.8797,219.86,F9,0.0600,90.64
2021,3,DAL,RDU,1061,101,211.10,WN,0.9194,205.07,WN,0.9194,205.07
2021,3,DFW,RDU,1061,491,227.40,AA,0.9203,226.82,UA,0.0151,226.32
2021,3,DAL,RIC,1158,32,215.48,WN,0.8013,207.69,WN,0.8013,207.69
2021,3,DFW,RIC,1158,265,239.87,AA,0.8996,240.12,NK,0.0107,104.65
2021,3,DAL,RNO,1356,79,223.76,WN,0.9848,224.58,AS,0.0110,175.25
2021,3,DFW,RNO,1356,237,248.35,AA,0.9161,248.60,UA,0.0243,237.15
2021,3,DAL,SLC,999,197,148.94,WN,0.9945,148.91,WN,0.9945,148.91
2021,3,DFW,SLC,999,1008,168.29,DL,0.5006,160.35,DL,0.5006,160.35
2021,3,DAL,TUL,238,79,147.57,WN,1.0000,147.57,WN,1.0000,147.57
2021,3,DFW,TUL,238,122,155.37,AA,0.9964,155.29,AA,0.9964,155.29
2021,3,DAL,SAV,925,76,176.83,WN,0.9258,174.82,WN,0.9258,174.82
2021,3,DFW,SAV,925,175,191.21,AA,0.9002,187.73,AA,0.9002,187.73
2021,3,DAL,TYS,771,2,267.15,DL,1.0000,267.15,DL,1.0000,267.15
2021,3,DFW,TYS,771,192,268.34,AA,0.9060,267.55,UA,0.0164,247.93
2021,3,PIT,OAK,2254,45,297.78,WN,0.8696,310.75,NK,0.0676,178.57
2021,3,PIT,SFO,2254,230,361.78,UA,0.3694,396.82,AA,0.2455,357.97
2021,3,PIT,SJC,2254,70,321.69,WN,0.5062,298.43,WN,0.5062,298.43
2021,3,PIT,PIE,878,80,90.03,G4,1.0000,90.03,G4,1.0000,90.03
2021,3,PIT,TPA,878,532,163.99,WN,0.6272,177.72,NK,0.1428,75.24
2021,3,HSV,BWI,641,37,270.79,DL,0.6297,272.46,AA,0.3324,269.04
2021,3,HSV,DCA,641,129,274.03,AA,0.9129,267.93,AA,0.9129,267.93
2021,3,HSV,IAD,641,76,244.29,UA,0.8845,231.81,UA,0.8845,231.81
2021,3,ALB,BWI,325,129,173.61,WN,0.9992,173.70,WN,0.9992,173.70
2021,3,ALB,DCA,325,83,210.15,AA,0.9882,209.67,AA,0.9882,209.67
2021,3,ALB,IAD,325,46,216.55,UA,0.9930,216.70,UA,0.9930,216.70
2021,3,ALB,MDW,723,108,192.16,WN,0.9940,191.31,WN,0.9940,191.31
2021,3,ALB,ORD,723,205,242.40,UA,0.6433,234.51,UA,0.6433,234.51
2021,3,ALB,FLL,1225,272,180.60,B6,0.7990,174.50,B6,0.7990,174.50
2021,3,ALB,MIA,1225,34,229.44,AA,0.5237,236.62,WN,0.2650,186.00
2021,3,ALB,BUR,2468,9,308.06,WN,0.8929,304.96,UA,0.0238,183.00
2021,3,ALB,LAX,2468,142,400.71,AA,0.3057,404.44,WN,0.1816,333.63
2021,3,ALB,LGB,2468,4,289.46,WN,0.9444,287.81,WN,0.9444,287.81
2021,3,ALB,ONT,2468,16,317.85,WN,0.4133,279.20,F9,0.1067,152.31
2021,3,ALB,SNA,2468,29,391.80,UA,0.2890,411.84,WN,0.2662,336.76
2021,3,ALB,PIE,1138,84,93.44,G4,1.0000,93.44,G4,1.0000,93.44
2021,3,ALB,TPA,1138,149,222.11,WN,0.6380,204.36,WN,0.6380,204.36
2021,3,AMA,DAL,323,118,136.30,WN,0.9954,136.24,WN,0.9954,136.24
2021,3,AMA,DFW,323,114,151.57,AA,0.9876,151.38,AA,0.9876,151.38
2021,3,DEN,PHX,602,2449,128.62,WN,0.5098,133.45,AA,0.2062,121.14
2021,3,DEN,BWI,1491,1173,201.47,WN,0.6633,209.25,WN,0.6633,209.25
2021,3,DEN,DCA,1491,759,174.94,F9,0.5729,114.45,F9,0.5729,114.45
2021,3,DEN,IAD,1491,1091,234.96,UA,0.7092,254.91,WN,0.2702,178.10
2021,3,DEN,HOU,883,770,138.33,WN,0.9883,137.65,WN,0.9883,137.65
2021,3,DEN,IAH,883,1575,150.29,UA,0.6643,171.65,WN,0.1952,119.09
2021,3,DEN,EWR,1659,1266,294.26,UA,0.9397,298.56,NK,0.0119,94.54
2021,3,DEN,HPN,1659,15,302.89,AA,0.5070,309.76,DL,0.3380,280.09
2021,3,DEN,ISP,1659,31,233.73,WN,0.8646,235.26,F9,0.0556,128.12
2021,3,DEN,JFK,1659,777,245.76,B6,0.5057,232.39,B6,0.5057,232.39
2021,3,DEN,LGA,1659,1533,251.89,UA,0.3061,289.25,WN,0.2003,206.69
2021,3,DEN,SWF,1659,2,279.05,AA,1.0000,279.05,AA,1.0000,279.05
2021,3,DEN,OAK,967,787,153.57,WN,0.8580,162.55,F9,0.1146,84.67
2021,3,DEN,SFO,967,1447,186.15,UA,0.5542,224.30,F9,0.1567,99.15
2021,3,DEN,SJC,967,665,205.14,WN,0.7424,192.40,WN,0.7424,192.40
2021,3,DEN,FLL,1709,873,169.22,UA,0.4485,208.45,NK,0.2062,86.95
2021,3,DEN,MIA,1709,788,166.59,AA,0.4308,181.28,F9,0.1330,88.35
2021,3,DEN,BUR,862,513,142.75,WN,0.8263,138.97,WN,0.8263,138.97
2021,3,DEN,LAX,862,2367,133.12,UA,0.3064,152.63,AA,0.2020,121.91
2021,3,DEN,LGB,862,275,112.51,WN,0.9684,110.86,WN,0.9684,110.86
2021,3,DEN,ONT,862,544,130.66,WN,0.5949,138.45,F9,0.1906,79.02
2021,3,DEN,SNA,862,1259,133.59,WN,0.6202,127.36,F9,0.1064,73.44
2021,3,DEN,TPA,1506,1188,169.28,WN,0.4811,163.74,F9,0.1203,82.68
2021,3,DEN,ORF,1553,327,218.17,UA,0.3842,254.41,F9,0.2094,104.52
2021,3,DEN,PHF,1553,9,265.28,AA,1.0000,265.28,AA,1.0000,265.28
2021,3,ATL,DAL,731,888,132.85,WN,0.5942,127.27,WN,0.5942,127.27
2021,3,ATL,DFW,731,1883,134.96,DL,0.4739,143.06,AA,0.4368,135.16
2021,3,ATL,PHX,1587,1098,204.06,DL,0.5527,229.62,AA,0.1924,172.45
2021,3,ATL,CAK,554,6,286.31,AA,0.8868,290.97,UA,0.1132,249.83
2021,3,ATL,CLE,554,931,133.30,DL,0.7454,141.81,WN,0.1145,124.85
2021,3,ATL,BOS,952,1963,204.01,DL,0.8017,211.97,B6,0.1338,166.62
2021,3,ATL,MHT,952,39,249.63,AA,0.5457,261.98,WN,0.3546,225.50
2021,3,ATL,PVD,952,282,220.73,DL,0.8053,234.66,F9,0.0766,76.10
2021,3,ATL,BWI,577,1640,150.03,DL,0.4453,170.43,NK,0.1226,93.64
2021,3,ATL,DCA,577,1464,163.76,DL,0.6211,176.46,WN,0.1673,126.71
2021,3,ATL,IAD,577,683,153.95,DL,0.5370,168.22,WN,0.1505,108.80
2021,3,ATL,MDW,606,1315,134.27,WN,0.6708,128.95,WN,0.6708,128.95
2021,3,ATL,ORD,606,2262,138.01,DL,0.5176,144.59,AA,0.2553,133.23
2021,3,ATL,CMH,447,616,155.51,DL,0.7551,161.67,WN,0.2151,133.17
2021,3,ATL,HOU,696,1065,137.04,WN,0.5486,129.14,WN,0.5486,129.14
2021,3,ATL,IAH,696,1205,139.89,DL,0.6077,142.51,DL,0.6077,142.51
2021,3,ATL,EWR,795,2266,171.22,DL,0.4103,211.10,NK,0.1194,105.88
2021,3,ATL,HPN,795,198,253.47,DL,0.9627,254.83,AA,0.0143,210.34
2021,3,ATL,ISP,795,71,115.59,F9,0.6713,80.08,F9,0.6713,80.08
2021,3,ATL,JFK,795,1027,200.77,DL,0.6665,213.64,B6,0.2657,174.65
2021,3,ATL,LGA,795,2897,191.11,DL,0.6513,213.39,WN,0.1432,157.98
2021,3,ATL,SWF,795,2,286.57,AA,1.0000,286.57,AA,1.0000,286.57
2021,3,ATL,OAK,2139,213,213.36,WN,0.6029,207.75,WN,0.6029,207.75
2021,3,ATL,SFO,2139,1111,311.20,DL,0.7274,350.90,F9,0.1096,134.20
2021,3,ATL,SJC,2139,177,299.63,DL,0.4932,343.59,WN,0.3034,238.01
2021,3,ATL,FLL,594,2137,121.48,DL,0.6425,131.56,WN,0.1869,108.19
2021,3,ATL,MIA,594,2094,136.96,DL,0.5451,149.45,WN,0.1012,114.47
2021,3,ATL,BUR,1947,64,265.18,WN,0.4492,226.69,WN,0.4492,226.69
2021,3,ATL,LAX,1947,2859,255.44,DL,0.5638,309.99,NK,0.1473,123.89
2021,3,ATL,LGB,1947,60,171.36,WN,0.7243,150.85,WN,0.7243,150.85
2021,3,ATL,ONT,1947,341,229.92,DL,0.4963,286.07,F9,0.2477,97.32
2021,3,ATL,SNA,1947,298,324.40,DL,0.7176,349.07,AA,0.1167,294.32
2021,3,ATL,TPA,406,1245,140.66,DL,0.6671,152.88,WN,0.2578,124.13
2021,3,ATL,ORF,516,438,196.61,DL,0.8492,200.26,UA,0.0221,131.27
2021,3,ATL,PHF,516,5,284.06,AA,1.0000,284.06,AA,1.0000,284.06
2021,3,AUS,DAL,190,233,163.66,WN,0.9995,163.58,WN,0.9995,163.58
2021,3,AUS,DFW,190,196,164.05,AA,0.9928,163.67,AA,0.9928,163.67
2021,3,AUS,PHX,872,663,193.41,WN,0.5526,188.89,WN,0.5526,188.89
2021,3,AUS,BOS,1698,818,234.75,AA,0.3457,232.18,AA,0.3457,232.18
2021,3,AUS,MHT,1698,35,270.31,WN,0.5511,251.48,WN,0.5511,251.48
2021,3,AUS,PVD,1698,68,256.26,WN,0.3499,243.40,WN,0.3499,243.40
2021,3,AUS,BWI,1342,408,213.39,WN,0.7797,213.88,NK,0.0253,99.58
2021,3,AUS,DCA,1342,319,228.91,WN,0.6593,212.04,WN,0.6593,212.04
2021,3,AUS,IAD,1342,356,232.01,UA,0.6810,249.80,AA,0.2441,177.98
2021,3,AUS,MDW,977,468,161.03,WN,0.9870,160.67,WN,0.9870,160.67
2021,3,AUS,ORD,977,1041,174.74,AA,0.4537,173.74,WN,0.1111,154.59
2021,3,AUS,EWR,1559,971,194.82,UA,0.5624,218.93,NK,0.1952,104.90
2021,3,AUS,HPN,1559,12,282.81,DL,0.5179,271.65,DL,0.5179,271.65
2021,3,AUS,ISP,1559,17,243.90,WN,0.8734,239.76,WN,0.8734,239.76
2021,3,AUS,JFK,1559,956,238.85,DL,0.4764,252.93,B6,0.2095,225.72
2021,3,AUS,LGA,1559,120,245.93,WN,0.4182,218.54,WN,0.4182,218.54
2021,3,AUS,SWF,1559,1,291.71,AA,1.0000,291.71,AA,1.0000,291.71
2021,3,AUS,OAK,1504,217,194.76,WN,0.8986,194.37,WN,0.8986,194.37
2021,3,AUS,SFO,1504,822,214.79,UA,0.5114,223.01,AS,0.3341,201.80
2021,3,AUS,SJC,1504,500,199.64,WN,0.5244,186.36,WN,0.5244,186.36
2021,3,AUS,FLL,1105,463,127.12,WN,0.5614,130.64,NK,0.1635,89.54
2021,3,AUS,MIA,1105,478,161.47,AA,0.7125,170.32,WN,0.2550,131.02
2021,3,AUS,BUR,1242,142,150.36,WN,0.8806,147.82,WN,0.8806,147.82
2021,3,AUS,LAX,1242,1942,136.77,AA,0.3419,139.76,WN,0.1516,134.03
2021,3,AUS,LGB,1242,137,141.78,WN,0.9413,139.15,WN,0.9413,139.15
2021,3,AUS,ONT,1242,103,183.69,WN,0.4682,178.74,WN,0.4682,178.74
2021,3,AUS,SNA,1242,286,180.81,WN,0.6203,179.29,AA,0.3033,171.90
2021,3,AUS,TPA,928,392,158.63,WN,0.5982,153.94,WN,0.5982,153.94
2021,3,AVL,EWR,633,187,148.98,G4,0.5510,84.84,G4,0.5510,84.84
2021,3,AVL,HPN,633,4,277.73,AA,0.9091,271.04,AA,0.9091,271.04
2021,3,AVL,ISP,633,1,313.54,AA,1.0000,313.54,AA,1.0000,313.54
2021,3,AVL,JFK,633,8,288.44,AA,0.8077,278.78,AA,0.8077,278.78
2021,3,AVL,LGA,633,127,188.89,AA,0.6268,179.03,AA,0.6268,179.03
2021,3,AVL,FLL,677,262,109.95,G4,0.8837,93.91,G4,0.8837,93.91
2021,3,AVL,MIA,677,25,244.18,AA,0.6953,242.52,AA,0.6953,242.52
2021,3,AVL,PIE,519,202,88.24,G4,1.0000,88.24,G4,1.0000,88.24
2021,3,AVL,TPA,519,42,222.04,AA,0.5681,200.21,AA,0.5681,200.21
2021,3,TUS,BWI,1976,82,281.12,WN,0.3710,241.54,WN,0.3710,241.54
2021,3,TUS,DCA,1976,92,294.24,AA,0.6490,296.57,AA,0.6490,296.57
2021,3,TUS,IAD,1976,46,301.84,UA,0.3697,333.12,WN,0.2133,249.37
2021,3,AZA,PIT,1814,19,60.14,G4,1.0000,60.14,G4,1.0000,60.14
2021,3,PHX,PIT,1814,342,267.41,WN,0.4846,264.40,WN,0.4846,264.40
2021,3,PHX,SEA,1107,2902,130.25,AS,0.4525,130.35,WN,0.2302,116.76
2021,3,PHX,BWI,1999,530,251.82,WN,0.8062,252.16,F9,0.0260,107.23
2021,3,PHX,DCA,1999,487,271.57,AA,0.7285,289.96,WN,0.1257,210.28
2021,3,PHX,IAD,1999,283,275.61,UA,0.7893,274.71,WN,0.0857,237.81
2021,3,PHX,STL,1262,618,215.22,WN,0.6344,216.83,WN,0.6344,216.83
2021,3,AZA,FSD,1081,126,82.96,G4,1.0000,82.96,G4,1.0000,82.96
2021,3,PHX,FSD,1081,116,189.38,AA,0.9056,188.14,F9,0.0187,76.50
2021,3,PHX,GEG,1020,432,193.77,AA,0.4327,203.51,DL,0.1019,169.92
2021,3,AZA,OAK,668,10,87.30,G4,1.0000,87.30,G4,1.0000,87.30
2021,3,PHX,OAK,668,768,130.19,WN,0.9554,131.44,F9,0.0318,69.78
2021,3,PHX,SFO,668,1026,135.50,WN,0.3305,119.52,WN,0.3305,119.52
2021,3,PHX,SJC,668,670,167.12,WN,0.7638,162.26,WN,0.7638,162.26
2021,3,PHX,SMF,647,989,136.71,WN,0.6975,136.65,WN,0.6975,136.65
2021,3,PHX,TPA,1788,466,233.59,AA,0.5625,241.21,WN,0.3401,214.35
2021,3,PHX,SAT,843,437,194.89,WN,0.5527,191.48,WN,0.5527,191.48
2021,3,AZA,SAN,324,13,80.56,G4,1.0000,80.56,G4,1.0000,80.56
2021,3,PHX,SAN,324,1215,151.74,WN,0.6223,153.06,WN,0.6223,153.06
2021,3,PHX,PDX,1009,1358,187.05,WN,0.3694,177.39,WN,0.3694,177.39
2021,3,PHX,RDU,1891,324,259.55,AA,0.4310,272.08,WN,0.3871,235.58
2021,3,PHX,RNO,601,474,173.72,WN,0.5912,166.56,WN,0.5912,166.56
2021,3,PHX,SLC,507,1397,112.26,DL,0.4075,113.19,AA,0.1866,110.62
2021,3,PHX,TUL,935,193,201.35,WN,0.6326,191.92,WN,0.6326,191.92
2021,3,BDL,PHX,2213,183,303.59,AA,0.3960,313.78,WN,0.2432,283.27
2021,3,BDL,BWI,326,153,167.29,WN,1.0000,167.29,WN,1.0000,167.29
2021,3,BDL,DCA,326,160,184.39,AA,0.9966,184.41,AA,0.9966,184.41
2021,3,BDL,IAD,326,130,173.56,UA,0.9950,173.62,UA,0.9950,173.62
2021,3,BDL,OAK,2625,21,285.98,WN,0.9115,285.73,DL,0.0469,251.67
2021,3,BDL,SFO,2625,272,293.61,B6,0.5356,253.65,B6,0.5356,253.65
2021,3,BDL,SJC,2625,30,354.91,WN,0.4250,304.53,WN,0.4250,304.53
2021,3,BDL,FLL,1194,521,136.65,B6,0.7209,146.40,NK,0.1793,77.08
2021,3,BDL,MIA,1194,478,140.94,AA,0.5919,149.23,B6,0.3503,127.53
2021,3,BDL,BUR,2527,11,334.11,WN,0.5510,259.90,WN,0.5510,259.90
2021,3,BDL,LAX,2527,463,253.67,B6,0.4987,230.67,B6,0.4987,230.67
2021,3,BDL,LGB,2527,10,199.70,WN,0.8132,183.72,WN,0.8132,183.72
2021,3,BDL,ONT,2527,30,336.33,AA,0.5125,301.35,AA,0.5125,301.35
2021,3,BDL,SNA,2527,56,353.89,AA,0.4073,330.89,WN,0.1467,262.34
2021,3,BDL,TPA,1111,585,183.24,B6,0.4455,181.06,B6,0.4455,181.06
2021,3,SEA,BWI,2335,521,258.97,AS,0.6588,261.99,WN,0.1495,242.23
2021,3,SEA,DCA,2335,564,260.19,AS,0.7626,257.59,WN,0.0258,229.36
2021,3,SEA,IAD,2335,782,252.70,AS,0.4700,238.77,AS,0.4700,238.77
2021,3,SEA,TPA,2520,650,222.37,AS,0.5544,210.41,AS,0.5544,210.41
2021,3,BHM,DAL,597,152,168.07,WN,0.9565,165.36,WN,0.9565,165.36
2021,3,BHM,DFW,597,214,190.83,AA,0.9371,188.68,AA,0.9371,188.68
2021,3,BHM,BWI,682,91,194.02,DL,0.4086,217.37,WN,0.3680,165.93
2021,3,BHM,DCA,682,130,231.66,AA,0.7483,227.33,AA,0.7483,227.33
2021,3,BHM,IAD,682,24,255.77,DL,0.6273,254.43,DL,0.6273,254.43
2021,3,BHM,MDW,583,112,169.54,WN,0.9255,166.23,WN,0.9255,166.23
2021,3,BHM,ORD,583,154,193.43,UA,0.4352,174.18,UA,0.4352,174.18
2021,3,BHM,HOU,570,50,185.34,WN,0.7457,178.70,WN,0.7457,178.70
2021,3,BHM,IAH,570,178,196.31,UA,0.8738,193.67,WN,0.0274,162.21
2021,3,BHM,EWR,902,67,245.25,DL,0.6046,256.54,AA,0.3464,222.24
2021,3,BHM,HPN,902,6,262.80,DL,0.5424,289.35,AA,0.4068,228.58
2021,3,BHM,ISP,902,5,230.38,AA,0.7083,260.12,WN,0.2917,158.14
2021,3,BHM,JFK,902,21,236.91,DL,0.5263,248.80,AA,0.4105,221.10
2021,3,BHM,LGA,902,151,242.99,DL,0.7287,256.26,AA,0.2352,207.57
2021,3,BHM,SWF,902,1,261.14,AA,1.0000,261.14,AA,1.0000,261.14
2021,3,BHM,FLL,661,67,186.97,DL,0.5480,207.53,WN,0.2325,152.33
2021,3,BHM,MIA,661,120,192.29,AA,0.8209,186.09,AA,0.8209,186.09
2021,3,BHM,BUR,1815,18,282.84,WN,0.4940,246.09,WN,0.4940,246.09
2021,3,BHM,LAX,1815,103,322.14,AA,0.3791,306.21,WN,0.1901,274.54
2021,3,BHM,LGB,1815,3,229.87,WN,0.7667,222.26,WN,0.7667,222.26
2021,3,BHM,ONT,1815,34,298.67,AA,0.4226,318.43,WN,0.3387,265.27
2021,3,BHM,SNA,1815,42,311.23,AA,0.4062,308.93,WN,0.2943,272.43
2021,3,BHM,TPA,459,176,150.04,WN,0.6868,133.36,WN,0.6868,133.36
2021,3,ELP,PHX,347,266,143.71,WN,0.6661,138.99,WN,0.6661,138.99
2021,3,ELP,BWI,1741,77,296.52,WN,0.4957,270.56,WN,0.4957,270.56
2021,3,ELP,DCA,1741,98,287.29,AA,0.5530,287.85,WN,0.2517,263.62
2021,3,ELP,IAD,1741,37,343.64,UA,0.4971,401.45,AA,0.3206,262.78
2021,3,ELP,HOU,677,234,171.16,WN,0.9632,170.35,WN,0.9632,170.35
2021,3,ELP,IAH,677,174,203.50,UA,0.8204,208.84,AA,0.1135,178.35
2021,3,ELP,EWR,1944,63,353.64,AA,0.4751,315.85,AA,0.4751,315.85
2021,3,ELP,HPN,1944,2,319.86,AA,0.3810,249.88,AA,0.3810,249.88
2021,3,ELP,ISP,1944,1,422.33,AA,0.5000,629.67,WN,0.5000,215.00
2021,3,ELP,JFK,1944,25,354.80,AA,0.5330,359.65,DL,0.4626,351.10
2021,3,ELP,LGA,1944,123,295.51,AA,0.5062,285.24,WN,0.2544,260.04
2021,3,ELP,BUR,715,23,185.26,WN,0.7371,181.90,WN,0.7371,181.90
2021,3,ELP,LAX,715,379,172.36,AA,0.5606,179.31,WN,0.4018,156.44
2021,3,ELP,LGB,715,17,184.79,WN,0.7806,170.19,WN,0.7806,170.19
2021,3,ELP,ONT,715,65,200.60,WN,0.6572,184.35,WN,0.6572,184.35
2021,3,ELP,SNA,715,42,202.39,WN,0.6062,187.32,WN,0.6062,187.32
2021,3,CAK,DFW,1023,12,314.34,AA,0.6847,318.86,UA,0.2703,308.10
2021,3,CLE,DAL,1023,49,230.66,WN,0.8527,229.77,WN,0.8527,229.77
2021,3,CLE,DFW,1023,424,246.35,AA,0.8214,258.82,NK,0.0636,101.44
2021,3,CAK,DEN,1224,10,258.09,AA,0.6484,268.54,UA,0.3297,234.86
2021,3,CLE,DEN,1224,751,194.76,UA,0.4317,234.41,F9,0.2085,105.37
2021,3,CAK,PHX,1754,18,276.46,AA,0.7337,295.20,UA,0.2604,226.94
2021,3,CLE,PHX,1754,503,196.84,F9,0.3423,109.40,F9,0.3423,109.40
2021,3,CAK,SEA,2055,14,325.45,UA,0.6466,340.38,AA,0.3383,301.14
2021,3,CLE,SEA,2055,233,293.86,UA,0.3142,314.20,WN,0.1452,264.61
2021,3,CAK,BNA,448,11,212.87,AA,0.7551,228.13,UA,0.2245,159.86
2021,3,CLE,BNA,448,323,164.05,WN,0.8015,162.90,G4,0.0532,75.38
2021,3,CAK,DCA,314,19,134.90,AA,0.9884,135.07,AA,0.9884,135.07
2021,3,CAK,IAD,314,14,136.48,UA,1.0000,136.48,UA,1.0000,136.48
2021,3,CLE,BWI,314,186,140.18,WN,0.9732,138.34,WN,0.9732,138.34
2021,3,CLE,DCA,314,118,155.64,AA,0.9347,153.67,AA,0.9347,153.67
2021,3,CLE,IAD,314,123,168.55,UA,0.9867,168.41,UA,0.9867,168.41
2021,3,CAK,STL,498,10,225.42,AA,0.6889,233.66,UA,0.3111,207.16
2021,3,CLE,STL,498,167,183.30,WN,0.7554,176.73,WN,0.7554,176.73
2021,3,CAK,MYR,557,23,127.57,AA,0.4481,171.28,NK,0.4481,75.40
2021,3,CLE,MYR,557,165,110.28,NK,0.4717,79.73,NK,0.4717,79.73
2021,3,CAK,HOU,1106,0,372.33,AA,1.0000,372.33,AA,1.0000,372.33
2021,3,CAK,IAH,1106,13,268.45,UA,0.5122,304.52,AA,0.4634,232.63
2021,3,CLE,HOU,1106,53,225.37,WN,0.7336,214.67,WN,0.7336,214.67
2021,3,CLE,IAH,1106,315,258.20,UA,0.7191,281.22,NK,0.0660,96.93
2021,3,CAK,MCO,895,56,122.68,NK,0.6934,72.59,NK,0.6934,72.59
2021,3,CLE,MCO,895,880,118.37,F9,0.3294,82.21,NK,0.1878,81.75
2021,3,CAK,MSP,657,7,209.91,UA,0.5373,220.83,AA,0.4627,197.22
2021,3,CLE,MSP,657,278,245.02,DL,0.8406,253.45,WN,0.0544,176.91
2021,3,CAK,EWR,459,1,321.43,UA,1.0000,321.43,UA,1.0000,321.43
2021,3,CAK,HPN,459,0,153.57,AA,1.0000,153.57,AA,1.0000,153.57
2021,3,CAK,JFK,459,0,610.00,AA,1.0000,610.00,AA,1.0000,610.00
2021,3,CAK,LGA,459,4,245.17,AA,1.0000,245.17,AA,1.0000,245.17
2021,3,CLE,EWR,459,380,193.10,UA,0.9917,191.71,UA,0.9917,191.71
2021,3,CLE,HPN,459,2,177.09,AA,0.8333,183.81,AA,0.8333,183.81
2021,3,CLE,ISP,459,8,177.22,WN,0.7600,149.66,WN,0.7600,149.66
2021,3,CLE,JFK,459,100,199.46,DL,0.9227,201.18,AA,0.0196,158.18
2021,3,CLE,LGA,459,460,185.22,DL,0.5871,199.75,AA,0.3973,163.36
2021,3,CLE,SWF,459,1,236.25,AA,1.0000,236.25,AA,1.0000,236.25
2021,3,CAK,RSW,1025,13,206.07,AA,0.6466,230.89,UA,0.3534,160.68
2021,3,CLE,RSW,1025,429,127.37,UA,0.4065,153.55,F9,0.3247,79.91
2021,3,CAK,LAS,1846,19,307.14,UA,0.4888,321.65,AA,0.4494,314.59
2021,3,CLE,LAS,1846,891,177.32,F9,0.3537,109.93,F9,0.3537,109.93
2021,3,CAK,OAK,2187,0,80.00,NK,1.0000,80.00,NK,1.0000,80.00
2021,3,CAK,SFO,2187,7,382.16,AA,0.4627,382.71,AA,0.4627,382.71
2021,3,CAK,SJC,2187,0,266.50,AA,0.5000,328.00,UA,0.5000,205.00
2021,3,CLE,OAK,2187,38,265.05,WN,0.7627,299.24,NK,0.1780,124.82
2021,3,CLE,SFO,2187,307,355.52,UA,0.7489,368.17,DL,0.1015,354.42
2021,3,CLE,SJC,2187,42,313.89,WN,0.5260,275.20,WN,0.5260,275.20
2021,3,CAK,FLL,1080,12,176.41,AA,0.7477,179.77,UA,0.2252,173.72
2021,3,CAK,MIA,1080,10,206.65,AA,0.7957,205.70,UA,0.1935,203.06
2021,3,CLE,FLL,1080,473,132.93,NK,0.3938,81.38,NK,0.3938,81.38
2021,3,CLE,MIA,1080,197,165.11,AA,0.6155,170.83,F9,0.1232,82.61
2021,3,CAK,BUR,2073,0,369.33,AA,1.0000,369.33,AA,1.0000,369.33
2021,3,CAK,LAX,2073,13,327.59,AA,0.6198,330.00,UA,0.3471,326.02
2021,3,CAK,LGB,2073,0,369.67,AA,1.0000,369.67,AA,1.0000,369.67
2021,3,CAK,ONT,2073,2,375.01,AA,1.0000,375.01,AA,1.0000,375.01
2021,3,CAK,SNA,2073,2,353.18,UA,0.8500,367.39,AA,0.1500,272.67
2021,3,CLE,BUR,2073,26,315.31,WN,0.5787,285.81,WN,0.5787,285.81
2021,3,CLE,LAX,2073,673,240.80,UA,0.4508,292.98,NK,0.3193,127.73
2021,3,CLE,LGB,2073,15,234.36,WN,0.8309,217.43,WN,0.8309,217.43
2021,3,CLE,ONT,2073,46,301.12,AA,0.3943,299.31,WN,0.3444,277.68
2021,3,CLE,SNA,2073,82,325.11,UA,0.3108,346.29,WN,0.2712,270.13
2021,3,CAK,TPA,932,26,204.48,AA,0.8536,209.31,UA,0.1381,175.68
2021,3,CLE,PIE,932,35,75.17,G4,1.0000,75.17,G4,1.0000,75.17
2021,3,CLE,TPA,932,491,119.02,F9,0.3513,87.05,NK,0.2538,83.68
2021,3,CAK,SAN,2045,10,374.36,AA,0.4891,311.87,AA,0.4891,311.87
2021,3,CLE,SAN,2045,199,301.27,UA,0.2810,340.90,WN,0.2674,279.54
2021,3,CAK,PHL,363,2,167.21,UA,0.7857,176.73,AA,0.2143,132.33
2021,3,CLE,PHL,363,198,216.76,AA,0.9290,218.24,UA,0.0352,179.51
2021,3,CAK,SRQ,967,16,178.80,AA,0.8231,178.26,AA,0.8231,178.26
2021,3,CLE,SRQ,967,161,133.65,F9,0.2765,81.42,F9,0.2765,81.42
2021,3,BNA,PHX,1449,707,230.34,WN,0.7142,225.53,WN,0.7142,225.53
2021,3,BNA,BWI,587,525,182.48,WN,0.9305,181.20,WN,0.9305,181.20
2021,3,BNA,DCA,587,600,172.70,WN,0.6039,162.24,WN,0.6039,162.24
2021,3,BNA,IAD,587,175,199.78,UA,0.8934,199.69,WN,0.0267,153.99
2021,3,BNA,EWR,803,729,174.41,UA,0.8666,181.18,NK,0.1049,97.05
2021,3,BNA,HPN,803,9,236.13,AA,0.5190,227.98,AA,0.5190,227.98
2021,3,BNA,ISP,803,105,184.16,WN,0.9917,183.80,WN,0.9917,183.80
2021,3,BNA,JFK,803,283,184.45,DL,0.5503,204.21,B6,0.3989,157.88
2021,3,BNA,LGA,803,1062,172.81,DL,0.3935,200.49,NK,0.1109,98.98
2021,3,BNA,SWF,803,1,230.72,AA,1.0000,230.72,AA,1.0000,230.72
2021,3,BNA,OAK,1969,220,255.51,WN,0.9339,257.74,NK,0.0178,102.25
2021,3,BNA,SFO,1969,261,295.86,UA,0.5736,299.80,WN,0.1360,244.65
2021,3,BNA,SJC,1969,192,239.09,WN,0.7534,238.93,AS,0.0465,185.54
2021,3,BNA,PIE,612,45,81.91,G4,1.0000,81.91,G4,1.0000,81.91
2021,3,BNA,TPA,612,551,172.38,WN,0.7936,166.79,WN,0.7936,166.79
2021,3,BOI,DAL,1282,47,176.77,WN,0.9562,176.35,WN,0.9562,176.35
2021,3,BOI,DFW,1282,197,195.54,AA,0.8127,193.15,AA,0.8127,193.15
2021,3,BOI,AZA,749,13,83.21,G4,1.0000,83.21,G4,1.0000,83.21
2021,3,BOI,PHX,749,415,129.66,WN,0.5311,127.49,AA,0.3995,124.84
2021,3,BOI,MDW,1448,42,175.03,WN,0.9793,173.98,WN,0.9793,173.98
2021,3,BOI,ORD,1448,195,211.59,UA,0.5767,220.01,AS,0.2153,183.27
2021,3,BOI,EWR,2167,46,329.44,UA,0.4573,388.71,DL,0.3626,284.14
2021,3,BOI,HPN,2167,2,319.75,UA,0.6000,366.63,DL,0.3333,218.60
2021,3,BOI,JFK,2167,96,200.71,B6,0.6870,151.94,B6,0.6870,151.94
2021,3,BOI,LGA,2167,37,283.09,DL,0.3982,296.49,WN,0.1003,216.59
2021,3,BOI,OAK,523,221,123.69,WN,0.9597,121.62,WN,0.9597,121.62
2021,3,BOI,SFO,523,249,132.77,UA,0.6523,142.12,AS,0.3163,109.10
2021,3,BOI,SJC,523,175,140.22,AS,0.4813,144.06,WN,0.4595,131.84
2021,3,BOI,BUR,688,65,151.28,WN,0.7383,145.32,WN,0.7383,145.32
2021,3,BOI,LAX,688,575,123.44,AS,0.5458,123.76,AS,0.5458,123.76
2021,3,BOI,LGB,688,34,122.43,WN,0.7581,109.54,WN,0.7581,109.54
2021,3,BOI,ONT,688,92,164.78,WN,0.5130,152.46,WN,0.5130,152.46
2021,3,BOI,SNA,688,254,136.61,WN,0.7300,132.01,G4,0.0680,76.75
2021,3,BOS,DAL,1562,59,250.53,WN,0.8404,248.96,WN,0.8404,248.96
2021,3,BOS,DFW,1562,1314,259.52,AA,0.7652,274.33,B6,0.1781,203.57
2021,3,MHT,DAL,1562,20,274.56,WN,1.0000,274.56,WN,1.0000,274.56
2021,3,MHT,DFW,1562,25,334.68,AA,0.9185,340.31,UA,0.0644,265.00
2021,3,PVD,DAL,1562,39,238.88,WN,0.9003,234.79,WN,0.9003,234.79
2021,3,PVD,DFW,1562,60,309.12,AA,0.6127,322.97,DL,0.2909,290.07
2021,3,BOS,PIT,496,523,210.18,DL,0.4497,191.52,DL,0.4497,191.52
2021,3,MHT,PIT,496,20,192.51,AA,0.5722,205.85,WN,0.3556,166.90
2021,3,PVD,PIT,496,32,229.99,AA,0.5920,247.41,WN,0.1940,188.03
2021,3,BOS,DEN,1754,1960,273.53,UA,0.4734,299.20,WN,0.2224,236.27
2021,3,MHT,DEN,1754,66,300.03,WN,0.6361,274.25,WN,0.6361,274.25
2021,3,PVD,DEN,1754,108,290.82,WN,0.3845,286.50,WN,0.3845,286.50
2021,3,BOS,PHX,2300,995,277.55,AA,0.5577,291.78,B6,0.2952,240.78
2021,3,MHT,PHX,2300,49,303.46,WN,0.5673,274.08,WN,0.5673,274.08
2021,3,PVD,PHX,2300,85,316.16,AA,0.3882,348.12,WN,0.3470,291.13
2021,3,BOS,SEA,2496,1483,303.52,DL,0.3738,294.72,DL,0.3738,294.72
2021,3,MHT,SEA,2496,17,329.41,AA,0.5096,331.29,AA,0.5096,331.29
2021,3,PVD,SEA,2496,48,352.78,AA,0.3348,366.36,WN,0.1765,326.78
2021,3,BOS,CAK,563,6,213.54,AA,0.6780,217.06,UA,0.2881,211.04
2021,3,BOS,CLE,563,564,177.60,B6,0.4678,174.01,DL,0.4331,173.74
2021,3,MHT,CAK,563,2,264.63,UA,0.7368,265.07,AA,0.2632,263.40
2021,3,MHT,CLE,563,17,209.36,WN,0.4605,196.57,WN,0.4605,196.57
2021,3,PVD,CAK,563,3,282.93,AA,0.7308,291.95,UA,0.2692,258.47
2021,3,PVD,CLE,563,24,236.67,AA,0.3779,263.70,WN,0.3088,181.73
2021,3,BOS,BNA,942,996,204.54,DL,0.3551,219.31,WN,0.3120,188.74
2021,3,MHT,BNA,942,38,248.91,WN,0.5156,218.70,WN,0.5156,218.70
2021,3,PVD,BNA,942,80,229.95,WN,0.4402,212.22,WN,0.4402,212.22
2021,3,BOS,BUF,395,209,191.61,B6,0.7930,187.51,B6,0.7930,187.51
2021,3,MHT,BUF,395,8,250.17,WN,0.4714,258.83,UA,0.1286,232.67
2021,3,PVD,BUF,395,11,253.17,AA,0.5556,249.11,DL,0.1313,233.15
2021,3,BOS,BZN,1991,188,290.51,B6,0.3358,316.87,AA,0.2382,239.32
2021,3,MHT,BZN,1991,9,289.87,AA,0.5647,269.73,AA,0.5647,269.73
2021,3,PVD,BZN,1991,12,310.69,AA,0.4107,302.00,AA,0.4107,302.00
2021,3,BOS,BWI,418,631,176.19,WN,0.9909,175.84,WN,0.9909,175.84
2021,3,BOS,DCA,418,1945,166.98,AA,0.4724,174.14,DL,0.1992,154.66
2021,3,BOS,IAD,418,330,188.15,UA,0.9845,188.08,UA,0.9845,188.08
2021,3,MHT,BWI,418,239,171.93,WN,0.9932,171.56,WN,0.9932,171.56
2021,3,MHT,DCA,418,109,202.80,AA,0.9870,202.80,AA,0.9870,202.80
2021,3,MHT,IAD,418,63,199.21,UA,0.9810,199.99,UA,0.9810,199.99
2021,3,PVD,BWI,418,227,190.03,WN,0.9995,189.99,WN,0.9995,189.99
2021,3,PVD,DCA,418,183,225.09,AA,0.9947,225.43,AA,0.9947,225.43
2021,3,PVD,IAD,418,58,240.61,UA,0.9869,239.70,UA,0.9869,239.70
2021,3,BOS,MDW,867,422,187.32,WN,0.9742,187.87,DL,0.0227,165.81
2021,3,BOS,ORD,867,2433,198.46,UA,0.3256,216.68,B6,0.1752,173.58
2021,3,MHT,MDW,867,97,203.15,WN,1.0000,203.15,WN,1.0000,203.15
2021,3,MHT,ORD,867,83,263.33,AA,0.9215,266.07,WN,0.0510,233.36
2021,3,PVD,MDW,867,110,212.59,WN,0.9793,212.43,WN,0.9793,212.43
2021,3,PVD,ORD,867,214,265.31,AA,0.7011,270.10,UA,0.2374,255.01
2021,3,BOS,CHS,836,544,194.16,B6,0.4911,192.14,B6,0.4911,192.14
2021,3,MHT,CHS,836,25,199.17,WN,0.5628,183.75,UA,0.1039,165.06
2021,3,PVD,CHS,836,48,233.33,AA,0.4205,236.65,WN,0.2864,218.07
2021,3,BOS,CLT,737,1086,183.10,AA,0.7473,186.38,B6,0.2226,166.35
2021,3,MHT,CLT,737,121,226.59,AA,0.9108,230.17,UA,0.0216,182.08
2021,3,PVD,CLT,737,209,228.08,AA,0.9006,232.18,F9,0.0135,59.04
2021,3,BOS,CMH,640,362,218.12,DL,0.6658,231.13,AA,0.2538,184.69
2021,3,MHT,CMH,640,27,224.29,WN,0.5410,201.24,WN,0.5410,201.24
2021,3,PVD,CMH,640,37,255.86,AA,0.3947,272.42,WN,0.3412,212.65
2021,3,BOS,STL,1047,379,262.23,WN,0.6727,261.42,AA,0.1694,253.62
2021,3,MHT,STL,1047,36,274.57,WN,0.5957,269.15,WN,0.5957,269.15
2021,3,PVD,STL,1047,49,248.67,WN,0.4600,237.05,WN,0.4600,237.05
2021,3,BOS,MYR,756,302,121.82,NK,0.7212,89.44,NK,0.7212,89.44
2021,3,MHT,MYR,756,26,205.29,WN,0.4896,185.90,WN,0.4896,185.90
2021,3,PVD,MYR,756,46,165.42,AA,0.3222,209.39,F9,0.3103,72.10
2021,3,BOS,JAX,1028,571,176.19,B6,0.4977,167.15,B6,0.4977,167.15
2021,3,MHT,JAX,1028,28,220.05,WN,0.5257,204.76,WN,0.5257,204.76
2021,3,PVD,JAX,1028,57,216.87,AA,0.4583,242.35,WN,0.2803,191.22
2021,3,BOS,DTW,632,970,190.58,DL,0.7583,195.24,B6,0.1950,170.76
2021,3,MHT,DTW,632,20,220.95,AA,0.6000,232.17,WN,0.3278,200.51
2021,3,PVD,DTW,632,108,242.01,DL,0.8960,243.47,WN,0.0374,207.27
2021,3,BOS,HOU,1609,77,254.75,WN,0.7333,245.27,WN,0.7333,245.27
2021,3,BOS,IAH,1609,856,269.94,UA,0.6961,287.62,B6,0.1589,224.77
2021,3,MHT,HOU,1609,17,278.83,WN,0.9874,278.12,WN,0.9874,278.12
2021,3,MHT,IAH,1609,16,302.40,AA,0.5455,298.37,WN,0.1189,244.76
2021,3,PVD,HOU,1609,38,264.67,WN,0.8473,251.47,WN,0.8473,251.47
2021,3,PVD,IAH,1609,41,306.38,AA,0.4000,288.66,DL,0.2526,285.49
2021,3,BOS,MCO,1142,2730,168.27,B6,0.4080,191.33,NK,0.1267,96.95
2021,3,MHT,MCO,1142,263,203.43,WN,0.9272,197.88,WN,0.9272,197.88
2021,3,PVD,MCO,1142,848,174.34,WN,0.5296,191.13,F9,0.1360,97.88
2021,3,BOS,MSP,1124,1277,211.60,DL,0.6584,236.42,SY,0.1863,130.56
2021,3,MHT,MSP,1124,24,239.91,WN,0.6221,215.82,WN,0.6221,215.82
2021,3,PVD,MSP,1124,148,164.69,SY,0.5437,112.02,SY,0.5437,112.02
2021,3,BOS,EWR,200,558,153.93,UA,0.7384,163.35,B6,0.1758,147.10
2021,3,BOS,HPN,200,0,491.50,B6,1.0000,491.50,B6,1.0000,491.50
2021,3,BOS,ISP,200,1,243.00,AA,1.0000,243.00,AA,1.0000,243.00
2021,3,BOS,JFK,200,228,208.88,B6,0.4704,186.92,B6,0.4704,186.92
2021,3,BOS,LGA,200,512,185.95,DL,0.5657,197.54,AA,0.4024,172.90
2021,3,MHT,ISP,200,0,260.20,AA,1.0000,260.20,AA,1.0000,260.20
2021,3,PVD,EWR,200,6,280.35,UA,1.0000,280.35,UA,1.0000,280.35
2021,3,BOS,RSW,1271,728,212.25,B6,0.7228,210.53,AA,0.1053,205.76
2021,3,MHT,RSW,1271,42,210.22,WN,0.5221,199.69,WN,0.5221,199.69
2021,3,PVD,RSW,1271,100,208.41,WN,0.4978,193.86,WN,0.4978,193.86
2021,3,BOS,LAS,2381,1127,291.01,B6,0.5339,309.57,DL,0.2724,307.56
2021,3,MHT,LAS,2381,37,298.79,WN,0.6549,264.14,WN,0.6549,264.14
2021,3,PVD,LAS,2381,75,296.19,WN,0.3718,284.22,WN,0.3718,284.22
2021,3,BOS,IND,818,438,197.23,DL,0.5222,214.93,AA,0.3530,186.80
2021,3,MHT,IND,818,26,253.09,AA,0.5041,265.73,WN,0.4380,239.97
2021,3,PVD,IND,818,42,257.85,AA,0.4066,269.38,WN,0.1714,198.26
2021,3,BOS,OAK,2704,51,316.65,WN,0.5494,319.14,WN,0.5494,319.14
2021,3,BOS,SFO,2704,2355,397.02,B6,0.4795,419.18,UA,0.3009,411.61
2021,3,BOS,SJC,2704,293,308.50,B6,0.6287,317.16,DL,0.1461,288.81
2021,3,MHT,OAK,2704,8,326.17,WN,1.0000,326.17,WN,1.0000,326.17
2021,3,MHT,SFO,2704,10,405.26,AA,0.5506,378.59,AA,0.5506,378.59
2021,3,MHT,SJC,2704,5,393.34,WN,0.7551,363.35,WN,0.7551,363.35
2021,3,PVD,OAK,2704,12,342.96,WN,0.9259,340.72,WN,0.9259,340.72
2021,3,PVD,SFO,2704,57,392.13,DL,0.2958,350.00,SY,0.1317,297.81
2021,3,PVD,SJC,2704,8,341.45,WN,0.5479,349.51,DL,0.2603,275.53
2021,3,BOS,FLL,1283,1685,141.39,B6,0.4704,147.28,DL,0.2163,144.45
2021,3,BOS,MIA,1283,1693,146.92,B6,0.3806,127.02,B6,0.3806,127.02
2021,3,MHT,FLL,1283,26,187.66,WN,0.6102,173.84,WN,0.6102,173.84
2021,3,MHT,MIA,1283,12,226.56,AA,0.5413,230.39,WN,0.4128,205.07
2021,3,PVD,FLL,1283,195,180.94,B6,0.5751,158.91,B6,0.5751,158.91
2021,3,PVD,MIA,1283,68,160.59,F9,0.5361,90.21,F9,0.5361,90.21
2021,3,BOS,BUR,2611,52,239.55,AA,0.4470,219.77,AA,0.4470,219.77
2021,3,BOS,LAX,2611,3147,324.62,B6,0.3317,350.52,AA,0.2141,302.84
2021,3,BOS,LGB,2611,20,262.84,WN,0.5936,250.78,DL,0.1123,241.13
2021,3,BOS,ONT,2611,72,325.75,AA,0.4693,306.29,AA,0.4693,306.29
2021,3,BOS,SNA,2611,124,361.21,AA,0.4203,358.56,WN,0.1208,311.20
2021,3,MHT,BUR,2611,3,297.27,WN,0.8333,280.44,WN,0.8333,280.44
2021,3,MHT,LAX,2611,23,354.57,AA,0.5185,365.82,WN,0.3704,325.68
2021,3,MHT,LGB,2611,1,276.48,WN,1.0000,276.48,WN,1.0000,276.48
2021,3,MHT,ONT,2611,3,327.72,WN,0.6000,334.59,AA,0.4000,317.40
2021,3,MHT,SNA,2611,7,354.52,WN,0.5082,323.26,WN,0.5082,323.26
2021,3,PVD,BUR,2611,5,301.00,WN,0.7447,244.29,WN,0.7447,244.29
2021,3,PVD,LAX,2611,78,344.76,AA,0.3810,365.13,SY,0.1275,241.80
2021,3,PVD,LGB,2611,4,239.43,WN,0.8462,239.12,WN,0.8462,239.12
2021,3,PVD,ONT,2611,12,416.56,AA,0.4375,410.22,WN,0.1786,390.12
2021,3,PVD,SNA,2611,22,388.10,AA,0.4179,386.79,WN,0.1592,327.48
2021,3,BOS,SDF,829,119,246.97,AA,0.3890,231.70,AA,0.3890,231.70
2021,3,MHT,SDF,829,26,237.72,WN,0.5000,219.90,WN,0.5000,219.90
2021,3,PVD,SDF,829,35,271.72,AA,0.3600,273.42,WN,0.2523,222.05
2021,3,BOS,CVG,752,339,257.72,DL,0.7733,271.40,AA,0.1584,211.14
2021,3,MHT,CVG,752,23,206.83,AA,0.5721,219.54,UA,0.1023,185.87
2021,3,PVD,CVG,752,57,171.22,G4,0.4280,72.79,G4,0.4280,72.79
2021,3,BOS,SMF,2636,299,302.18,B6,0.3406,291.29,WN,0.1341,283.72
2021,3,MHT,SMF,2636,13,350.72,WN,0.5169,336.85,WN,0.5169,336.85
2021,3,PVD,SMF,2636,23,366.58,WN,0.3803,349.15,AA,0.2347,332.72
2021,3,BOS,TPA,1204,1243,196.99,DL,0.4469,194.03,DL,0.4469,194.03
2021,3,MHT,TPA,1204,109,228.79,WN,0.7869,219.67,WN,0.7869,219.67
2021,3,PVD,TPA,1204,381,179.13,WN,0.6970,197.68,F9,0.2052,84.56
2021,3,BOS,MCI,1256,343,240.97,DL,0.6579,244.09,WN,0.1516,234.96
2021,3,MHT,MCI,1256,35,253.14,WN,0.6380,234.68,WN,0.6380,234.68
2021,3,PVD,MCI,1256,51,261.53,WN,0.4979,229.50,WN,0.4979,229.50
2021,3,BOS,SAT,1764,218,257.94,AA,0.4778,245.43,WN,0.1686,228.13
2021,3,MHT,SAT,1764,26,260.40,WN,0.6942,246.80,WN,0.6942,246.80
2021,3,PVD,SAT,1764,40,256.18,WN,0.3710,239.67,WN,0.3710,239.67
2021,3,BOS,MKE,860,175,261.76,DL,0.5719,269.18,WN,0.1307,227.52
2021,3,MHT,MKE,860,22,247.56,WN,0.6600,224.50,WN,0.6600,224.50
2021,3,PVD,MKE,860,33,264.06,WN,0.3742,232.31,WN,0.3742,232.31
2021,3,BOS,MSY,1371,348,218.52,B6,0.5988,206.39,B6,0.5988,206.39
2021,3,MHT,MSY,1371,11,264.41,WN,0.5490,238.98,UA,0.1176,211.50
2021,3,PVD,MSY,1371,33,317.21,DL,0.3377,356.81,WN,0.2649,269.52
2021,3,BOS,SAN,2588,1111,326.19,B6,0.5378,356.48,AS,0.1854,292.77
2021,3,MHT,SAN,2588,34,318.12,WN,0.4791,294.94,WN,0.4791,294.94
2021,3,PVD,SAN,2588,82,349.32,AA,0.3709,367.39,DL,0.2000,276.96
2021,3,BOS,ORF,487,215,184.15,DL,0.4505,191.44,G4,0.1187,78.67
2021,3,BOS,PHF,487,8,224.30,AA,1.0000,224.30,AA,1.0000,224.30
2021,3,MHT,ORF,487,46,192.46,AA,0.4692,218.97,WN,0.3886,167.34
2021,3,MHT,PHF,487,3,254.91,AA,0.9583,259.06,AA,0.9583,259.06
2021,3,PVD,ORF,487,58,223.03,AA,0.5599,239.53,WN,0.3352,205.82
2021,3,PVD,PHF,487,3,261.20,AA,1.0000,261.20,AA,1.0000,261.20
2021,3,BOS,PBI,1222,614,196.99,B6,0.8830,195.00,UA,0.0209,159.87
2021,3,MHT,PBI,1222,24,228.98,WN,0.5388,203.18,WN,0.5388,203.18
2021,3,PVD,PBI,1222,81,213.47,B6,0.2934,127.34,B6,0.2934,127.34
2021,3,BOS,PDX,2537,644,308.48,AS,0.3748,333.55,DL,0.1697,287.03
2021,3,MHT,PDX,2537,18,339.53,WN,0.6442,314.32,WN,0.6442,314.32
2021,3,PVD,PDX,2537,30,351.17,WN,0.3429,364.11,DL,0.2964,330.56
2021,3,BOS,PHL,289,911,169.38,AA,0.6439,173.88,B6,0.3095,163.67
2021,3,MHT,PHL,289,74,218.40,AA,0.9765,219.00,UA,0.0147,185.30
2021,3,PVD,PHL,289,72,230.88,AA,0.9653,236.18,F9,0.0317,62.19
2021,3,BOS,RDU,625,973,204.66,DL,0.5331,206.21,B6,0.3740,203.61
2021,3,MHT,RDU,625,42,226.64,WN,0.4635,213.70,WN,0.4635,213.70
2021,3,PVD,RDU,625,67,229.95,AA,0.4314,236.83,WN,0.4134,228.37
2021,3,BOS,RIC,487,510,179.22,B6,0.5135,180.64,DL,0.4246,175.49
2021,3,MHT,RIC,487,9,233.98,AA,0.7975,242.45,UA,0.1899,202.43
2021,3,PVD,RIC,487,16,231.20,AA,0.7778,247.56,UA,0.2083,171.63
2021,3,BOS,SLC,2105,761,279.37,DL,0.6578,304.61,B6,0.2272,220.68
2021,3,MHT,SLC,2105,27,292.82,WN,0.6071,268.73,WN,0.6071,268.73
2021,3,PVD,SLC,2105,30,314.13,WN,0.3464,264.56,WN,0.3464,264.56
2021,3,BOS,SAV,917,325,192.42,B6,0.6622,191.27,AA,0.1395,180.37
2021,3,MHT,SAV,917,17,219.39,AA,0.4843,254.61,UA,0.1509,171.46
2021,3,PVD,SAV,917,35,210.39,AA,0.4151,209.35,UA,0.1038,186.28
2021,3,BOS,SRQ,1240,164,172.81,G4,0.2821,98.14,G4,0.2821,98.14
2021,3,MHT,SRQ,1240,32,221.98,WN,0.6780,193.95,WN,0.6780,193.95
2021,3,PVD,SRQ,1240,33,228.06,WN,0.4886,196.50,WN,0.4886,196.50
2021,3,BTV,BWI,441,1,282.69,AA,0.9167,286.10,AA,0.9167,286.10
2021,3,BTV,DCA,441,112,231.59,AA,0.9709,231.27,AA,0.9709,231.27
2021,3,BTV,IAD,441,63,258.36,UA,0.9794,258.55,UA,0.9794,258.55
2021,3,BUF,DAL,1212,38,234.66,WN,0.8290,230.88,WN,0.8290,230.88
2021,3,BUF,DFW,1212,159,284.38,AA,0.8007,295.09,DL,0.1370,256.71
2021,3,BUF,BWI,296,161,148.18,WN,0.9886,147.92,WN,0.9886,147.92
2021,3,BUF,DCA,296,110,170.33,AA,0.9369,169.05,AA,0.9369,169.05
2021,3,BUF,IAD,296,76,172.51,UA,0.9813,171.17,UA,0.9813,171.17
2021,3,BUF,MDW,473,121,153.63,WN,0.9838,153.04,WN,0.9838,153.04
2021,3,BUF,ORD,473,210,188.35,UA,0.5316,179.75,UA,0.5316,179.75
2021,3,BUF,EWR,326,141,191.15,UA,0.9846,189.40,UA,0.9846,189.40
2021,3,BUF,HPN,326,0,225.67,AA,1.0000,225.67,AA,1.0000,225.67
2021,3,BUF,ISP,326,9,195.26,WN,0.8941,188.93,WN,0.8941,188.93
2021,3,BUF,JFK,326,535,186.95,B6,0.5972,185.13,B6,0.5972,185.13
2021,3,BUF,LGA,326,71,174.07,DL,0.8995,175.00,AA,0.0670,155.95
2021,3,BUF,SWF,326,0,206.00,AA,1.0000,206.00,AA,1.0000,206.00
2021,3,BUF,FLL,1185,290,176.55,WN,0.5564,174.80,AA,0.1416,164.02
2021,3,BUF,MIA,1185,129,178.14,AA,0.4389,183.21,F9,0.1432,149.29
2021,3,BUF,BUR,2218,14,310.20,WN,0.8182,289.32,WN,0.8182,289.32
2021,3,BUF,LAX,2218,323,270.59,B6,0.5770,258.18,B6,0.5770,258.18
2021,3,BUF,LGB,2218,9,244.26,WN,0.8810,220.34,WN,0.8810,220.34
2021,3,BUF,ONT,2218,24,312.47,WN,0.5180,311.71,DL,0.1216,277.12
2021,3,BUF,SNA,2218,36,306.33,AA,0.4079,323.52,WN,0.2870,283.40
2021,3,BUF,TPA,1053,268,170.94,WN,0.5392,187.19,F9,0.2056,74.08
2021,3,BZN,DAL,1172,34,199.04,WN,0.9811,199.18,AS,0.0158,191.54
2021,3,BZN,DFW,1172,163,232.00,AA,0.8497,233.53,AS,0.0279,186.81
2021,3,BZN,BWI,1805,54,269.58,WN,0.3133,243.06,AA,0.1446,237.47
2021,3,BZN,DCA,1805,45,256.84,AA,0.3883,230.98,AA,0.3883,230.98
2021,3,BZN,IAD,1805,117,265.20,UA,0.8829,262.87,WN,0.0409,201.65
2021,3,BZN,MDW,1198,18,218.02,WN,0.9752,216.31,WN,0.9752,216.31
2021,3,BZN,ORD,1198,229,218.05,UA,0.5540,231.37,AA,0.3464,198.00
2021,3,BZN,EWR,1931,144,309.48,UA,0.8410,316.81,AA,0.0460,219.90
2021,3,BZN,HPN,1931,3,306.59,AA,0.6429,332.34,UA,0.1786,248.00
2021,3,BZN,ISP,1931,0,498.25,AA,1.0000,498.25,AA,1.0000,498.25
2021,3,BZN,JFK,1931,145,228.96,DL,0.6285,246.84,B6,0.3124,188.17
2021,3,BZN,LGA,1931,57,273.39,AA,0.4297,241.97,AA,0.4297,241.97
2021,3,BZN,OAK,807,34,204.75,WN,0.3839,212.56,G4,0.1645,97.98
2021,3,BZN,SFO,807,155,245.65,UA,0.6403,279.35,AS,0.1281,174.23
2021,3,BZN,SJC,807,32,224.49,DL,0.4730,231.50,WN,0.2601,194.42
2021,3,BZN,BUR,908,19,152.81,DL,0.3943,187.74,WN,0.3886,112.75
2021,3,BZN,LAX,908,244,157.99,AS,0.3367,143.50,B6,0.1216,133.38
2021,3,BZN,LGB,908,4,231.97,DL,0.4857,324.18,AA,0.1143,143.00
2021,3,BZN,ONT,908,21,186.95,DL,0.3770,192.25,WN,0.3455,163.56
2021,3,BZN,SNA,908,50,195.58,WN,0.3312,155.21,WN,0.3312,155.21
2021,3,BWI,PBI,883,276,190.11,WN,0.9088,186.71,WN,0.9088,186.71
2021,3,DCA,PBI,883,285,179.92,AA,0.6478,175.74,AA,0.6478,175.74
2021,3,IAD,PBI,883,102,192.88,UA,0.8036,190.51,UA,0.8036,190.51
2021,3,MDW,COS,917,118,134.19,WN,0.9935,134.15,WN,0.9935,134.15
2021,3,ORD,COS,917,156,183.67,UA,0.6909,184.32,UA,0.6909,184.32
2021,3,MDW,DAL,801,919,134.17,WN,0.9957,133.94,WN,0.9957,133.94
2021,3,MDW,DFW,801,10,186.40,DL,0.9783,186.91,DL,0.9783,186.91
2021,3,ORD,DAL,801,494,116.96,WN,0.9861,116.57,WN,0.9861,116.57
2021,3,ORD,DFW,801,2230,153.65,AA,0.7628,158.17,UA,0.1613,157.25
2021,3,MDW,PIT,413,234,146.05,WN,0.9893,145.57,WN,0.9893,145.57
2021,3,ORD,PIT,413,418,182.39,AA,0.5290,182.16,AA,0.5290,182.16
2021,3,MDW,DEN,895,874,142.30,WN,0.9915,141.83,WN,0.9915,141.83
2021,3,ORD,DEN,895,2989,149.75,UA,0.4718,168.66,WN,0.2189,120.97
2021,3,MDW,TUS,1440,72,203.99,WN,0.9834,203.77,WN,0.9834,203.77
2021,3,ORD,TUS,1440,207,245.14,AA,0.7486,237.67,AA,0.7486,237.67
2021,3,MDW,PHX,1444,954,164.49,WN,0.9882,164.45,WN,0.9882,164.45
2021,3,ORD,PHX,1444,2507,167.36,AA,0.5485,173.06,WN,0.1315,151.72
2021,3,MDW,BDL,783,139,207.35,WN,0.9789,206.47,WN,0.9789,206.47
2021,3,ORD,BDL,783,382,246.53,AA,0.5139,243.77,AA,0.5139,243.77
2021,3,MDW,SEA,1733,235,183.07,WN,0.9811,181.00,WN,0.9811,181.00
2021,3,ORD,SEA,1733,2183,188.23,AS,0.3590,192.05,UA,0.2481,185.10
2021,3,MDW,ELP,1237,43,193.05,WN,0.9925,192.12,WN,0.9925,192.12
2021,3,ORD,ELP,1237,275,188.83,AA,0.6996,177.30,AA,0.6996,177.30
2021,3,MDW,CLE,343,207,149.16,WN,0.9900,148.93,WN,0.9900,148.93
2021,3,ORD,CAK,343,41,190.31,UA,0.9867,191.04,UA,0.9867,191.04
2021,3,ORD,CLE,343,530,170.57,UA,0.6941,168.35,UA,0.6941,168.35
2021,3,MDW,BNA,409,472,142.26,WN,0.9878,141.63,WN,0.9878,141.63
2021,3,ORD,BNA,409,967,146.97,AA,0.3906,149.90,WN,0.3234,127.32
2021,3,MDW,BWI,621,534,150.41,WN,0.9849,150.04,WN,0.9849,150.04
2021,3,MDW,DCA,621,421,156.62,WN,0.9791,155.39,WN,0.9791,155.39
2021,3,MDW,IAD,621,161,141.23,WN,0.9751,139.70,WN,0.9751,139.70
2021,3,ORD,BWI,621,798,158.18,WN,0.4515,136.53,WN,0.4515,136.53
2021,3,ORD,DCA,621,1285,178.22,AA,0.6238,176.52,AA,0.6238,176.52
2021,3,ORD,IAD,621,462,194.02,UA,0.9718,193.28,UA,0.9718,193.28
2021,3,MDW,CMH,296,218,152.18,WN,0.9846,151.35,WN,0.9846,151.35
2021,3,ORD,CMH,296,414,166.12,AA,0.4932,156.85,AA,0.4932,156.85
2021,3,MDW,STL,258,248,150.78,WN,0.9996,150.70,WN,0.9996,150.70
2021,3,ORD,STL,258,332,150.54,AA,0.5522,146.11,AA,0.5522,146.11
2021,3,MDW,MYR,753,240,118.24,WN,0.9837,117.39,WN,0.9837,117.39
2021,3,ORD,MYR,753,314,130.31,AA,0.3463,153.49,NK,0.2693,77.59
2021,3,MDW,JAX,864,121,182.15,WN,0.9183,175.64,WN,0.9183,175.64
2021,3,ORD,JAX,864,398,201.28,UA,0.4950,200.05,AA,0.4426,199.57
2021,3,MDW,DTW,235,169,150.12,DL,0.5293,157.00,WN,0.4700,142.29
2021,3,ORD,DTW,235,505,164.72,DL,0.5496,161.94,DL,0.5496,161.94
2021,3,MDW,HOU,945,794,136.32,WN,0.9966,136.26,WN,0.9966,136.26
2021,3,MDW,IAH,945,290,121.02,WN,0.9756,119.92,WN,0.9756,119.92
2021,3,ORD,HOU,945,53,146.68,WN,0.7243,136.46,WN,0.7243,136.46
2021,3,ORD,IAH,945,1783,148.00,UA,0.6705,160.44,AA,0.2406,130.03
2021,3,MDW,MCO,1005,1377,131.61,WN,0.9861,130.68,WN,0.9861,130.68
2021,3,ORD,MCO,1005,2560,132.32,UA,0.3800,145.57,NK,0.1021,74.50
2021,3,MDW,VPS,796,85,132.27,WN,0.8688,136.04,G4,0.0968,77.43
2021,3,ORD,VPS,796,132,146.99,AA,0.6878,141.20,AA,0.6878,141.20
2021,3,MDW,FAT,1738,18,242.69,WN,0.9938,240.55,WN,0.9938,240.55
2021,3,ORD,FAT,1738,183,235.61,AA,0.6081,214.24,AA,0.6081,214.24
2021,3,MDW,MSP,349,573,124.21,WN,0.6050,118.35,WN,0.6050,118.35
2021,3,ORD,MSP,349,1374,127.76,DL,0.3826,140.85,SY,0.1010,81.82
2021,3,MDW,EWR,773,13,240.47,DL,0.9918,241.26,DL,0.9918,241.26
2021,3,MDW,HPN,773,1,323.80,DL,1.0000,323.80,DL,1.0000,323.80
2021,3,MDW,ISP,773,23,185.27,WN,0.9904,184.69,WN,0.9904,184.69
2021,3,MDW,JFK,773,4,189.33,DL,1.0000,189.33,DL,1.0000,189.33
2021,3,MDW,LGA,773,500,192.12,WN,0.9957,191.80,WN,0.9957,191.80
2021,3,ORD,EWR,773,1831,238.64,UA,0.6111,251.88,AA,0.3287,220.26
2021,3,ORD,HPN,773,193,232.17,UA,0.5818,220.95,UA,0.5818,220.95
2021,3,ORD,ISP,773,22,193.58,WN,0.7805,175.41,WN,0.7805,175.41
2021,3,ORD,JFK,773,717,226.35,DL,0.5112,238.37,AA,0.2560,212.43
2021,3,ORD,LGA,773,3129,213.08,DL,0.3903,220.07,UA,0.2599,206.96
2021,3,ORD,SWF,773,2,223.55,AA,1.0000,223.55,AA,1.0000,223.55
2021,3,MDW,RSW,1120,542,117.40,WN,0.9924,117.01,WN,0.9924,117.01
2021,3,ORD,RSW,1120,988,134.27,UA,0.4899,147.36,AA,0.4124,125.28
2021,3,MDW,GSP,577,23,200.28,WN,0.6286,177.21,WN,0.6286,177.21
2021,3,ORD,GSP,577,182,219.78,UA,0.5024,231.05,AA,0.3847,205.32
2021,3,MDW,GEG,1511,47,210.01,WN,0.9651,207.29,WN,0.9651,207.29
2021,3,ORD,GEG,1511,131,247.04,AA,0.3788,253.25,DL,0.1439,218.09
2021,3,MDW,LAS,1521,1263,180.92,WN,0.9910,180.92,WN,0.9910,180.92
2021,3,ORD,LAS,1521,2703,174.44,AA,0.3680,189.94,NK,0.1726,104.53
2021,3,MDW,OAK,1855,322,234.91,WN,0.9970,234.74,WN,0.9970,234.74
2021,3,MDW,SFO,1855,146,215.17,WN,0.9755,214.14,WN,0.9755,214.14
2021,3,MDW,SJC,1855,207,242.89,WN,0.9974,243.01,WN,0.9974,243.01
2021,3,ORD,OAK,1855,152,146.60,NK,0.7625,118.46,NK,0.7625,118.46
2021,3,ORD,SFO,1855,2286,281.54,UA,0.5628,303.59,AA,0.3057,262.22
2021,3,ORD,SJC,1855,148,254.54,AA,0.4864,243.54,WN,0.2059,236.22
2021,3,MDW,FLL,1197,532,112.44,WN,0.9851,111.03,WN,0.9851,111.03
2021,3,MDW,MIA,1197,333,114.73,WN,0.9830,113.89,WN,0.9830,113.89
2021,3,ORD,FLL,1197,1366,123.01,UA,0.5615,131.95,NK,0.1343,79.94
2021,3,ORD,MIA,1197,1548,142.39,AA,0.6762,148.97,UA,0.2579,134.94
2021,3,MDW,BUR,1750,109,226.66,WN,0.9950,226.59,WN,0.9950,226.59
2021,3,MDW,LAX,1750,712,189.49,WN,0.9744,188.30,WN,0.9744,188.30
2021,3,MDW,LGB,1750,135,158.64,WN,0.9911,158.70,WN,0.9911,158.70
2021,3,MDW,ONT,1750,132,214.65,WN,0.9884,214.70,WN,0.9884,214.70
2021,3,MDW,SNA,1750,109,229.34,WN,0.9790,227.47,WN,0.9790,227.47
2021,3,ORD,BUR,1750,38,235.96,AA,0.3971,231.33,WN,0.3246,223.58
2021,3,ORD,LAX,1750,4041,200.80,AA,0.4688,207.55,NK,0.1269,103.23
2021,3,ORD,LGB,1750,23,187.60,WN,0.6161,176.25,WN,0.6161,176.25
2021,3,ORD,ONT,1750,243,170.55,AA,0.4615,198.98,F9,0.3688,80.76
2021,3,ORD,SNA,1750,740,267.23,AA,0.6994,264.63,AA,0.6994,264.63
2021,3,MDW,SDF,286,98,137.95,WN,0.9933,138.10,WN,0.9933,138.10
2021,3,ORD,SDF,286,190,148.96,UA,0.5264,146.49,UA,0.5264,146.49
2021,3,MDW,CVG,264,71,130.46,WN,0.9601,126.87,WN,0.9601,126.87
2021,3,ORD,CVG,264,342,155.93,AA,0.5262,150.88,AA,0.5262,150.88
2021,3,MDW,SMF,1790,173,257.69,WN,0.9912,257.51,WN,0.9912,257.51
2021,3,ORD,SMF,1790,472,266.67,UA,0.6459,279.75,AA,0.2302,252.69
2021,3,MDW,TPA,1011,793,120.62,WN,0.9877,119.91,WN,0.9877,119.91
2021,3,ORD,TPA,1011,1307,130.32,UA,0.5115,134.34,UA,0.5115,134.34
2021,3,MDW,MCI,405,391,164.97,WN,0.9942,164.72,WN,0.9942,164.72
2021,3,ORD,MCI,405,572,158.26,UA,0.5126,155.36,UA,0.5126,155.36
2021,3,MDW,SAT,1041,181,207.24,WN,0.9718,206.90,WN,0.9718,206.90
2021,3,ORD,SAT,1041,426,216.30,AA,0.6496,208.30,AA,0.6496,208.30
2021,3,MDW,MEM,491,198,131.71,WN,0.9720,130.27,WN,0.9720,130.27
2021,3,ORD,MEM,491,329,160.01,AA,0.5291,157.10,AA,0.5291,157.10
2021,3,MDW,OMA,423,194,147.52,WN,0.9888,146.62,WN,0.9888,146.62
2021,3,ORD,OMA,423,262,161.29,AA,0.5427,159.43,AA,0.5427,159.43
2021,3,MDW,MSY,836,347,144.22,WN,0.9831,142.81,WN,0.9831,142.81
2021,3,ORD,MSY,836,569,146.10,AA,0.5167,144.18,AA,0.5167,144.18
2021,3,MDW,SAN,1728,493,190.79,WN,0.9951,190.59,WN,0.9951,190.59
2021,3,ORD,SAN,1728,1407,209.68,UA,0.5114,220.00,AA,0.3743,213.25
2021,3,MDW,ORF,717,137,149.62,WN,0.9730,148.02,WN,0.9730,148.02
2021,3,ORD,ORF,717,366,171.18,UA,0.7127,166.30,UA,0.7127,166.30
2021,3,ORD,PHF,717,7,193.64,AA,0.9538,191.86,AA,0.9538,191.86
2021,3,MDW,PNS,794,69,159.41,WN,0.9089,151.64,WN,0.9089,151.64
2021,3,ORD,PNS,794,200,165.82,AA,0.4421,163.84,AA,0.4421,163.84
2021,3,MDW,OKC,693,86,172.83,WN,0.9708,172.05,WN,0.9708,172.05
2021,3,ORD,OKC,693,241,181.89,AA,0.5183,184.97,UA,0.4574,177.27
2021,3,MDW,PBI,1143,13,211.66,DL,0.5042,236.41,WN,0.4790,186.40
2021,3,ORD,PBI,1143,317,189.41,AA,0.5785,182.18,AA,0.5785,182.18
2021,3,MDW,PDX,1751,152,234.64,WN,0.9821,232.11,WN,0.9821,232.11
2021,3,ORD,PDX,1751,963,235.36,UA,0.5007,242.22,AS,0.2916,217.48
2021,3,MDW,PHL,678,338,175.42,WN,0.9601,175.60,DL,0.0396,170.95
2021,3,ORD,PHL,678,1570,185.35,AA,0.7344,187.35,UA,0.2463,178.95
2021,3,MDW,PWM,900,52,217.38,WN,0.9748,215.44,WN,0.9748,215.44
2021,3,ORD,PWM,900,283,234.43,AA,0.4819,225.48,AA,0.4819,225.48
2021,3,MDW,RDU,646,305,158.82,WN,0.9616,157.00,WN,0.9616,157.00
2021,3,ORD,RDU,646,690,182.74,AA,0.5730,183.62,UA,0.3575,177.96
2021,3,MDW,RIC,642,100,140.53,WN,0.9629,138.12,WN,0.9629,138.12
2021,3,ORD,RIC,642,294,182.98,UA,0.5415,183.69,AA,0.4093,176.80
2021,3,MDW,RNO,1680,71,237.77,WN,0.9969,238.13,WN,0.9969,238.13
2021,3,ORD,RNO,1680,220,259.54,AA,0.7290,245.96,AA,0.7290,245.96
2021,3,MDW,SLC,1259,189,153.26,WN,0.9897,151.90,WN,0.9897,151.90
2021,3,ORD,SLC,1259,894,168.78,DL,0.4746,166.07,AA,0.2504,160.11
2021,3,MDW,SAV,773,122,143.55,WN,0.8901,145.24,G4,0.0500,63.57
2021,3,ORD,SAV,773,330,167.68,UA,0.6391,169.98,AA,0.3053,158.25
2021,3,MDW,SRQ,1050,156,147.72,WN,0.9778,146.29,WN,0.9778,146.29
2021,3,ORD,SRQ,1050,235,180.98,UA,0.4815,190.34,AA,0.4510,165.88
2021,3,MDW,SYR,607,2,279.75,DL,1.0000,279.75,DL,1.0000,279.75
2021,3,ORD,SYR,607,181,258.21,UA,0.5745,249.57,UA,0.5745,249.57
2021,3,MDW,TYS,475,21,113.16,G4,0.8053,75.06,G4,0.8053,75.06
2021,3,ORD,TYS,475,252,167.74,UA,0.5879,168.89,AA,0.3827,160.61
2021,3,CHS,DAL,987,101,179.42,WN,0.9407,176.29,WN,0.9407,176.29
2021,3,CHS,DFW,987,235,205.21,AA,0.9191,204.32,UA,0.0176,198.32
2021,3,CHS,BWI,472,374,140.01,WN,0.9334,136.68,WN,0.9334,136.68
2021,3,CHS,DCA,472,295,166.15,AA,0.9542,165.51,AA,0.9542,165.51
2021,3,CHS,IAD,472,186,151.98,UA,0.9567,149.47,UA,0.9567,149.47
2021,3,CHS,MDW,760,186,151.64,WN,0.9656,149.08,WN,0.9656,149.08
2021,3,CHS,ORD,760,394,179.71,UA,0.6272,177.55,UA,0.6272,177.55
2021,3,CHS,HOU,928,77,182.99,WN,0.8820,177.07,WN,0.8820,177.07
2021,3,CHS,IAH,928,160,215.70,UA,0.8120,214.62,AA,0.0736,194.07
2021,3,CHS,EWR,677,486,168.27,UA,0.6771,171.07,B6,0.2795,154.90
2021,3,CHS,HPN,677,11,222.13,AA,0.7273,223.25,AA,0.7273,223.25
2021,3,CHS,ISP,677,19,177.33,WN,0.9086,169.17,WN,0.9086,169.17
2021,3,CHS,JFK,677,661,149.04,B6,0.5982,135.69,B6,0.5982,135.69
2021,3,CHS,LGA,677,388,156.46,DL,0.4849,176.51,B6,0.4007,129.97
2021,3,CHS,SWF,677,1,250.80,AA,1.0000,250.80,AA,1.0000,250.80
2021,3,CHS,FLL,489,144,143.12,B6,0.4917,133.37,3M,0.1508,94.55
2021,3,CHS,MIA,489,111,173.40,AA,0.7664,171.01,AA,0.7664,171.01
2021,3,CHS,BUR,2206,11,216.93,WN,0.6768,186.10,WN,0.6768,186.10
2021,3,CHS,LAX,2206,293,206.14,B6,0.5670,161.80,B6,0.5670,161.80
2021,3,CHS,LGB,2206,6,184.98,WN,0.7966,163.96,WN,0.7966,163.96
2021,3,CHS,ONT,2206,22,262.32,AA,0.5072,253.91,WN,0.1691,192.34
2021,3,CHS,SNA,2206,38,283.27,AA,0.3314,294.06,WN,0.1686,201.64
2021,3,CID,AZA,1252,128,88.71,G4,1.0000,88.71,G4,1.0000,88.71
2021,3,CID,PHX,1252,99,195.67,AA,0.8293,189.91,F9,0.0142,97.92
2021,3,CLT,DAL,936,106,180.23,WN,0.9304,180.01,WN,0.9304,180.01
2021,3,CLT,DFW,936,813,207.73,AA,0.9649,209.12,DL,0.0196,163.09
2021,3,CLT,PHX,1773,599,243.30,AA,0.8621,247.64,F9,0.0129,91.04
2021,3,CLT,CAK,430,82,184.32,AA,0.9868,184.61,UA,0.0119,162.33
2021,3,CLT,CLE,430,247,198.65,AA,0.8501,203.88,UA,0.0268,156.65
2021,3,CLT,BWI,361,525,143.31,AA,0.6136,146.97,WN,0.3725,135.96
2021,3,CLT,DCA,361,400,166.49,AA,0.9796,166.32,AA,0.9796,166.32
2021,3,CLT,IAD,361,199,161.31,UA,0.5093,147.97,UA,0.5093,147.97
2021,3,CLT,MDW,599,144,149.77,WN,0.9345,146.00,WN,0.9345,146.00
2021,3,CLT,ORD,599,1017,171.32,AA,0.8761,168.80,AA,0.8761,168.80
2021,3,CLT,HOU,920,51,199.31,WN,0.6816,185.56,WN,0.6816,185.56
2021,3,CLT,IAH,920,533,200.46,AA,0.6399,194.13,AA,0.6399,194.13
2021,3,CLT,EWR,575,830,191.65,AA,0.7377,185.99,AA,0.7377,185.99
2021,3,CLT,HPN,575,85,263.27,AA,0.9552,264.42,AA,0.9552,264.42
2021,3,CLT,ISP,575,40,193.05,WN,0.8342,180.95,WN,0.8342,180.95
2021,3,CLT,JFK,575,660,182.74,AA,0.4920,185.08,B6,0.1314,171.81
2021,3,CLT,LGA,575,1196,179.99,AA,0.5739,181.24,AA,0.5739,181.24
2021,3,CLT,SWF,575,2,220.26,AA,1.0000,220.26,AA,1.0000,220.26
2021,3,CLT,OAK,2296,32,253.38,WN,0.5185,242.10,WN,0.5185,242.10
2021,3,CLT,SFO,2296,546,303.43,AA,0.8757,304.25,F9,0.0155,106.82
2021,3,CLT,SJC,2296,55,308.10,AA,0.3683,334.94,WN,0.2851,266.61
2021,3,CLT,FLL,650,506,157.47,AA,0.8478,162.17,NK,0.0940,99.40
2021,3,CLT,MIA,650,704,162.94,AA,0.9665,162.36,AA,0.9665,162.36
2021,3,CLT,BUR,2125,28,260.99,AA,0.5155,289.11,WN,0.2016,229.63
2021,3,CLT,LAX,2125,846,276.10,AA,0.8812,276.95,WN,0.0188,253.06
2021,3,CLT,LGB,2125,10,258.56,AA,0.4894,265.56,WN,0.4043,233.21
2021,3,CLT,ONT,2125,131,274.93,AA,0.7149,284.38,DL,0.1239,284.12
2021,3,CLT,SNA,2125,94,301.88,AA,0.6325,318.84,WN,0.1071,250.19
2021,3,CLT,TPA,507,491,163.40,AA,0.9234,163.19,AA,0.9234,163.19
2021,3,CMH,DAL,926,129,192.08,WN,0.9689,190.55,WN,0.9689,190.55
2021,3,CMH,DFW,926,389,213.79,AA,0.9351,213.45,UA,0.0165,190.89
2021,3,CMH,DEN,1154,627,193.10,WN,0.5464,192.98,F9,0.1357,86.84
2021,3,CMH,PHX,1670,418,248.59,AA,0.4909,259.58,WN,0.4088,229.84
2021,3,CMH,SEA,2016,378,251.22,AS,0.5063,272.01,AA,0.1717,229.85
2021,3,CMH,BWI,337,178,149.93,WN,0.9683,148.77,WN,0.9683,148.77
2021,3,CMH,DCA,337,214,147.75,AA,0.9518,146.07,AA,0.9518,146.07
2021,3,CMH,IAD,337,92,165.00,UA,0.9529,163.30,UA,0.9529,163.30
2021,3,CMH,MYR,488,140,124.26,WN,0.7140,118.01,WN,0.7140,118.01
2021,3,LCK,MYR,488,61,77.33,G4,1.0000,77.33,G4,1.0000,77.33
2021,3,CMH,HOU,1001,127,204.00,WN,0.9085,198.16,WN,0.9085,198.16
2021,3,CMH,IAH,1001,210,236.93,UA,0.8082,239.41,NK,0.0176,108.38
2021,3,CMH,MCO,802,719,146.84,WN,0.7353,150.69,NK,0.1122,79.97
2021,3,CMH,MSP,626,306,234.55,DL,0.7736,246.85,WN,0.1010,192.79
2021,3,CMH,EWR,519,207,225.52,UA,0.9071,222.31,UA,0.9071,222.31
2021,3,CMH,HPN,519,4,218.86,AA,0.7879,211.94,AA,0.7879,211.94
2021,3,CMH,ISP,519,10,199.43,WN,0.7708,182.42,WN,0.7708,182.42
2021,3,CMH,JFK,519,23,219.93,AA,0.7346,209.25,AA,0.7346,209.25
2021,3,CMH,LGA,519,578,194.77,DL,0.5607,203.31,AA,0.4171,183.72
2021,3,CMH,SWF,519,0,287.00,AA,1.0000,287.00,AA,1.0000,287.00
2021,3,CMH,RSW,930,347,161.87,WN,0.7506,163.08,NK,0.0614,76.17
2021,3,CMH,LAS,1771,615,201.55,WN,0.5447,228.06,NK,0.2717,110.45
2021,3,CMH,OAK,2120,74,244.16,WN,0.8130,263.59,NK,0.1414,118.82
2021,3,CMH,SFO,2120,187,304.82,AA,0.3176,273.84,WN,0.1257,249.76
2021,3,CMH,SJC,2120,70,290.11,WN,0.5179,277.08,WN,0.5179,277.08
2021,3,CMH,FLL,990,318,144.67,WN,0.5929,154.34,NK,0.2698,90.10
2021,3,CMH,MIA,990,219,160.76,AA,0.7592,160.74,WN,0.1336,145.25
2021,3,LCK,FLL,990,13,71.89,G4,1.0000,71.89,G4,1.0000,71.89
2021,3,CMH,BUR,1995,42,242.48,WN,0.6777,229.48,WN,0.6777,229.48
2021,3,CMH,LAX,1995,484,196.12,NK,0.4499,95.65,NK,0.4499,95.65
2021,3,CMH,LGB,1995,22,217.96,WN,0.7685,198.73,WN,0.7685,198.73
2021,3,CMH,ONT,1995,61,286.63,AA,0.4794,292.34,WN,0.3627,256.74
2021,3,CMH,SNA,1995,92,282.59,AA,0.4026,283.14,WN,0.3373,263.70
2021,3,CMH,TPA,829,452,150.40,WN,0.7472,146.40,NK,0.0716,72.19
2021,3,LCK,PIE,829,73,74.65,G4,1.0000,74.65,G4,1.0000,74.65
2021,3,CMH,SAN,1964,181,276.24,WN,0.3760,266.64,WN,0.3760,266.64
2021,3,CMH,PHL,406,227,217.42,AA,0.9330,218.80,UA,0.0239,186.88
2021,3,CMH,SRQ,869,163,147.35,WN,0.7623,139.04,WN,0.7623,139.04
2021,3,LCK,SRQ,869,51,76.27,G4,1.0000,76.27,G4,1.0000,76.27
2021,3,STL,BWI,738,373,189.95,WN,0.9122,186.89,WN,0.9122,186.89
2021,3,STL,DCA,738,432,177.94,AA,0.5447,179.91,WN,0.4116,173.39
2021,3,STL,IAD,738,124,207.22,UA,0.8360,206.90,WN,0.0789,188.39
2021,3,STL,TPA,869,441,174.20,WN,0.8342,169.62,WN,0.8342,169.62
2021,3,MYR,BWI,399,277,113.59,WN,0.7608,119.87,NK,0.2042,76.37
2021,3,MYR,DCA,399,79,144.41,AA,0.9738,142.79,AA,0.9738,142.79
2021,3,MYR,IAD,399,68,146.44,UA,0.9538,145.07,UA,0.9538,145.07
2021,3,MYR,EWR,601,446,122.41,UA,0.5661,145.69,NK,0.4149,86.51
2021,3,MYR,HPN,601,5,239.44,AA,0.7609,243.37,DL,0.2391,226.91
2021,3,MYR,ISP,601,80,99.91,F9,0.8315,81.35,F9,0.8315,81.35
2021,3,MYR,JFK,601,9,204.19,AA,0.8193,187.40,AA,0.8193,187.40
2021,3,MYR,LGA,601,350,123.28,NK,0.5295,88.55,NK,0.5295,88.55
2021,3,MYR,SWF,601,111,78.48,G4,0.9990,78.37,G4,0.9990,78.37
2021,3,JAX,BWI,663,344,172.22,WN,0.8873,167.03,WN,0.8873,167.03
2021,3,JAX,DCA,663,367,164.78,AA,0.6418,181.63,WN,0.2972,122.52
2021,3,JAX,IAD,663,218,164.15,UA,0.9342,160.55,WN,0.0150,126.10
2021,3,JAX,EWR,869,528,166.17,UA,0.7241,164.61,B6,0.2335,160.63
2021,3,JAX,HPN,869,16,233.13,AA,0.5931,213.55,AA,0.5931,213.55
2021,3,JAX,ISP,869,25,185.21,WN,0.9478,181.14,WN,0.9478,181.14
2021,3,JAX,JFK,869,685,158.08,B6,0.5912,149.54,B6,0.5912,149.54
2021,3,JAX,LGA,869,214,191.51,DL,0.8629,192.72,WN,0.0188,166.72
2021,3,JAX,SWF,869,1,297.60,AA,1.0000,297.60,AA,1.0000,297.60
2021,3,JAX,FLL,335,199,105.76,B6,0.8305,106.79,3M,0.1454,88.74
2021,3,JAX,MIA,335,150,166.28,AA,0.9725,166.02,AA,0.9725,166.02
2021,3,JAX,BUR,2153,13,228.60,AA,0.4957,237.64,WN,0.4444,220.33
2021,3,JAX,LAX,2153,299,205.28,B6,0.4649,164.79,B6,0.4649,164.79
2021,3,JAX,LGB,2153,7,196.76,WN,0.5758,150.21,WN,0.5758,150.21
2021,3,JAX,ONT,2153,38,281.78,AA,0.6340,262.43,WN,0.1470,224.25
2021,3,JAX,SNA,2153,41,284.99,AA,0.4312,279.72,UA,0.1481,267.53
2021,3,DTW,PHX,1671,1018,254.07,DL,0.7148,264.87,AA,0.1606,243.15
2021,3,DTW,BWI,409,492,145.13,DL,0.5602,156.74,WN,0.4274,129.62
2021,3,DTW,DCA,409,590,149.39,DL,0.7601,150.39,AA,0.2246,146.08
2021,3,DTW,IAD,409,252,152.36,DL,0.6172,152.52,UA,0.3699,151.52
2021,3,DTW,HOU,1092,134,164.70,WN,0.8587,158.30,WN,0.8587,158.30
2021,3,DTW,IAH,1092,823,171.84,DL,0.4155,196.47,NK,0.1854,100.74
2021,3,DTW,EWR,540,566,219.19,DL,0.6662,226.82,UA,0.3264,202.19
2021,3,DTW,HPN,540,40,225.82,DL,0.9258,228.26,AA,0.0412,204.98
2021,3,DTW,ISP,540,7,226.22,WN,0.6154,182.16,WN,0.6154,182.16
2021,3,DTW,JFK,540,303,228.65,DL,0.6577,244.59,B6,0.2313,198.48
2021,3,DTW,LGA,540,1131,186.01,DL,0.7152,206.32,NK,0.1553,107.89
2021,3,DTW,SWF,540,1,242.33,AA,1.0000,242.33,AA,1.0000,242.33
2021,3,DTW,OAK,2079,160,201.42,NK,0.6182,138.19,NK,0.6182,138.19
2021,3,DTW,SFO,2079,775,342.67,DL,0.8508,350.40,F9,0.0140,104.79
2021,3,DTW,SJC,2079,88,325.53,DL,0.5670,350.18,WN,0.2208,277.69
2021,3,DTW,FLL,1145,1049,135.94,DL,0.8116,145.35,NK,0.1591,84.22
2021,3,DTW,MIA,1145,572,149.75,DL,0.6577,161.46,AA,0.2700,128.86
2021,3,DTW,BUR,1979,46,252.71,WN,0.4558,233.64,AA,0.2434,229.48
2021,3,DTW,LAX,1979,1539,256.26,DL,0.6279,316.76,NK,0.2928,121.12
2021,3,DTW,LGB,1979,18,237.83,WN,0.5758,175.44,WN,0.5758,175.44
2021,3,DTW,ONT,1979,88,296.34,DL,0.3650,362.11,WN,0.2022,241.72
2021,3,DTW,SNA,1979,172,274.64,DL,0.3829,337.53,WN,0.1234,239.52
2021,3,DTW,TPA,983,980,141.35,DL,0.8202,149.93,NK,0.0985,72.77
2021,3,DTW,ORF,529,185,200.21,DL,0.7628,210.63,AA,0.1277,175.62
2021,3,DTW,PHF,529,7,189.25,AA,0.9848,189.55,AA,0.9848,189.55
2021,3,DSM,AZA,1149,87,87.03,G4,1.0000,87.03,G4,1.0000,87.03
2021,3,DSM,PHX,1149,249,195.59,AA,0.8324,195.29,WN,0.0799,189.99
2021,3,DSM,BWI,910,39,226.91,DL,0.3268,221.86,WN,0.2648,213.47
2021,3,DSM,DCA,910,138,222.76,AA,0.8386,219.58,AA,0.8386,219.58
2021,3,DSM,IAD,910,18,247.28,UA,0.4146,277.75,AA,0.1768,224.12
2021,3,DSM,BUR,1447,20,248.21,WN,0.4889,229.56,WN,0.4889,229.56
2021,3,DSM,LAX,1447,152,187.45,G4,0.4043,97.69,G4,0.4043,97.69
2021,3,DSM,LGB,1447,7,247.57,WN,0.6567,232.82,WN,0.6567,232.82
2021,3,DSM,ONT,1447,32,279.27,AA,0.4089,301.26,WN,0.2062,214.83
2021,3,DSM,SNA,1447,47,259.10,UA,0.3479,262.94,WN,0.2558,223.58
2021,3,DSM,PIE,1127,124,103.70,G4,1.0000,103.70,G4,1.0000,103.70
2021,3,DSM,TPA,1127,65,198.82,AA,0.3032,204.04,UA,0.2462,175.98
2021,3,HOU,PIT,1131,75,235.53,WN,0.8813,226.62,WN,0.8813,226.62
2021,3,IAH,PIT,1131,357,255.43,UA,0.8249,263.74,NK,0.0314,106.15
2021,3,HOU,AZA,1020,15,83.41,G4,1.0000,83.41,G4,1.0000,83.41
2021,3,HOU,PHX,1020,434,166.51,WN,0.9802,165.58,WN,0.9802,165.58
2021,3,IAH,PHX,1020,593,180.05,UA,0.6325,185.94,AA,0.2787,175.97
2021,3,HOU,SEA,1894,87,231.94,WN,0.8454,223.71,WN,0.8454,223.71
2021,3,IAH,SEA,1894,894,238.94,UA,0.5291,253.04,AS,0.3219,226.49
2021,3,HOU,BNA,670,382,160.48,WN,0.9695,159.15,WN,0.9695,159.15
2021,3,IAH,BNA,670,511,165.64,UA,0.6355,177.23,WN,0.3275,140.42
2021,3,HOU,BWI,1246,558,183.32,WN,0.9731,182.58,AA,0.0109,181.37
2021,3,HOU,DCA,1246,227,213.05,WN,0.9445,210.45,WN,0.9445,210.45
2021,3,HOU,IAD,1246,17,221.50,WN,0.6667,222.76,AA,0.1282,188.50
2021,3,IAH,BWI,1246,516,169.41,NK,0.3954,106.86,NK,0.3954,106.86
2021,3,IAH,DCA,1246,398,263.30,UA,0.8138,270.12,WN,0.0470,209.82
2021,3,IAH,IAD,1246,371,265.34,UA,0.9488,266.89,WN,0.0111,196.72
2021,3,HOU,STL,687,364,168.21,WN,0.9651,166.27,WN,0.9651,166.27
2021,3,IAH,STL,687,259,186.85,UA,0.8371,185.24,WN,0.0630,171.07
2021,3,HOU,JAX,817,92,192.97,WN,0.8651,186.26,WN,0.8651,186.26
2021,3,IAH,JAX,817,195,219.17,UA,0.8397,220.44,AA,0.0654,197.31
2021,3,HOU,MCO,854,611,150.17,WN,0.9733,148.94,WN,0.9733,148.94
2021,3,IAH,MCO,854,1366,143.87,UA,0.6124,165.60,NK,0.1859,85.28
2021,3,HOU,ECP,572,113,167.03,WN,0.9740,165.14,WN,0.9740,165.14
2021,3,IAH,ECP,572,104,186.73,UA,0.9213,185.26,WN,0.0325,163.54
2021,3,HOU,MSP,1057,111,163.24,WN,0.8641,159.64,AA,0.0909,151.35
2021,3,IAH,MSP,1057,583,177.90,DL,0.4891,186.64,DL,0.4891,186.64
2021,3,HOU,EWR,1465,12,242.17,DL,0.6147,261.67,AA,0.3211,208.06
2021,3,HOU,HPN,1465,2,300.17,DL,0.8889,317.12,AA,0.1111,164.50
2021,3,HOU,ISP,1465,18,214.66,WN,0.9939,214.98,WN,0.9939,214.98
2021,3,HOU,JFK,1465,9,242.72,DL,0.7500,242.92,DL,0.7500,242.92
2021,3,HOU,LGA,1465,267,197.38,WN,0.9018,194.67,WN,0.9018,194.67
2021,3,HOU,SWF,1465,0,253.50,AA,1.0000,253.50,AA,1.0000,253.50
2021,3,IAH,EWR,1465,1300,219.83,UA,0.7621,242.42,NK,0.1972,128.15
2021,3,IAH,HPN,1465,8,287.07,AA,0.4474,249.47,AA,0.4474,249.47
2021,3,IAH,ISP,1465,9,196.58,WN,0.8313,191.80,WN,0.8313,191.80
2021,3,IAH,JFK,1465,291,204.73,B6,0.7640,198.54,B6,0.7640,198.54
2021,3,IAH,LGA,1465,1275,218.11,UA,0.5094,228.44,DL,0.4125,206.21
2021,3,IAH,SWF,1465,1,231.67,AA,1.0000,231.67,AA,1.0000,231.67
2021,3,HOU,LAS,1235,783,187.51,WN,0.9844,187.07,WN,0.9844,187.07
2021,3,IAH,LAS,1235,1702,176.87,UA,0.5186,221.63,NK,0.2533,103.26
2021,3,HOU,IND,861,138,190.23,WN,0.8982,184.49,WN,0.8982,184.49
2021,3,IAH,IND,861,245,222.68,UA,0.8488,222.22,AA,0.0634,214.51
2021,3,HOU,OAK,1649,309,209.94,WN,0.9951,210.11,WN,0.9951,210.11
2021,3,HOU,SFO,1649,45,227.26,WN,0.8523,213.78,WN,0.8523,213.78
2021,3,HOU,SJC,1649,152,220.37,WN,0.9864,219.38,WN,0.9864,219.38
2021,3,IAH,OAK,1649,68,168.66,NK,0.5096,100.94,NK,0.5096,100.94
2021,3,IAH,SFO,1649,738,273.41,UA,0.9021,281.01,F9,0.0274,101.91
2021,3,IAH,SJC,1649,134,284.53,UA,0.8052,290.54,WN,0.0695,227.17
2021,3,HOU,FLL,966,377,130.78,WN,0.9680,129.10,WN,0.9680,129.10
2021,3,HOU,MIA,966,374,134.68,WN,0.9753,133.27,WN,0.9753,133.27
2021,3,IAH,FLL,966,814,144.75,UA,0.6852,159.44,NK,0.2583,97.02
2021,3,IAH,MIA,966,949,158.31,AA,0.5858,148.17,AA,0.5858,148.17
2021,3,HOU,BUR,1390,102,166.88,WN,0.9629,165.78,WN,0.9629,165.78
2021,3,HOU,LAX,1390,577,163.07,WN,0.9659,162.10,WN,0.9659,162.10
2021,3,HOU,LGB,1390,129,143.72,WN,0.9958,143.67,WN,0.9958,143.67
2021,3,HOU,ONT,1390,108,196.43,WN,0.9093,191.52,WN,0.9093,191.52
2021,3,HOU,SNA,1390,109,200.64,WN,0.9510,199.77,WN,0.9510,199.77
2021,3,IAH,BUR,1390,24,188.88,WN,0.4055,174.15,WN,0.4055,174.15
2021,3,IAH,LAX,1390,2135,164.91,UA,0.4710,191.54,NK,0.1913,98.79
2021,3,IAH,LGB,1390,15,178.04,WN,0.4604,166.27,WN,0.4604,166.27
2021,3,IAH,ONT,1390,117,240.77,UA,0.4968,267.05,WN,0.1421,198.53
2021,3,IAH,SNA,1390,273,250.38,UA,0.8927,253.02,NK,0.0107,92.22
2021,3,HOU,LBB,474,77,160.55,WN,0.8901,157.05,WN,0.8901,157.05
2021,3,IAH,LBB,474,106,191.61,UA,0.6138,205.46,WN,0.1843,156.58
2021,3,HOU,SDF,803,41,217.16,WN,0.7166,209.89,WN,0.7166,209.89
2021,3,IAH,SDF,803,144,228.14,UA,0.7547,234.08,AA,0.0996,211.85
2021,3,HOU,MAF,441,231,152.01,WN,0.9882,151.86,WN,0.9882,151.86
2021,3,IAH,MAF,441,271,178.34,UA,0.9539,178.82,WN,0.0216,156.89
2021,3,HOU,SMF,1624,139,242.55,WN,0.9538,238.17,WN,0.9538,238.17
2021,3,IAH,SMF,1624,250,267.55,UA,0.7707,282.61,F9,0.0100,84.43
2021,3,HOU,TPA,787,316,138.36,WN,0.9618,134.53,WN,0.9618,134.53
2021,3,IAH,TPA,787,458,146.12,UA,0.7537,155.05,NK,0.1115,84.75
2021,3,HOU,MCI,666,195,182.26,WN,0.9347,182.30,WN,0.9347,182.30
2021,3,IAH,MCI,666,277,181.54,UA,0.8699,180.98,UA,0.8699,180.98
2021,3,HOU,MEM,484,125,142.80,WN,0.9163,139.46,WN,0.9163,139.46
2021,3,IAH,MEM,484,264,165.12,UA,0.9028,165.34,WN,0.0173,133.23
2021,3,HOU,OMA,804,108,174.18,WN,0.9608,172.34,WN,0.9608,172.34
2021,3,IAH,OMA,804,149,197.63,UA,0.9047,197.43,WN,0.0306,174.44
2021,3,HOU,MKE,1004,102,192.29,WN,0.9501,189.22,WN,0.9501,189.22
2021,3,IAH,MKE,1004,171,234.30,UA,0.8241,234.63,NK,0.0108,117.71
2021,3,HOU,MSY,305,319,134.22,WN,0.9928,134.10,WN,0.9928,134.10
2021,3,IAH,MSY,305,443,132.73,UA,0.6949,141.76,WN,0.2534,115.49
2021,3,HOU,SAN,1313,298,195.32,WN,0.9731,194.08,WN,0.9731,194.08
2021,3,IAH,SAN,1313,587,213.50,UA,0.8134,227.82,F9,0.0105,84.16
2021,3,HOU,ORF,1209,58,237.08,WN,0.5914,231.23,WN,0.5914,231.23
2021,3,HOU,PHF,1209,0,417.50,AA,1.0000,417.50,AA,1.0000,417.50
2021,3,IAH,ORF,1209,173,262.01,UA,0.6422,279.51,AA,0.1748,231.30
2021,3,IAH,PHF,1209,9,244.45,AA,0.9875,240.44,AA,0.9875,240.44
2021,3,HOU,PNS,489,79,137.55,WN,0.9435,133.36,WN,0.9435,133.36
2021,3,IAH,PNS,489,153,156.99,UA,0.9226,155.21,WN,0.0142,127.12
2021,3,HOU,OKC,419,187,150.01,WN,0.9703,149.59,WN,0.9703,149.59
2021,3,IAH,OKC,419,227,164.00,UA,0.9478,164.25,AA,0.0507,159.65
2021,3,HOU,PDX,1843,54,252.44,WN,0.8545,247.19,WN,0.8545,247.19
2021,3,IAH,PDX,1843,379,267.39,UA,0.7800,276.46,F9,0.0204,101.78
2021,3,HOU,PHL,1336,80,205.39,WN,0.7336,203.56,DL,0.1216,196.15
2021,3,IAH,PHL,1336,903,184.45,UA,0.5665,193.31,AA,0.3288,180.42
2021,3,HOU,RDU,1050,82,214.19,WN,0.8364,209.66,WN,0.8364,209.66
2021,3,IAH,RDU,1050,321,234.56,UA,0.8010,238.28,WN,0.0355,206.60
2021,3,HOU,RIC,1166,53,229.98,WN,0.6124,214.98,WN,0.6124,214.98
2021,3,IAH,RIC,1166,128,264.92,UA,0.4776,297.20,AA,0.3031,230.34
2021,3,HOU,SLC,1214,152,196.31,WN,0.9444,194.12,WN,0.9444,194.12
2021,3,IAH,SLC,1214,504,222.10,UA,0.5396,232.86,DL,0.3722,220.78
2021,3,HOU,TUL,453,185,150.02,WN,0.9583,149.35,WN,0.9583,149.35
2021,3,IAH,TUL,453,220,159.92,UA,0.9140,159.44,WN,0.0292,156.47
2021,3,HOU,SAV,853,69,171.92,WN,0.8257,170.58,G4,0.0523,84.12
2021,3,IAH,SAV,853,112,197.95,UA,0.8193,197.13,AA,0.0715,174.84
2021,3,MCO,PHX,1849,947,202.17,AA,0.5228,217.39,F9,0.1395,104.77
2021,3,MCO,BWI,787,1915,140.75,WN,0.7377,156.96,NK,0.1760,79.23
2021,3,MCO,DCA,787,1312,139.82,AA,0.5168,146.91,B6,0.1559,123.08
2021,3,MCO,IAD,787,746,146.41,UA,0.8770,150.04,F9,0.0436,78.30
2021,3,MCO,OAK,2446,106,216.32,WN,0.6247,214.74,WN,0.6247,214.74
2021,3,MCO,SFO,2446,787,253.10,UA,0.6738,264.96,F9,0.0152,93.95
2021,3,MCO,SJC,2446,124,250.66,WN,0.4093,229.35,WN,0.4093,229.35
2021,3,ECP,BWI,798,103,166.20,WN,0.8675,159.24,WN,0.8675,159.24
2021,3,ECP,DCA,798,88,196.11,AA,0.7727,186.74,AA,0.7727,186.74
2021,3,ECP,IAD,798,35,185.67,UA,0.7368,178.86,UA,0.7368,178.86
2021,3,VPS,BWI,819,147,155.53,WN,0.7467,151.16,G4,0.0763,71.58
2021,3,VPS,DCA,819,114,198.56,AA,0.8260,195.98,AA,0.8260,195.98
2021,3,VPS,IAD,819,20,216.04,DL,0.4840,215.65,AA,0.3723,211.52
2021,3,EUG,AZA,971,63,77.84,G4,1.0000,77.84,G4,1.0000,77.84
2021,3,EUG,PHX,971,142,195.56,AA,0.5502,218.15,DL,0.1257,153.60
2021,3,EUG,OAK,471,58,113.04,WN,0.5762,111.08,G4,0.3271,79.62
2021,3,EUG,SFO,471,124,175.34,UA,0.9458,174.36,DL,0.0166,148.53
2021,3,EUG,SJC,471,15,218.15,AS,0.7029,211.68,AS,0.7029,211.68
2021,3,EUG,BUR,776,24,136.48,AS,0.4495,142.24,WN,0.2339,100.89
2021,3,EUG,LAX,776,236,164.66,AS,0.4338,162.19,G4,0.1467,86.77
2021,3,EUG,LGB,776,5,180.68,WN,0.6364,151.68,WN,0.6364,151.68
2021,3,EUG,ONT,776,41,178.31,UA,0.3803,171.42,WN,0.1170,137.15
2021,3,EUG,SNA,776,66,196.28,UA,0.3388,201.90,WN,0.1146,138.39
2021,3,EYW,BWI,1050,43,232.00,AA,0.5696,223.39,AA,0.5696,223.39
2021,3,EYW,DCA,1050,97,229.71,AA,0.9406,229.87,AA,0.9406,229.87
2021,3,EYW,IAD,1050,61,221.06,UA,0.8528,217.47,AA,0.0503,214.38
2021,3,EYW,EWR,1248,169,211.66,UA,0.8655,212.90,AA,0.0708,211.54
2021,3,EYW,HPN,1248,2,324.68,AA,0.6087,340.26,DL,0.3043,283.14
2021,3,EYW,ISP,1248,1,282.41,AA,1.0000,282.41,AA,1.0000,282.41
2021,3,EYW,JFK,1248,113,185.49,B6,0.8490,178.72,B6,0.8490,178.72
2021,3,EYW,LGA,1248,120,167.02,DL,0.5922,170.93,AA,0.3942,158.92
2021,3,EYW,SWF,1248,0,258.80,AA,1.0000,258.80,AA,1.0000,258.80
2021,3,FAR,AZA,1225,182,105.68,G4,1.0000,105.68,G4,1.0000,105.68
2021,3,FAR,PHX,1225,36,341.93,DL,0.4451,417.71,AA,0.1707,319.17
2021,3,FCA,BUR,1027,5,278.85,DL,0.6667,299.24,AS,0.3111,244.14
2021,3,FCA,LAX,1027,228,182.35,DL,0.2929,192.01,AS,0.1164,174.88
2021,3,FCA,LGB,1027,1,337.08,DL,1.0000,337.08,DL,1.0000,337.08
2021,3,FCA,ONT,1027,10,285.73,DL,0.6042,302.24,AS,0.2708,245.54
2021,3,FCA,SNA,1027,27,301.54,DL,0.4819,332.98,AS,0.3454,257.14
2021,3,MSP,PHX,1276,1861,141.15,DL,0.6550,144.40,SY,0.1086,96.29
2021,3,MSP,BWI,936,752,140.44,DL,0.4265,165.18,SY,0.1562,98.91
2021,3,MSP,DCA,936,675,171.83,DL,0.7702,170.62,DL,0.7702,170.62
2021,3,MSP,IAD,936,305,186.53,DL,0.5985,186.85,DL,0.5985,186.85
2021,3,MSP,EWR,1057,656,226.74,DL,0.5191,262.51,SY,0.2847,153.47
2021,3,MSP,HPN,1057,10,268.64,AA,0.4737,270.91,DL,0.3684,238.34
2021,3,MSP,ISP,1057,8,209.99,WN,0.9324,206.96,WN,0.9324,206.96
2021,3,MSP,JFK,1057,343,249.02,DL,0.5847,270.56,B6,0.3307,211.93
2021,3,MSP,LGA,1057,723,257.28,DL,0.8959,264.04,AA,0.0666,179.10
2021,3,MSP,SWF,1057,0,209.50,AA,1.0000,209.50,AA,1.0000,209.50
2021,3,MSP,OAK,1589,58,248.23,WN,0.5009,241.02,NK,0.1607,101.93
2021,3,MSP,SFO,1589,1117,233.06,DL,0.5849,275.06,SY,0.3548,154.28
2021,3,MSP,SJC,1589,133,263.20,DL,0.6877,273.96,WN,0.1652,227.66
2021,3,MSP,TPA,1306,784,134.89,DL,0.6948,150.14,SY,0.2315,86.29
2021,3,EWR,PIT,375,146,219.67,UA,0.9776,219.42,UA,0.9776,219.42
2021,3,HPN,PIT,375,1,214.34,AA,0.9091,224.30,AA,0.9091,224.30
2021,3,ISP,PIT,375,5,212.51,WN,0.5745,199.48,WN,0.5745,199.48
2021,3,JFK,PIT,375,177,176.43,DL,0.9563,177.19,DL,0.9563,177.19
2021,3,LGA,PIT,375,433,166.51,DL,0.5958,176.54,AA,0.3964,150.80
2021,3,SWF,PIT,375,1,206.00,AA,1.0000,206.00,AA,1.0000,206.00
2021,3,EWR,PHX,2189,1351,235.93,UA,0.5106,241.60,B6,0.1860,195.57
2021,3,HPN,PHX,2189,17,284.37,AA,0.5500,281.42,UA,0.1000,277.51
2021,3,ISP,PHX,2189,23,284.90,WN,0.7860,283.54,WN,0.7860,283.54
2021,3,JFK,PHX,2189,1178,250.72,DL,0.4254,266.67,B6,0.3391,213.38
2021,3,LGA,PHX,2189,104,289.25,WN,0.3704,258.93,WN,0.3704,258.93
2021,3,SWF,PHX,2189,1,299.25,AA,1.0000,299.25,AA,1.0000,299.25
2021,3,EWR,SEA,2448,1304,253.05,UA,0.5221,254.77,AS,0.3688,252.06
2021,3,HPN,SEA,2448,9,346.00,DL,0.4177,395.12,AA,0.2405,247.94
2021,3,ISP,SEA,2448,3,296.58,AA,0.6800,329.00,WN,0.3200,227.69
2021,3,JFK,SEA,2448,1382,298.27,DL,0.4597,319.52,AS,0.3049,268.74
2021,3,LGA,SEA,2448,46,313.90,DL,0.3059,424.89,UA,0.1812,246.05
2021,3,SWF,SEA,2448,1,371.32,AA,0.8333,389.74,AA,0.8333,389.74
2021,3,EWR,DCA,249,49,235.61,UA,0.9956,234.49,UA,0.9956,234.49
2021,3,EWR,IAD,249,73,232.83,UA,0.9614,234.35,UA,0.9614,234.35
2021,3,HPN,DCA,249,51,242.28,AA,0.9873,242.00,AA,0.9873,242.00
2021,3,ISP,BWI,249,123,179.35,WN,1.0000,179.35,WN,1.0000,179.35
2021,3,ISP,DCA,249,1,194.00,AA,1.0000,194.00,AA,1.0000,194.00
2021,3,JFK,DCA,249,171,181.12,DL,0.5489,197.44,AA,0.3915,161.73
2021,3,JFK,IAD,249,47,210.79,DL,0.9862,210.49,DL,0.9862,210.49
2021,3,LGA,DCA,249,550,168.19,AA,0.5304,161.44,AA,0.5304,161.44
2021,3,LGA,IAD,249,85,192.35,UA,0.9745,192.84,UA,0.9745,192.84
2021,3,SWF,DCA,249,0,363.67,AA,1.0000,363.67,AA,1.0000,363.67
2021,3,EWR,STL,929,183,276.49,UA,0.7321,284.07,AA,0.1351,242.48
2021,3,HPN,STL,929,6,248.02,AA,0.5690,230.21,AA,0.5690,230.21
2021,3,ISP,STL,929,14,213.98,WN,0.8485,210.30,WN,0.8485,210.30
2021,3,JFK,STL,929,14,260.03,AA,0.5076,232.87,AA,0.5076,232.87
2021,3,LGA,STL,929,702,211.97,DL,0.4637,231.13,WN,0.3479,194.71
2021,3,SWF,STL,929,1,332.80,AA,1.0000,332.80,AA,1.0000,332.80
2021,3,EWR,MCO,989,4326,146.18,UA,0.4634,166.55,NK,0.1574,87.53
2021,3,HPN,MCO,989,387,195.61,B6,0.9508,196.03,AA,0.0272,190.19
2021,3,ISP,MCO,989,668,132.98,F9,0.5208,86.36,F9,0.5208,86.36
2021,3,JFK,MCO,989,2858,165.40,B6,0.5417,164.61,B6,0.5417,164.61
2021,3,LGA,MCO,989,2637,152.54,DL,0.4610,166.57,AA,0.1214,151.06
2021,3,SWF,MCO,989,2,243.95,AA,1.0000,243.95,AA,1.0000,243.95
2021,3,EWR,ILM,540,37,196.94,AA,0.6548,198.17,UA,0.2708,192.90
2021,3,HPN,ILM,540,8,224.94,AA,0.8056,224.83,AA,0.8056,224.83
2021,3,ISP,ILM,540,5,219.15,AA,0.9787,220.71,AA,0.9787,220.71
2021,3,JFK,ILM,540,10,204.54,AA,0.9205,208.10,DL,0.0227,154.50
2021,3,LGA,ILM,540,202,189.13,AA,0.6489,192.58,DL,0.3047,184.69
2021,3,SWF,ILM,540,1,240.56,AA,1.0000,240.56,AA,1.0000,240.56
2021,3,EWR,OAK,2619,19,260.17,NK,0.5322,137.07,NK,0.5322,137.07
2021,3,EWR,SFO,2619,2295,372.11,UA,0.7012,385.60,B6,0.1703,365.49
2021,3,EWR,SJC,2619,37,374.79,DL,0.2815,365.50,AS,0.1320,329.10
2021,3,HPN,SFO,2619,12,357.33,AA,0.3981,267.04,AA,0.3981,267.04
2021,3,HPN,SJC,2619,0,203.75,DL,1.0000,203.75,DL,1.0000,203.75
2021,3,ISP,OAK,2619,2,316.55,WN,1.0000,316.55,WN,1.0000,316.55
2021,3,ISP,SFO,2619,1,546.56,AA,1.0000,546.56,AA,1.0000,546.56
2021,3,ISP,SJC,2619,0,523.00,WN,1.0000,523.00,WN,1.0000,523.00
2021,3,JFK,OAK,2619,21,325.66,DL,0.7672,331.68,AS,0.1640,293.74
2021,3,JFK,SFO,2619,3662,353.56,DL,0.3987,321.91,DL,0.3987,321.91
2021,3,JFK,SJC,2619,209,259.76,B6,0.7499,242.28,B6,0.7499,242.28
2021,3,LGA,OAK,2619,40,240.92,WN,0.9162,245.55,NK,0.0243,117.78
2021,3,LGA,SFO,2619,76,340.54,AA,0.3343,278.39,WN,0.1414,224.29
2021,3,LGA,SJC,2619,45,274.76,WN,0.4662,268.25,AA,0.1860,257.10
2021,3,SWF,SFO,2619,1,310.77,AA,0.9231,315.09,AA,0.9231,315.09
2021,3,EWR,SMF,2553,280,293.16,UA,0.8036,292.89,NK,0.0186,132.07
2021,3,HPN,SMF,2553,4,382.50,DL,0.3750,413.07,AA,0.2750,285.82
2021,3,ISP,SMF,2553,2,314.18,WN,0.6875,286.55,WN,0.6875,286.55
2021,3,JFK,SMF,2553,235,281.93,B6,0.6103,269.85,B6,0.6103,269.85
2021,3,LGA,SMF,2553,92,322.51,WN,0.2615,272.35,WN,0.2615,272.35
2021,3,EWR,TPA,1055,1838,148.93,UA,0.6272,154.62,B6,0.2639,150.60
2021,3,HPN,TPA,1055,157,194.72,B6,0.8747,194.24,B6,0.8747,194.24
2021,3,ISP,TPA,1055,248,115.43,F9,0.6871,76.35,F9,0.6871,76.35
2021,3,JFK,TPA,1055,971,164.97,DL,0.5857,164.51,B6,0.3744,164.43
2021,3,LGA,TPA,1055,968,170.08,DL,0.5298,181.74,WN,0.1669,143.52
2021,3,SWF,PIE,1055,80,89.10,G4,1.0000,89.10,G4,1.0000,89.10
2021,3,SWF,TPA,1055,1,303.32,AA,0.8889,308.61,AA,0.8889,308.61
2021,3,EWR,SAT,1624,175,326.72,UA,0.5047,321.49,AA,0.2987,318.39
2021,3,HPN,SAT,1624,8,334.14,DL,0.5694,366.32,AA,0.3194,293.70
2021,3,ISP,SAT,1624,14,275.60,WN,0.9535,276.24,F9,0.0233,146.00
2021,3,JFK,SAT,1624,133,302.85,AA,0.6898,283.78,AA,0.6898,283.78
2021,3,LGA,SAT,1624,209,305.07,AA,0.3967,284.35,WN,0.2613,251.73
2021,3,SWF,SAT,1624,0,272.50,AA,1.0000,272.50,AA,1.0000,272.50
2021,3,EWR,OMA,1188,84,266.35,DL,0.3964,261.50,AA,0.2733,244.81
2021,3,HPN,OMA,1188,6,262.13,DL,0.6000,207.52,DL,0.6000,207.52
2021,3,ISP,OMA,1188,0,387.00,WN,0.6667,414.50,AA,0.3333,332.00
2021,3,JFK,OMA,1188,12,322.03,DL,0.5676,328.86,AA,0.3784,327.84
2021,3,LGA,OMA,1188,168,267.99,DL,0.7395,274.52,WN,0.1108,240.20
2021,3,EWR,SAN,2481,1063,283.18,UA,0.6220,291.66,AS,0.1631,248.85
2021,3,HPN,SAN,2481,9,363.20,AA,0.5823,358.92,AA,0.5823,358.92
2021,3,ISP,SAN,2481,11,284.60,WN,0.7245,270.91,WN,0.7245,270.91
2021,3,JFK,SAN,2481,1221,303.48,DL,0.4676,303.16,AS,0.1242,233.60
2021,3,LGA,SAN,2481,80,294.20,AA,0.3497,292.55,WN,0.3075,240.98
2021,3,SWF,SAN,2481,0,225.00,AA,1.0000,225.00,AA,1.0000,225.00
2021,3,EWR,ORF,337,127,179.16,UA,0.9940,179.23,UA,0.9940,179.23
2021,3,HPN,ORF,337,3,258.52,AA,1.0000,258.52,AA,1.0000,258.52
2021,3,HPN,PHF,337,0,147.50,AA,1.0000,147.50,AA,1.0000,147.50
2021,3,ISP,ORF,337,18,178.61,WN,0.8155,171.62,WN,0.8155,171.62
2021,3,JFK,ORF,337,8,197.75,AA,0.9333,196.54,AA,0.9333,196.54
2021,3,JFK,PHF,337,0,210.17,AA,1.0000,210.17,AA,1.0000,210.17
2021,3,LGA,ORF,337,310,171.93,DL,0.8081,178.86,AA,0.1674,137.30
2021,3,LGA,PHF,337,1,250.58,AA,1.0000,250.58,AA,1.0000,250.58
2021,3,SWF,ORF,337,0,199.00,AA,1.0000,199.00,AA,1.0000,199.00
2021,3,EWR,PNS,1063,42,250.15,DL,0.5325,258.27,AA,0.2571,233.93
2021,3,HPN,PNS,1063,7,224.06,DL,0.6029,207.00,DL,0.6029,207.00
2021,3,ISP,PNS,1063,5,209.55,WN,0.9574,212.78,AA,0.0426,137.00
2021,3,JFK,PNS,1063,16,226.09,AA,0.5448,198.33,AA,0.5448,198.33
2021,3,LGA,PNS,1063,134,205.19,AA,0.6966,195.51,AA,0.6966,195.51
2021,3,SWF,PNS,1063,0,497.00,AA,1.0000,497.00,AA,1.0000,497.00
2021,3,EWR,OKC,1381,69,314.64,UA,0.3538,347.02,AA,0.3491,285.65
2021,3,HPN,OKC,1381,5,307.58,AA,0.6600,277.94,AA,0.6600,277.94
2021,3,ISP,OKC,1381,2,332.16,AA,0.5000,399.26,WN,0.3889,258.86
2021,3,JFK,OKC,1381,32,289.96,AA,0.6130,278.52,AA,0.6130,278.52
2021,3,LGA,OKC,1381,119,281.06,AA,0.5282,266.62,WN,0.1393,260.86
2021,3,SWF,OKC,1381,0,371.00,AA,1.0000,371.00,AA,1.0000,371.00
2021,3,EWR,PBI,1077,1414,168.28,UA,0.6846,169.91,B6,0.2979,161.09
2021,3,HPN,PBI,1077,334,217.66,B6,0.9596,218.05,AA,0.0153,201.68
2021,3,ISP,PBI,1077,355,182.94,WN,0.6801,220.16,F9,0.3095,99.15
2021,3,JFK,PBI,1077,696,176.34,B6,0.7568,169.66,B6,0.7568,169.66
2021,3,LGA,PBI,1077,638,189.96,DL,0.6145,199.12,B6,0.3422,174.71
2021,3,SWF,PBI,1077,1,237.70,AA,1.0000,237.70,AA,1.0000,237.70
2021,3,EWR,PDX,2482,599,284.00,UA,0.6375,286.09,AS,0.3105,268.78
2021,3,HPN,PDX,2482,2,409.68,DL,0.4545,431.60,UA,0.2273,349.40
2021,3,ISP,PDX,2482,1,302.80,AA,0.8000,294.75,AA,0.8000,294.75
2021,3,JFK,PDX,2482,588,266.00,B6,0.3698,232.88,B6,0.3698,232.88
2021,3,LGA,PDX,2482,42,370.13,DL,0.3069,522.28,WN,0.1509,236.31
2021,3,SWF,PDX,2482,0,465.00,AA,1.0000,465.00,AA,1.0000,465.00
2021,3,EWR,PWM,284,160,172.45,UA,0.9939,172.55,UA,0.9939,172.55
2021,3,HPN,PWM,284,0,225.00,AA,1.0000,225.00,AA,1.0000,225.00
2021,3,ISP,PWM,284,0,232.75,WN,0.7500,186.33,WN,0.7500,186.33
2021,3,JFK,PWM,284,239,160.17,B6,0.5362,155.03,B6,0.5362,155.03
2021,3,LGA,PWM,284,160,181.05,DL,0.6615,192.04,AA,0.3338,159.53
2021,3,SWF,PWM,284,0,147.00,AA,1.0000,147.00,AA,1.0000,147.00
2021,3,EWR,RDU,463,687,158.40,UA,0.5634,172.50,B6,0.3960,135.30
2021,3,HPN,RDU,463,10,242.16,AA,0.8804,247.65,DL,0.0761,193.07
2021,3,ISP,RDU,463,38,208.69,WN,0.8494,202.77,WN,0.8494,202.77
2021,3,JFK,RDU,463,564,162.03,DL,0.5143,176.64,B6,0.4474,145.32
2021,3,LGA,RDU,463,854,168.76,DL,0.6509,175.47,AA,0.3216,155.87
2021,3,SWF,RDU,463,3,239.86,AA,0.9655,242.22,AA,0.9655,242.22
2021,3,EWR,RIC,325,115,175.18,UA,0.9821,173.74,UA,0.9821,173.74
2021,3,HPN,RIC,325,0,592.07,AA,1.0000,592.07,AA,1.0000,592.07
2021,3,ISP,RIC,325,5,246.04,AA,1.0000,246.04,AA,1.0000,246.04
2021,3,JFK,RIC,325,62,183.46,DL,0.9754,181.42,DL,0.9754,181.42
2021,3,LGA,RIC,325,267,178.38,DL,0.7047,191.53,AA,0.2550,141.12
2021,3,SWF,RIC,325,1,321.12,AA,1.0000,321.12,AA,1.0000,321.12
2021,3,EWR,RNO,2443,68,360.60,UA,0.4254,436.06,AA,0.3194,270.71
2021,3,HPN,RNO,2443,1,319.73,AA,0.6000,291.33,UA,0.1000,260.00
2021,3,ISP,RNO,2443,0,217.50,AA,0.7500,205.67,AA,0.7500,205.67
2021,3,JFK,RNO,2443,206,271.60,B6,0.6991,251.14,B6,0.6991,251.14
2021,3,LGA,RNO,2443,35,309.68,AA,0.4673,287.51,WN,0.1745,285.70
2021,3,EWR,ROC,285,42,185.02,UA,1.0000,185.02,UA,1.0000,185.02
2021,3,HPN,ROC,285,0,213.00,AA,1.0000,213.00,AA,1.0000,213.00
2021,3,ISP,ROC,285,2,209.13,WN,0.9130,205.10,WN,0.9130,205.10
2021,3,JFK,ROC,285,235,181.11,DL,0.7503,183.16,B6,0.2127,173.42
2021,3,LGA,ROC,285,50,154.22,DL,0.8745,154.69,AA,0.1017,150.79
2021,3,EWR,SLC,2022,406,273.47,UA,0.4811,264.38,UA,0.4811,264.38
2021,3,HPN,SLC,2022,6,346.15,DL,0.5385,377.95,UA,0.1538,311.50
2021,3,ISP,SLC,2022,1,211.64,WN,1.0000,211.64,WN,1.0000,211.64
2021,3,JFK,SLC,2022,966,243.92,DL,0.5826,278.07,B6,0.3772,188.47
2021,3,LGA,SLC,2022,50,263.46,DL,0.3712,315.05,WN,0.1790,193.45
2021,3,EWR,SAV,756,388,155.41,UA,0.8930,155.15,G4,0.0445,83.10
2021,3,HPN,SAV,756,9,213.11,AA,0.5833,201.96,AA,0.5833,201.96
2021,3,ISP,SAV,756,11,185.32,WN,0.9010,178.20,WN,0.9010,178.20
2021,3,JFK,SAV,756,421,144.89,B6,0.5471,141.56,B6,0.5471,141.56
2021,3,LGA,SAV,756,265,153.36,DL,0.6617,162.12,AA,0.2935,133.47
2021,3,SWF,SAV,756,10,86.37,G4,0.9271,72.47,G4,0.9271,72.47
2021,3,EWR,SRQ,1084,279,195.14,UA,0.8870,193.46,B6,0.0320,177.40
2021,3,HPN,SRQ,1084,12,254.30,DL,0.5130,270.27,AA,0.4783,238.03
2021,3,ISP,SRQ,1084,25,175.45,WN,0.9956,175.53,WN,0.9956,175.53
2021,3,JFK,SRQ,1084,166,189.48,B6,0.9575,187.39,AA,0.0118,183.45
2021,3,LGA,SRQ,1084,104,222.36,DL,0.8694,225.79,WN,0.0439,156.99
2021,3,SWF,SRQ,1084,0,107.00,AA,1.0000,107.00,AA,1.0000,107.00
2021,3,EWR,SYR,222,24,152.65,UA,1.0000,152.65,UA,1.0000,152.65
2021,3,ISP,SYR,222,1,297.43,AA,1.0000,297.43,AA,1.0000,297.43
2021,3,JFK,SYR,222,129,182.27,DL,0.7668,187.28,B6,0.2012,164.57
2021,3,LGA,SYR,222,22,165.60,DL,1.0000,165.60,DL,1.0000,165.60
2021,3,EWR,TVC,690,43,252.35,UA,0.8173,248.28,UA,0.8173,248.28
2021,3,HPN,TVC,690,2,319.17,DL,0.4706,299.01,DL,0.4706,299.01
2021,3,ISP,TVC,690,0,188.00,AA,1.0000,188.00,AA,1.0000,188.00
2021,3,JFK,TVC,690,3,302.71,DL,0.5312,346.21,AA,0.3438,282.45
2021,3,LGA,TVC,690,130,236.91,AA,0.5251,209.54,AA,0.5251,209.54
2021,3,RSW,BWI,919,410,162.52,WN,0.9589,160.41,WN,0.9589,160.41
2021,3,RSW,DCA,919,204,164.32,AA,0.9031,160.57,WN,0.0234,157.73
2021,3,RSW,IAD,919,216,171.61,UA,0.9481,170.74,WN,0.0161,148.60
2021,3,RSW,HOU,861,46,154.84,WN,0.8815,147.61,WN,0.8815,147.61
2021,3,RSW,IAH,861,169,180.65,UA,0.9072,179.71,WN,0.0135,158.28
2021,3,RSW,EWR,1120,979,165.27,UA,0.7739,165.42,B6,0.1923,160.95
2021,3,RSW,HPN,1120,235,208.36,B6,0.9455,209.81,AA,0.0273,186.61
2021,3,RSW,ISP,1120,100,115.09,F9,0.6812,80.49,F9,0.6812,80.49
2021,3,RSW,JFK,1120,562,168.76,B6,0.6263,168.91,DL,0.3404,165.76
2021,3,RSW,LGA,1120,252,168.04,DL,0.8837,166.03,WN,0.0164,156.89
2021,3,RSW,SWF,1120,0,200.33,AA,1.0000,200.33,AA,1.0000,200.33
2021,3,RSW,BUR,2238,11,264.63,AA,0.5192,328.10,WN,0.4231,190.27
2021,3,RSW,LAX,2238,116,285.65,AA,0.4032,267.94,WN,0.1057,208.69
2021,3,RSW,LGB,2238,6,182.25,WN,0.8077,171.95,WN,0.8077,171.95
2021,3,RSW,ONT,2238,24,266.34,AA,0.5822,260.78,WN,0.1511,224.76
2021,3,RSW,SNA,2238,45,316.71,AA,0.4833,343.88,WN,0.1507,222.02
2021,3,GSP,BWI,426,124,147.22,WN,0.8070,132.83,WN,0.8070,132.83
2021,3,GSP,DCA,426,84,166.57,AA,0.9005,163.66,AA,0.9005,163.66
2021,3,GSP,IAD,426,79,162.68,UA,0.8960,152.54,UA,0.8960,152.54
2021,3,GSP,HOU,845,78,173.73,WN,0.8556,165.17,WN,0.8556,165.17
2021,3,GSP,IAH,845,114,211.43,UA,0.8450,210.68,AA,0.0909,199.37
2021,3,GSP,EWR,643,99,215.55,UA,0.6762,198.18,UA,0.6762,198.18
2021,3,GSP,HPN,643,9,257.64,AA,0.6707,238.11,AA,0.6707,238.11
2021,3,GSP,ISP,643,7,220.76,WN,0.5238,190.55,WN,0.5238,190.55
2021,3,GSP,JFK,643,14,249.19,AA,0.6439,226.45,AA,0.6439,226.45
2021,3,GSP,LGA,643,159,215.02,DL,0.7123,223.64,AA,0.1918,203.76
2021,3,GSP,SWF,643,2,206.47,AA,1.0000,206.47,AA,1.0000,206.47
2021,3,GRR,AZA,1574,129,114.63,G4,1.0000,114.63,G4,1.0000,114.63
2021,3,GRR,PHX,1574,154,247.75,DL,0.4064,256.26,WN,0.2763,227.28
2021,3,GRR,BWI,528,99,164.81,WN,0.8381,154.37,WN,0.8381,154.37
2021,3,GRR,DCA,528,120,173.59,AA,0.8560,169.04,WN,0.0217,132.42
2021,3,GRR,IAD,528,44,184.25,UA,0.8333,176.29,WN,0.0613,150.68
2021,3,GRR,EWR,656,131,192.12,UA,0.6027,223.55,G4,0.2884,82.28
2021,3,GRR,HPN,656,5,240.23,AA,0.7111,244.65,AA,0.7111,244.65
2021,3,GRR,ISP,656,4,210.38,WN,0.7838,195.45,WN,0.7838,195.45
2021,3,GRR,JFK,656,14,250.62,AA,0.5859,184.31,AA,0.5859,184.31
2021,3,GRR,LGA,656,109,224.32,DL,0.7490,229.49,AA,0.1750,200.13
2021,3,GRR,SWF,656,1,268.31,AA,1.0000,268.31,AA,1.0000,268.31
2021,3,GRR,BUR,1874,14,261.07,WN,0.6412,241.28,WN,0.6412,241.28
2021,3,GRR,LAX,1874,191,229.15,G4,0.3267,94.84,G4,0.3267,94.84
2021,3,GRR,LGB,1874,7,224.17,WN,0.8636,202.85,WN,0.8636,202.85
2021,3,GRR,ONT,1874,32,301.82,AA,0.3993,293.07,WN,0.2919,258.41
2021,3,GRR,SNA,1874,60,283.03,AA,0.3412,266.18,WN,0.1916,234.70
2021,3,GRR,PIE,1044,164,79.60,G4,1.0000,79.60,G4,1.0000,79.60
2021,3,GRR,TPA,1044,101,181.62,WN,0.3837,147.89,WN,0.3837,147.89
2021,3,GSO,EWR,492,50,191.95,UA,0.5927,171.54,UA,0.5927,171.54
2021,3,GSO,HPN,492,5,225.92,AA,0.7959,224.10,AA,0.7959,224.10
2021,3,GSO,ISP,492,5,207.65,AA,1.0000,207.65,AA,1.0000,207.65
2021,3,GSO,JFK,492,8,201.19,AA,0.6528,196.07,AA,0.6528,196.07
2021,3,GSO,LGA,492,265,170.67,DL,0.6295,173.23,AA,0.3488,165.35
2021,3,GSO,SWF,492,1,232.11,AA,1.0000,232.11,AA,1.0000,232.11
2021,3,LAS,AZA,276,15,78.75,G4,1.0000,78.75,G4,1.0000,78.75
2021,3,LAS,PHX,276,1305,129.64,WN,0.6311,131.22,WN,0.6311,131.22
2021,3,LAS,BWI,2106,1315,233.04,WN,0.6864,248.93,NK,0.1845,146.10
2021,3,LAS,DCA,2106,488,289.80,AA,0.6549,308.44,WN,0.1436,232.64
2021,3,LAS,IAD,2106,454,314.62,UA,0.8398,320.57,WN,0.0496,228.64
2021,3,LAS,EWR,2282,2141,258.38,UA,0.5486,289.32,NK,0.1153,130.84
2021,3,LAS,HPN,2282,10,348.62,AA,0.5158,336.68,AA,0.5158,336.68
2021,3,LAS,ISP,2282,19,264.52,WN,0.7401,272.29,F9,0.1130,79.90
2021,3,LAS,JFK,2282,1596,312.19,DL,0.6234,320.85,B6,0.3024,305.77
2021,3,LAS,LGA,2282,160,242.39,AA,0.2662,264.05,NK,0.2437,121.82
2021,3,LAS,SWF,2282,0,318.25,AA,1.0000,318.25,AA,1.0000,318.25
2021,3,LAS,OAK,414,1627,130.45,WN,0.7757,139.11,NK,0.1385,100.82
2021,3,LAS,SFO,414,1678,147.26,UA,0.3787,172.77,F9,0.1161,91.34
2021,3,LAS,SJC,414,1059,159.70,WN,0.9512,160.83,F9,0.0281,90.64
2021,3,LAS,FLL,2174,955,186.71,B6,0.4552,214.75,NK,0.2682,111.35
2021,3,LAS,MIA,2174,902,219.05,AA,0.6277,265.18,F9,0.2549,102.17
2021,3,LAS,BUR,236,920,133.56,WN,0.9245,137.19,F9,0.0246,77.44
2021,3,LAS,LAX,236,2713,110.14,WN,0.3030,104.50,WN,0.3030,104.50
2021,3,LAS,LGB,236,544,98.00,WN,0.9994,97.99,WN,0.9994,97.99
2021,3,LAS,ONT,236,359,123.96,WN,0.8913,129.96,F9,0.1087,74.82
2021,3,LAS,SNA,236,907,127.94,WN,0.8639,134.49,F9,0.0410,79.80
2021,3,LAS,TPA,1984,835,191.62,WN,0.3503,235.21,F9,0.2176,98.23
2021,3,LAS,ORF,2154,216,299.92,AA,0.3350,306.80,WN,0.2348,264.68
2021,3,LAS,PHF,2154,15,306.36,AA,0.9781,308.69,AA,0.9781,308.69
2021,3,IND,PHX,1488,516,229.67,WN,0.5057,220.58,WN,0.5057,220.58
2021,3,IND,BWI,516,250,173.13,WN,0.8684,167.25,WN,0.8684,167.25
2021,3,IND,DCA,516,280,168.04,AA,0.9116,167.40,WN,0.0190,160.78
2021,3,IND,IAD,516,166,174.65,UA,0.9131,174.31,WN,0.0203,136.77
2021,3,IND,EWR,701,248,248.34,UA,0.8624,244.36,UA,0.8624,244.36
2021,3,IND,HPN,701,7,238.07,AA,0.5484,262.24,DL,0.3387,221.16
2021,3,IND,ISP,701,9,241.89,WN,0.5488,207.51,WN,0.5488,207.51
2021,3,IND,JFK,701,111,209.38,DL,0.8301,211.89,AA,0.0982,198.23
2021,3,IND,LGA,701,467,207.01,DL,0.5869,221.43,AA,0.3875,185.51
2021,3,IND,SWF,701,1,267.80,AA,1.0000,267.80,AA,1.0000,267.80
2021,3,IND,OAK,1943,82,222.31,WN,0.8117,233.53,F9,0.0212,81.94
2021,3,IND,SFO,1943,234,307.41,UA,0.4259,311.46,WN,0.1092,262.93
2021,3,IND,SJC,1943,90,275.52,WN,0.4952,257.38,WN,0.4952,257.38
2021,3,IND,FLL,1020,340,146.77,WN,0.4997,158.71,G4,0.1844,93.43
2021,3,IND,MIA,1020,263,165.88,AA,0.8172,161.82,WN,0.0999,146.49
2021,3,IND,BUR,1814,49,218.31,WN,0.7283,211.41,WN,0.7283,211.41
2021,3,IND,LAX,1814,630,214.18,AA,0.4004,225.39,WN,0.1088,187.06
2021,3,IND,LGB,1814,33,186.35,WN,0.7633,165.67,WN,0.7633,165.67
2021,3,IND,ONT,1814,77,267.53,WN,0.4368,256.40,WN,0.4368,256.40
2021,3,IND,SNA,1814,99,288.19,AA,0.4033,311.30,WN,0.3978,250.02
2021,3,IND,PIE,840,109,77.70,G4,1.0000,77.70,G4,1.0000,77.70
2021,3,IND,TPA,840,516,146.21,WN,0.7568,142.11,NK,0.0724,76.97
2021,3,JAC,EWR,1925,83,427.00,UA,0.6519,467.98,AA,0.1395,290.17
2021,3,JAC,HPN,1925,3,414.69,UA,0.4000,400.50,UA,0.4000,400.50
2021,3,JAC,ISP,1925,0,892.00,AA,1.0000,892.00,AA,1.0000,892.00
2021,3,JAC,JFK,1925,168,312.95,AA,0.7883,298.43,AA,0.7883,298.43
2021,3,JAC,LGA,1925,63,390.19,AA,0.4740,382.23,AA,0.4740,382.23
2021,3,JAC,BUR,785,8,342.04,DL,0.7778,355.13,UA,0.0694,224.76
2021,3,JAC,LAX,785,183,210.04,UA,0.4914,196.88,UA,0.4914,196.88
2021,3,JAC,LGB,785,4,330.05,DL,0.9459,337.16,AA,0.0270,284.00
2021,3,JAC,ONT,785,6,306.37,DL,0.7586,311.86,UA,0.1897,261.27
2021,3,JAC,SNA,785,27,316.85,DL,0.7008,335.33,UA,0.1803,271.39
2021,3,JAN,BWI,888,101,160.94,WN,0.7621,149.22,WN,0.7621,149.22
2021,3,JAN,DCA,888,68,202.57,AA,0.5981,192.88,AA,0.5981,192.88
2021,3,JAN,IAD,888,15,231.62,DL,0.5109,241.48,WN,0.2336,179.69
2021,3,OAK,TUS,751,50,171.91,WN,0.7780,167.78,WN,0.7780,167.78
2021,3,SFO,TUS,751,124,221.44,UA,0.7667,225.95,WN,0.1079,187.91
2021,3,SJC,TUS,751,65,188.19,WN,0.6344,177.10,WN,0.6344,177.10
2021,3,OAK,SEA,696,1290,126.80,WN,0.5319,118.05,WN,0.5319,118.05
2021,3,SFO,SEA,696,2094,137.63,AS,0.4719,134.10,AS,0.4719,134.10
2021,3,SJC,SEA,696,1432,135.25,AS,0.4868,135.87,WN,0.2682,122.46
2021,3,OAK,BWI,2457,171,260.36,WN,0.7418,277.73,NK,0.1561,166.07
2021,3,OAK,DCA,2457,55,294.53,WN,0.7016,289.43,WN,0.7016,289.43
2021,3,OAK,IAD,2457,24,316.41,WN,0.6376,314.95,AS,0.1284,263.52
2021,3,SFO,BWI,2457,245,330.35,UA,0.2710,385.64,WN,0.2115,299.84
2021,3,SFO,DCA,2457,714,341.98,UA,0.3763,378.72,AS,0.3321,314.34
2021,3,SFO,IAD,2457,846,417.03,UA,0.9012,427.18,WN,0.0113,262.06
2021,3,SJC,BWI,2457,124,286.02,WN,0.7797,269.54,WN,0.7797,269.54
2021,3,SJC,DCA,2457,104,298.12,WN,0.3757,259.66,WN,0.3757,259.66
2021,3,SJC,IAD,2457,68,290.16,WN,0.3585,282.47,DL,0.2621,251.37
2021,3,OAK,STL,1735,142,252.22,WN,0.8932,253.15,F9,0.0130,97.59
2021,3,SFO,STL,1735,147,276.33,WN,0.3058,232.63,WN,0.3058,232.63
2021,3,SJC,STL,1735,174,236.86,WN,0.8498,229.92,WN,0.8498,229.92
2021,3,OAK,GEG,742,188,137.78,WN,0.9331,133.26,WN,0.9331,133.26
2021,3,SFO,GEG,742,198,144.41,AS,0.5162,136.46,AS,0.5162,136.46
2021,3,SJC,GEG,742,158,127.88,WN,0.4684,127.62,AS,0.4540,124.72
2021,3,OAK,TPA,2393,46,234.56,WN,0.6981,247.97,NK,0.1462,112.08
2021,3,SFO,TPA,2393,313,307.22,UA,0.6474,313.78,AA,0.1286,297.23
2021,3,SJC,TPA,2393,72,289.72,WN,0.4520,255.43,WN,0.4520,255.43
2021,3,OAK,SBA,263,94,113.56,WN,1.0000,113.56,WN,1.0000,113.56
2021,3,SFO,SBA,263,151,161.84,UA,0.9978,161.55,UA,0.9978,161.55
2021,3,SJC,SBA,263,0,110.00,AS,1.0000,110.00,AS,1.0000,110.00
2021,3,FLL,PIT,1013,416,137.61,WN,0.5444,151.10,NK,0.3305,88.81
2021,3,MIA,PIT,1013,245,167.73,AA,0.8697,165.30,AA,0.8697,165.30
2021,3,FLL,PHX,1972,358,191.43,WN,0.3990,180.55,B6,0.2054,165.95
2021,3,MIA,PHX,1972,528,237.77,AA,0.8606,242.23,F9,0.0286,94.98
2021,3,FLL,SEA,2724,463,233.70,AS,0.4702,248.34,B6,0.1468,192.62
2021,3,MIA,SEA,2724,318,261.72,AA,0.7521,261.15,AA,0.7521,261.15
2021,3,FLL,BNA,806,656,120.43,WN,0.7342,120.61,NK,0.1094,84.60
2021,3,MIA,BNA,806,544,135.00,AA,0.5685,143.09,WN,0.3937,118.21
2021,3,FLL,BWI,946,1243,140.22,WN,0.6989,151.37,NK,0.2659,101.70
2021,3,FLL,DCA,946,565,155.25,B6,0.5313,159.96,WN,0.3630,138.18
2021,3,FLL,IAD,946,440,168.50,UA,0.9457,167.67,UA,0.9457,167.67
2021,3,MIA,BWI,946,800,137.96,WN,0.6908,139.57,F9,0.1621,86.16
2021,3,MIA,DCA,946,1062,189.74,AA,0.9735,189.66,AA,0.9735,189.66
2021,3,MIA,IAD,946,183,197.27,UA,0.8650,197.47,WN,0.0155,149.17
2021,3,FLL,STL,1068,330,165.88,WN,0.8136,169.66,NK,0.0903,76.95
2021,3,MIA,STL,1068,332,154.41,AA,0.6050,158.82,WN,0.3396,144.00
2021,3,FLL,MCO,192,130,119.73,WN,0.3520,125.20,UA,0.1843,94.19
2021,3,MIA,MCO,192,341,120.01,AA,0.9341,123.65,F9,0.0659,68.34
2021,3,FLL,MSP,1501,418,130.62,DL,0.8285,134.14,NK,0.0761,79.71
2021,3,MIA,MSP,1501,378,147.25,DL,0.8237,144.20,DL,0.8237,144.20
2021,3,FLL,EWR,1139,2537,139.11,UA,0.5369,147.58,NK,0.1436,89.45
2021,3,FLL,HPN,1139,216,208.60,B6,0.9437,210.15,AA,0.0181,177.08
2021,3,FLL,ISP,1139,116,185.37,WN,0.9812,184.07,WN,0.9812,184.07
2021,3,FLL,JFK,1139,2393,144.59,B6,0.5700,143.20,B6,0.5700,143.20
2021,3,FLL,LGA,1139,1896,140.44,DL,0.5072,156.86,NK,0.2295,91.31
2021,3,FLL,SWF,1139,1,263.12,AA,1.0000,263.12,AA,1.0000,263.12
2021,3,MIA,EWR,1139,2327,145.67,UA,0.4484,152.28,B6,0.2812,131.76
2021,3,MIA,HPN,1139,7,211.23,AA,0.7500,218.87,AA,0.7500,218.87
2021,3,MIA,ISP,1139,34,114.31,F9,0.6899,73.77,F9,0.6899,73.77
2021,3,MIA,JFK,1139,3090,152.35,AA,0.3813,172.62,B6,0.3647,130.98
2021,3,MIA,LGA,1139,1917,160.62,AA,0.4470,172.10,DL,0.4210,157.86
2021,3,MIA,SWF,1139,2,198.29,AA,1.0000,198.29,AA,1.0000,198.29
2021,3,FLL,OAK,2585,52,186.67,WN,0.5135,208.68,NK,0.3375,118.68
2021,3,FLL,SFO,2585,558,321.95,B6,0.7830,333.18,WN,0.0131,221.28
2021,3,FLL,SJC,2585,51,251.66,WN,0.3825,219.21,WN,0.3825,219.21
2021,3,MIA,OAK,2585,38,218.53,WN,0.8237,208.98,WN,0.8237,208.98
2021,3,MIA,SFO,2585,713,298.00,AA,0.8485,300.60,WN,0.0197,222.63
2021,3,MIA,SJC,2585,69,235.39,AA,0.4589,239.79,WN,0.2785,221.46
2021,3,FLL,SMF,2552,105,272.41,AA,0.2611,284.96,WN,0.2394,249.22
2021,3,MIA,SMF,2552,120,279.78,AA,0.5077,279.85,WN,0.2177,259.14
2021,3,FLL,TPA,204,205,111.77,WN,0.5069,129.55,NK,0.2235,85.95
2021,3,MIA,TPA,204,369,120.51,AA,0.9962,120.43,AA,0.9962,120.43
2021,3,FLL,SAT,1145,213,168.63,WN,0.4135,156.42,WN,0.4135,156.42
2021,3,MIA,SAT,1145,244,213.90,AA,0.6820,213.68,WN,0.1706,200.33
2021,3,FLL,MKE,1258,139,188.17,WN,0.6708,176.36,WN,0.6708,176.36
2021,3,MIA,MKE,1258,75,202.96,DL,0.3599,215.36,WN,0.2134,161.66
2021,3,FLL,MSY,675,492,116.73,WN,0.4873,125.55,NK,0.2492,88.50
2021,3,MIA,MSY,675,396,151.95,AA,0.7004,158.93,WN,0.2505,124.71
2021,3,FLL,SAN,2269,258,221.25,B6,0.3938,184.79,B6,0.3938,184.79
2021,3,MIA,SAN,2269,288,267.63,AA,0.7141,275.17,AS,0.1343,201.94
2021,3,FLL,ORF,812,142,160.19,G4,0.2559,99.70,G4,0.2559,99.70
2021,3,FLL,PHF,812,9,176.20,AA,1.0000,176.20,AA,1.0000,176.20
2021,3,MIA,ORF,812,123,234.37,AA,0.7040,243.18,DL,0.1744,222.16
2021,3,MIA,PHF,812,7,229.02,AA,1.0000,229.02,AA,1.0000,229.02
2021,3,FLL,PDX,2700,181,229.30,B6,0.2933,171.07,B6,0.2933,171.07
2021,3,MIA,PDX,2700,125,257.36,AA,0.4021,272.93,UA,0.1603,257.28
2021,3,FLL,PHL,1013,1137,138.26,AA,0.6608,153.13,NK,0.2039,91.77
2021,3,MIA,PHL,1013,1236,141.74,AA,0.8231,151.92,F9,0.1530,82.80
2021,3,FLL,RDU,700,537,120.64,DL,0.4801,129.59,WN,0.2610,107.88
2021,3,MIA,RDU,700,482,148.17,AA,0.6535,158.41,DL,0.2502,141.44
2021,3,FLL,RIC,825,257,136.62,B6,0.3800,149.32,NK,0.3026,88.39
2021,3,MIA,RIC,825,163,174.22,AA,0.7513,173.74,AA,0.7513,173.74
2021,3,FLL,SLC,2088,307,196.89,B6,0.4642,165.68,B6,0.4642,165.68
2021,3,MIA,SLC,2088,248,223.66,DL,0.6751,224.25,DL,0.6751,224.25
2021,3,FLL,SYR,1217,142,160.02,G4,0.5507,105.23,G4,0.5507,105.23
2021,3,MIA,SYR,1217,46,224.30,AA,0.6134,235.43,UA,0.1360,203.86
2021,3,FLL,TLH,402,65,150.15,3M,0.4210,132.27,UA,0.2662,127.00
2021,3,MIA,TLH,402,146,176.06,AA,0.9650,172.40,AA,0.9650,172.40
2021,3,BUR,PIT,2136,46,279.45,WN,0.7071,266.44,WN,0.7071,266.44
2021,3,LAX,PIT,2136,391,278.15,AA,0.2729,313.39,NK,0.2462,133.73
2021,3,LGB,PIT,2136,19,246.34,WN,0.8793,232.85,WN,0.8793,232.85
2021,3,ONT,PIT,2136,58,295.10,AA,0.4171,290.71,AA,0.4171,290.71
2021,3,SNA,PIT,2136,104,319.54,WN,0.3246,286.52,WN,0.3246,286.52
2021,3,BUR,TUS,453,21,148.56,AA,0.5236,139.93,AA,0.5236,139.93
2021,3,LAX,TUS,453,387,133.15,DL,0.3542,145.61,WN,0.3022,113.36
2021,3,LGB,TUS,453,6,156.38,AA,0.5517,162.28,WN,0.4138,149.76
2021,3,ONT,TUS,453,19,187.65,AA,0.6954,198.49,WN,0.2874,168.06
2021,3,SNA,TUS,453,32,184.59,AA,0.6208,197.58,WN,0.3691,164.08
2021,3,BUR,PHX,370,582,103.86,WN,0.7329,99.62,WN,0.7329,99.62
2021,3,LAX,PHX,370,1287,117.28,AA,0.3600,121.14,WN,0.3598,109.81
2021,3,LGB,PHX,370,277,105.49,WN,0.7116,100.06,WN,0.7116,100.06
2021,3,ONT,PHX,370,438,125.14,WN,0.7088,118.13,WN,0.7088,118.13
2021,3,SNA,PHX,370,1106,121.91,WN,0.6736,116.66,WN,0.6736,116.66
2021,3,BUR,SEA,978,820,163.30,AS,0.9076,163.85,WN,0.0693,151.89
2021,3,LAX,SEA,978,3814,140.88,AS,0.5286,133.91,AS,0.5286,133.91
2021,3,LGB,SEA,978,72,127.35,WN,0.8063,120.75,WN,0.8063,120.75
2021,3,ONT,SEA,978,1180,138.38,AS,0.6727,138.85,DL,0.2267,138.65
2021,3,SNA,SEA,978,1717,159.78,AS,0.8048,154.96,AS,0.8048,154.96
2021,3,BUR,BNA,1797,144,188.25,WN,0.9163,185.23,WN,0.9163,185.23
2021,3,LAX,BNA,1797,1441,189.34,AA,0.3345,189.38,WN,0.2419,186.46
2021,3,LGB,BNA,1797,44,141.02,WN,0.8963,138.35,WN,0.8963,138.35
2021,3,ONT,BNA,1797,116,254.91,WN,0.5131,229.98,WN,0.5131,229.98
2021,3,SNA,BNA,1797,244,266.59,WN,0.7270,252.70,WN,0.7270,252.70
2021,3,BUR,BWI,2329,43,286.01,WN,0.8287,282.30,F9,0.0126,173.40
2021,3,BUR,DCA,2329,33,242.78,AA,0.4917,256.21,WN,0.4158,204.57
2021,3,BUR,IAD,2329,14,266.08,WN,0.6190,227.44,WN,0.6190,227.44
2021,3,LAX,BWI,2329,1181,226.25,WN,0.4213,245.18,NK,0.2410,141.36
2021,3,LAX,DCA,2329,1405,278.49,AA,0.4344,281.45,AS,0.2304,255.36
2021,3,LAX,IAD,2329,1134,289.42,UA,0.6960,308.34,AS,0.1957,253.41
2021,3,LGB,BWI,2329,41,186.82,WN,0.9524,183.70,WN,0.9524,183.70
2021,3,LGB,DCA,2329,29,205.03,WN,0.6330,183.50,WN,0.6330,183.50
2021,3,LGB,IAD,2329,16,200.45,WN,0.8219,175.77,WN,0.8219,175.77
2021,3,ONT,BWI,2329,74,278.97,WN,0.5169,273.95,WN,0.5169,273.95
2021,3,ONT,DCA,2329,82,290.06,AA,0.5987,317.68,WN,0.1801,221.25
2021,3,ONT,IAD,2329,37,324.21,UA,0.3175,399.96,WN,0.2018,251.42
2021,3,SNA,BWI,2329,98,310.00,WN,0.5570,280.18,WN,0.5570,280.18
2021,3,SNA,DCA,2329,128,309.97,AA,0.5438,318.07,WN,0.1643,244.06
2021,3,SNA,IAD,2329,62,302.57,UA,0.4965,315.30,WN,0.2386,253.84
2021,3,BUR,ICT,1203,16,256.47,WN,0.4467,219.37,WN,0.4467,219.37
2021,3,LAX,ICT,1203,104,178.84,G4,0.4134,89.79,G4,0.4134,89.79
2021,3,LGB,ICT,1203,2,207.28,WN,0.6250,199.74,WN,0.6250,199.74
2021,3,ONT,ICT,1203,24,253.45,AA,0.5689,257.73,WN,0.2844,231.34
2021,3,SNA,ICT,1203,37,249.03,AA,0.3615,240.39,WN,0.3061,232.20
2021,3,BUR,STL,1592,31,241.86,WN,0.6332,238.54,AA,0.2595,231.05
2021,3,LAX,STL,1592,699,184.80,WN,0.4364,191.52,NK,0.1478,100.72
2021,3,LGB,STL,1592,107,140.75,WN,0.9461,138.16,WN,0.9461,138.16
2021,3,ONT,STL,1592,67,243.74,WN,0.4297,244.47,WN,0.4297,244.47
2021,3,SNA,STL,1592,160,223.30,WN,0.7216,215.77,WN,0.7216,215.77
2021,3,BUR,MCO,2218,43,202.35,WN,0.5536,181.29,WN,0.5536,181.29
2021,3,LAX,MCO,2218,2303,182.50,DL,0.4162,195.81,UA,0.2408,176.92
2021,3,LGB,MCO,2218,48,151.11,WN,0.7614,133.00,WN,0.7614,133.00
2021,3,ONT,MCO,2218,241,168.90,F9,0.5552,102.14,F9,0.5552,102.14
2021,3,SNA,MCO,2218,118,246.61,AA,0.3744,254.44,WN,0.3008,210.67
2021,3,BUR,MSP,1535,38,203.08,WN,0.4986,201.09,AA,0.2308,180.82
2021,3,LAX,MSP,1535,1632,176.61,DL,0.5290,222.25,SY,0.3669,120.56
2021,3,LGB,MSP,1535,21,187.68,WN,0.6354,142.83,WN,0.6354,142.83
2021,3,ONT,MSP,1535,75,254.51,WN,0.3183,203.40,WN,0.3183,203.40
2021,3,SNA,MSP,1535,350,217.94,DL,0.5520,270.70,SY,0.3123,113.10
2021,3,BUR,EWR,2510,22,259.74,AA,0.5777,264.34,AA,0.5777,264.34
2021,3,BUR,HPN,2510,1,428.86,AA,0.7143,318.40,AA,0.7143,318.40
2021,3,BUR,ISP,2510,1,224.17,WN,0.8333,221.80,WN,0.8333,221.80
2021,3,BUR,JFK,2510,331,240.09,B6,0.9301,239.31,B6,0.9301,239.31
2021,3,BUR,LGA,2510,25,250.95,WN,0.6300,247.45,WN,0.6300,247.45
2021,3,LAX,EWR,2510,3091,334.99,UA,0.5940,350.56,B6,0.2714,339.88
2021,3,LAX,HPN,2510,22,311.95,AA,0.4951,306.92,DL,0.2621,294.11
2021,3,LAX,ISP,2510,10,337.28,WN,0.6771,300.60,WN,0.6771,300.60
2021,3,LAX,JFK,2510,6175,380.78,DL,0.3918,373.76,B6,0.2973,356.20
2021,3,LAX,LGA,2510,338,246.41,AA,0.4293,233.74,NK,0.2170,140.15
2021,3,LAX,SWF,2510,2,327.13,AA,1.0000,327.13,AA,1.0000,327.13
2021,3,LGB,EWR,2510,6,249.32,AA,0.7500,249.70,DL,0.2500,248.15
2021,3,LGB,HPN,2510,0,229.00,AA,1.0000,229.00,AA,1.0000,229.00
2021,3,LGB,ISP,2510,0,199.00,WN,1.0000,199.00,WN,1.0000,199.00
2021,3,LGB,JFK,2510,6,276.01,DL,0.4909,263.40,DL,0.4909,263.40
2021,3,LGB,LGA,2510,12,202.36,WN,0.9107,196.12,WN,0.9107,196.12
2021,3,ONT,EWR,2510,72,288.34,AA,0.3374,296.77,F9,0.1120,90.96
2021,3,ONT,HPN,2510,2,220.50,AA,0.7500,198.33,AA,0.7500,198.33
2021,3,ONT,ISP,2510,2,174.50,F9,0.6000,129.66,F9,0.6000,129.66
2021,3,ONT,JFK,2510,209,246.92,B6,0.7239,239.06,B6,0.7239,239.06
2021,3,ONT,LGA,2510,66,258.34,AA,0.5214,257.59,WN,0.1809,234.43
2021,3,ONT,SWF,2510,0,271.67,AA,1.0000,271.67,AA,1.0000,271.67
2021,3,SNA,EWR,2510,342,352.60,UA,0.8773,354.67,NK,0.0210,135.82
2021,3,SNA,HPN,2510,4,357.52,DL,0.5500,422.77,AA,0.3000,230.09
2021,3,SNA,ISP,2510,1,294.35,WN,0.6250,278.60,AA,0.2500,200.50
2021,3,SNA,JFK,2510,159,389.82,AA,0.7335,414.25,B6,0.1111,286.75
2021,3,SNA,LGA,2510,67,293.47,AA,0.3951,286.33,WN,0.1886,251.42
2021,3,BUR,GEG,962,101,158.22,WN,0.6019,144.92,WN,0.6019,144.92
2021,3,LAX,GEG,962,375,178.09,AS,0.6213,176.51,AS,0.6213,176.51
2021,3,LGB,GEG,962,18,147.82,WN,0.8395,144.94,WN,0.8395,144.94
2021,3,ONT,GEG,962,124,180.15,WN,0.5066,164.23,WN,0.5066,164.23
2021,3,SNA,GEG,962,248,157.30,WN,0.6064,144.75,WN,0.6064,144.75
2021,3,BUR,OAK,372,732,136.54,WN,0.9988,136.58,WN,0.9988,136.58
2021,3,BUR,SFO,372,356,129.60,WN,0.8900,130.61,UA,0.1005,120.61
2021,3,BUR,SJC,372,574,131.10,WN,1.0000,131.10,WN,1.0000,131.10
2021,3,LAX,OAK,372,1029,129.81,WN,0.7294,128.92,NK,0.1092,91.47
2021,3,LAX,SFO,372,2783,128.71,UA,0.2600,141.33,B6,0.1345,105.49
2021,3,LAX,SJC,372,1030,132.87,WN,0.3987,125.70,WN,0.3987,125.70
2021,3,LGB,OAK,372,289,123.47,WN,0.9985,123.48,WN,0.9985,123.48
2021,3,LGB,SFO,372,1,122.91,WN,0.8750,121.29,WN,0.8750,121.29
2021,3,LGB,SJC,372,111,117.71,WN,0.9922,118.03,WN,0.9922,118.03
2021,3,ONT,OAK,372,391,145.61,WN,0.9939,145.61,WN,0.9939,145.61
2021,3,ONT,SFO,372,225,146.05,UA,0.8542,156.24,F9,0.1260,71.94
2021,3,ONT,SJC,372,359,136.09,WN,0.9979,136.03,WN,0.9979,136.03
2021,3,SNA,OAK,372,1043,135.94,WN,0.9579,137.98,NK,0.0361,81.61
2021,3,SNA,SFO,372,848,153.08,AS,0.5733,145.00,AS,0.5733,145.00
2021,3,SNA,SJC,372,999,144.31,WN,0.9974,144.31,WN,0.9974,144.31
2021,3,BUR,FLL,2343,17,208.24,WN,0.6000,190.41,WN,0.6000,190.41
2021,3,BUR,MIA,2343,18,200.69,WN,0.5617,150.88,WN,0.5617,150.88
2021,3,LAX,FLL,2343,1476,204.83,B6,0.4064,238.49,NK,0.1134,112.13
2021,3,LAX,MIA,2343,2073,241.79,AA,0.7440,250.34,B6,0.2046,211.82
2021,3,LGB,FLL,2343,15,140.58,WN,0.9203,134.26,WN,0.9203,134.26
2021,3,LGB,MIA,2343,15,162.23,WN,0.6028,137.74,WN,0.6028,137.74
2021,3,ONT,FLL,2343,44,240.63,AA,0.5236,245.14,WN,0.2655,204.04
2021,3,ONT,MIA,2343,69,212.56,AA,0.5206,236.01,F9,0.1044,76.36
2021,3,SNA,FLL,2343,56,274.75,UA,0.3068,296.06,WN,0.2427,189.86
2021,3,SNA,MIA,2343,60,271.48,AA,0.6541,254.22,WN,0.1351,202.81
2021,3,BUR,SDF,1843,14,284.27,WN,0.7348,253.25,WN,0.7348,253.25
2021,3,LAX,SDF,1843,213,180.58,NK,0.5909,88.97,NK,0.5909,88.97
2021,3,LGB,SDF,1843,7,242.28,WN,0.9538,240.32,WN,0.9538,240.32
2021,3,ONT,SDF,1843,35,323.78,WN,0.4068,252.46,WN,0.4068,252.46
2021,3,SNA,SDF,1843,40,303.73,WN,0.4027,288.58,WN,0.4027,288.58
2021,3,BUR,SMF,404,654,128.85,WN,0.9967,128.91,WN,0.9967,128.91
2021,3,LAX,SMF,404,982,135.63,WN,0.5109,127.11,WN,0.5109,127.11
2021,3,LGB,SMF,404,299,121.56,WN,0.9913,121.63,WN,0.9913,121.63
2021,3,ONT,SMF,404,681,131.10,WN,0.9537,133.03,F9,0.0361,71.33
2021,3,SNA,SMF,404,1073,132.77,WN,0.9596,134.43,NK,0.0298,71.18
2021,3,BUR,TPA,2158,46,225.65,WN,0.5877,201.49,WN,0.5877,201.49
2021,3,LAX,TPA,2158,517,279.86,DL,0.6377,307.39,AA,0.1678,249.04
2021,3,LGB,TPA,2158,18,204.72,WN,0.7545,183.79,WN,0.7545,183.79
2021,3,ONT,TPA,2158,77,249.18,AA,0.4775,255.76,WN,0.2648,232.80
2021,3,SNA,TPA,2158,100,272.64,AA,0.4604,266.90,WN,0.2888,220.97
2021,3,BUR,SAT,1211,53,178.72,WN,0.6653,173.40,WN,0.6653,173.40
2021,3,LAX,SAT,1211,677,175.34,DL,0.3694,176.26,WN,0.2462,165.04
2021,3,LGB,SAT,1211,44,164.01,WN,0.6733,145.36,WN,0.6733,145.36
2021,3,ONT,SAT,1211,129,203.64,WN,0.4702,188.27,WN,0.4702,188.27
2021,3,SNA,SAT,1211,119,201.48,AA,0.4809,200.50,WN,0.3579,191.74
2021,3,BUR,MEM,1619,21,263.18,WN,0.4346,231.20,WN,0.4346,231.20
2021,3,LAX,MEM,1619,410,200.79,G4,0.4260,105.19,G4,0.4260,105.19
2021,3,LGB,MEM,1619,12,221.15,WN,0.5000,189.00,WN,0.5000,189.00
2021,3,ONT,MEM,1619,51,277.34,AA,0.5254,291.94,WN,0.2225,241.85
2021,3,SNA,MEM,1619,42,287.68,AA,0.4427,292.03,WN,0.2943,250.62
2021,3,BUR,MFR,659,6,240.84,AS,0.5345,247.86,UA,0.1552,147.11
2021,3,LAX,MFR,659,186,155.28,AS,0.5044,155.45,G4,0.1485,83.24
2021,3,LGB,MFR,659,1,273.11,DL,0.5556,310.00,AA,0.4444,227.00
2021,3,ONT,MFR,659,22,206.58,UA,0.4195,206.38,AS,0.3073,198.64
2021,3,SNA,MFR,659,50,149.87,G4,0.4488,84.56,G4,0.4488,84.56
2021,3,BUR,OMA,1330,41,214.32,WN,0.6845,205.25,WN,0.6845,205.25
2021,3,LAX,OMA,1330,278,197.50,AA,0.4026,227.18,G4,0.1730,95.49
2021,3,LGB,OMA,1330,31,164.33,WN,0.8403,156.32,WN,0.8403,156.32
2021,3,ONT,OMA,1330,59,230.85,WN,0.5677,225.24,WN,0.5677,225.24
2021,3,SNA,OMA,1330,75,246.88,WN,0.5918,225.00,WN,0.5918,225.00
2021,3,BUR,MKE,1756,53,239.97,WN,0.7841,233.70,AA,0.1589,228.93
2021,3,LAX,MKE,1756,311,188.14,NK,0.4723,93.39,NK,0.4723,93.39
2021,3,LGB,MKE,1756,22,208.08,WN,0.8333,196.23,WN,0.8333,196.23
2021,3,ONT,MKE,1756,53,260.27,WN,0.4948,232.77,WN,0.4948,232.77
2021,3,SNA,MKE,1756,88,281.43,WN,0.5031,246.28,WN,0.5031,246.28
2021,3,BUR,MSO,935,8,225.96,DL,0.5811,236.13,UA,0.1081,196.12
2021,3,LAX,MSO,935,124,161.61,AS,0.3974,165.77,G4,0.1083,90.66
2021,3,LGB,MSO,935,0,439.67,DL,1.0000,439.67,DL,1.0000,439.67
2021,3,ONT,MSO,935,13,236.55,DL,0.5798,268.02,AS,0.3109,190.97
2021,3,SNA,MSO,935,34,210.78,G4,0.3302,81.73,G4,0.3302,81.73
2021,3,BUR,MSY,1670,25,219.22,WN,0.6438,206.11,WN,0.6438,206.11
2021,3,LAX,MSY,1670,789,212.60,DL,0.4615,246.60,NK,0.1468,118.77
2021,3,LGB,MSY,1670,16,191.77,WN,0.7755,177.85,WN,0.7755,177.85
2021,3,ONT,MSY,1670,50,245.73,AA,0.4496,242.61,WN,0.3553,227.62
2021,3,SNA,MSY,1670,50,258.59,AA,0.3961,274.00,WN,0.2792,244.67
2021,3,BUR,ORF,2371,12,287.54,AA,0.4783,281.78,WN,0.3391,276.79
2021,3,BUR,PHF,2371,0,246.97,AA,0.6667,272.30,AA,0.6667,272.30
2021,3,LAX,ORF,2371,212,315.61,AA,0.3877,316.20,UA,0.2772,291.91
2021,3,LAX,PHF,2371,13,331.73,AA,0.9516,333.30,AA,0.9516,333.30
2021,3,LGB,ORF,2371,5,292.38,AA,0.4681,336.61,WN,0.4681,224.25
2021,3,LGB,PHF,2371,0,347.00,AA,1.0000,347.00,AA,1.0000,347.00
2021,3,ONT,ORF,2371,52,297.72,AA,0.5705,309.01,WN,0.1452,280.81
2021,3,ONT,PHF,2371,2,266.92,AA,1.0000,266.92,AA,1.0000,266.92
2021,3,SNA,ORF,2371,42,325.26,AA,0.3760,322.19,WN,0.1125,278.01
2021,3,SNA,PHF,2371,0,418.00,AA,1.0000,418.00,AA,1.0000,418.00
2021,3,BUR,OKC,1187,37,221.97,WN,0.5179,204.85,WN,0.5179,204.85
2021,3,LAX,OKC,1187,264,230.09,AA,0.6091,264.16,G4,0.1396,94.76
2021,3,LGB,OKC,1187,22,183.96,WN,0.8146,172.34,WN,0.8146,172.34
2021,3,ONT,OKC,1187,72,229.89,WN,0.4503,233.91,WN,0.4503,233.91
2021,3,SNA,OKC,1187,81,247.07,WN,0.4672,225.71,WN,0.4672,225.71
2021,3,BUR,PBI,2330,2,302.46,AA,0.6429,169.83,AA,0.6429,169.83
2021,3,LAX,PBI,2330,188,227.25,B6,0.7169,211.37,AA,0.1259,204.44
2021,3,LGB,PBI,2330,2,245.62,AA,0.8125,272.15,DL,0.1250,136.50
2021,3,ONT,PBI,2330,17,286.08,AA,0.6115,246.09,AA,0.6115,246.09
2021,3,SNA,PBI,2330,20,349.81,AA,0.5585,337.95,AA,0.5585,337.95
2021,3,BUR,PDX,859,332,184.09,AS,0.7323,182.93,AS,0.7323,182.93
2021,3,LAX,PDX,859,2007,171.35,AS,0.6761,159.08,AS,0.6761,159.08
2021,3,LGB,PDX,859,31,179.18,WN,0.7465,165.10,WN,0.7465,165.10
2021,3,ONT,PDX,859,433,175.07,AS,0.5787,178.63,UA,0.1122,146.61
2021,3,SNA,PDX,859,729,194.81,AS,0.6965,205.67,WN,0.1485,166.37
2021,3,BUR,PHL,2402,42,282.67,AA,0.6093,295.88,WN,0.2879,258.40
2021,3,LAX,PHL,2402,1688,287.38,AA,0.8274,300.08,NK,0.0800,132.46
2021,3,LGB,PHL,2402,26,239.48,WN,0.5212,230.13,WN,0.5212,230.13
2021,3,ONT,PHL,2402,108,313.04,AA,0.5968,324.31,WN,0.1314,307.37
2021,3,SNA,PHL,2402,134,333.71,AA,0.6081,338.96,WN,0.1211,298.29
2021,3,BUR,STS,433,89,115.05,AS,0.9951,115.06,AS,0.9951,115.06
2021,3,LAX,STS,433,183,163.82,AS,0.9834,162.75,AS,0.9834,162.75
2021,3,ONT,STS,433,1,244.99,UA,0.8750,237.96,UA,0.8750,237.96
2021,3,SNA,STS,433,119,183.87,AS,0.9753,184.31,UA,0.0110,184.00
2021,3,BUR,RDU,2239,28,224.94,WN,0.6923,209.19,WN,0.6923,209.19
2021,3,LAX,RDU,2239,869,222.98,DL,0.4981,246.39,B6,0.1691,170.03
2021,3,LGB,RDU,2239,18,180.03,WN,0.8323,167.52,WN,0.8323,167.52
2021,3,ONT,RDU,2239,64,253.47,AA,0.4621,258.47,WN,0.2209,230.85
2021,3,SNA,RDU,2239,79,278.77,AA,0.4309,286.53,WN,0.2503,243.15
2021,3,BUR,RIC,2305,10,263.24,WN,0.5484,229.10,WN,0.5484,229.10
2021,3,LAX,RIC,2305,333,219.27,B6,0.4286,177.16,B6,0.4286,177.16
2021,3,LGB,RIC,2305,7,214.64,WN,0.5968,218.97,AA,0.3548,188.40
2021,3,ONT,RIC,2305,35,280.44,AA,0.6730,256.48,AA,0.6730,256.48
2021,3,SNA,RIC,2305,41,302.92,AA,0.3915,292.40,WN,0.1561,255.91
2021,3,BUR,RNO,415,94,113.73,WN,0.9885,113.40,WN,0.9885,113.40
2021,3,LAX,RNO,415,750,113.89,WN,0.1958,107.00,B6,0.1238,94.18
2021,3,LGB,RNO,415,139,97.65,WN,0.9969,97.61,WN,0.9969,97.61
2021,3,ONT,RNO,415,40,175.91,WN,0.8392,168.91,WN,0.8392,168.91
2021,3,SNA,RNO,415,153,139.78,WN,0.9196,138.22,G4,0.0235,81.76
2021,3,BUR,SLC,590,382,135.89,DL,0.6769,152.05,WN,0.3095,101.99
2021,3,LAX,SLC,590,1722,109.14,DL,0.5528,115.60,AA,0.1609,105.22
2021,3,LGB,SLC,590,346,146.66,DL,0.8831,152.37,WN,0.0933,93.86
2021,3,ONT,SLC,590,409,137.04,DL,0.8694,138.69,WN,0.1089,122.16
2021,3,SNA,SLC,590,644,181.87,DL,0.7134,198.44,WN,0.2557,137.84
2021,3,BUR,TUL,1283,31,247.20,WN,0.6370,225.56,WN,0.6370,225.56
2021,3,LAX,TUL,1283,249,187.33,AA,0.4919,230.96,G4,0.3131,102.45
2021,3,LGB,TUL,1283,17,181.57,WN,0.8516,174.75,WN,0.8516,174.75
2021,3,ONT,TUL,1283,47,242.40,WN,0.5081,223.57,WN,0.5081,223.57
2021,3,SNA,TUL,1283,51,267.10,WN,0.4174,242.77,WN,0.4174,242.77
2021,3,BUR,SAV,2152,7,236.17,WN,0.5667,242.46,AA,0.3167,226.46
2021,3,LAX,SAV,2152,126,279.81,AA,0.3801,265.89,UA,0.1740,242.96
2021,3,LGB,SAV,2152,1,235.55,AA,0.5455,237.83,WN,0.4545,232.80
2021,3,ONT,SAV,2152,28,262.31,AA,0.4291,249.59,WN,0.1260,237.72
2021,3,SNA,SAV,2152,33,298.25,AA,0.4224,294.32,UA,0.1551,267.46
2021,3,BUR,SYR,2351,2,359.26,DL,0.4737,405.28,B6,0.1053,226.00
2021,3,LAX,SYR,2351,142,378.52,AA,0.4351,352.85,AA,0.4351,352.85
2021,3,LGB,SYR,2351,1,293.89,AA,1.0000,293.89,AA,1.0000,293.89
2021,3,ONT,SYR,2351,16,355.87,AA,0.4631,355.08,F9,0.1141,178.24
2021,3,SNA,SYR,2351,21,419.32,AA,0.5469,401.59,AA,0.5469,401.59
2021,3,LIT,BUR,1494,18,253.87,WN,0.5904,229.89,WN,0.5904,229.89
2021,3,LIT,LAX,1494,142,218.18,AA,0.3078,279.23,G4,0.2473,89.95
2021,3,LIT,LGB,1494,4,201.90,WN,0.8108,192.40,WN,0.8108,192.40
2021,3,LIT,ONT,1494,34,264.28,AA,0.6317,283.94,WN,0.1968,237.25
2021,3,LIT,SNA,1494,30,279.38,AA,0.5328,299.27,WN,0.2591,239.85
2021,3,SDF,BWI,495,213,142.66,WN,0.9223,137.66,WN,0.9223,137.66
2021,3,SDF,DCA,495,157,168.54,AA,0.8960,166.77,WN,0.0374,158.05
2021,3,SDF,IAD,495,107,170.18,UA,0.9133,167.34,WN,0.0398,152.69
2021,3,SDF,EWR,699,74,233.59,UA,0.5515,211.58,UA,0.5515,211.58
2021,3,SDF,HPN,699,5,283.80,DL,0.6000,262.37,DL,0.6000,262.37
2021,3,SDF,ISP,699,13,205.89,WN,0.8136,192.60,WN,0.8136,192.60
2021,3,SDF,JFK,699,11,262.81,DL,0.5361,297.36,AA,0.4227,218.92
2021,3,SDF,LGA,699,242,198.87,DL,0.6834,203.86,AA,0.2457,181.76
2021,3,SDF,SWF,699,1,350.34,AA,1.0000,350.34,AA,1.0000,350.34
2021,3,SDF,FLL,910,154,124.58,NK,0.2775,75.54,NK,0.2775,75.54
2021,3,SDF,MIA,910,120,171.87,AA,0.6995,170.62,WN,0.1041,143.55
2021,3,SDF,PIE,729,42,73.31,G4,1.0000,73.31,G4,1.0000,73.31
2021,3,SDF,TPA,729,274,130.06,WN,0.7375,122.44,WN,0.7375,122.44
2021,3,CVG,DAL,812,31,163.04,WN,0.7762,152.24,WN,0.7762,152.24
2021,3,CVG,DFW,812,482,167.02,AA,0.7837,175.99,F9,0.1140,72.26
2021,3,CVG,AZA,1569,86,100.92,G4,1.0000,100.92,G4,1.0000,100.92
2021,3,CVG,PHX,1569,270,208.80,AA,0.4482,187.33,AA,0.4482,187.33
2021,3,CVG,BWI,430,202,141.57,WN,0.8658,132.46,WN,0.8658,132.46
2021,3,CVG,DCA,430,254,143.45,DL,0.5393,149.51,AA,0.4530,136.29
2021,3,CVG,IAD,430,97,151.57,UA,0.9291,146.88,UA,0.9291,146.88
2021,3,CVG,HOU,886,87,157.85,WN,0.7965,144.63,WN,0.7965,144.63
2021,3,CVG,IAH,886,281,196.82,UA,0.8521,195.47,WN,0.0174,156.25
2021,3,CVG,EWR,626,372,185.43,DL,0.4798,207.53,G4,0.2092,91.21
2021,3,CVG,HPN,626,8,242.67,AA,0.6056,245.53,DL,0.3239,241.94
2021,3,CVG,ISP,626,9,185.12,WN,0.6456,162.63,WN,0.6456,162.63
2021,3,CVG,JFK,626,73,235.89,DL,0.7590,243.44,AA,0.1437,201.83
2021,3,CVG,LGA,626,378,213.12,DL,0.7300,227.33,AA,0.2251,171.96
2021,3,CVG,SWF,626,1,234.74,AA,1.0000,234.74,AA,1.0000,234.74
2021,3,CVG,OAK,2036,36,253.49,WN,0.5582,249.13,F9,0.1313,101.32
2021,3,CVG,SFO,2036,196,306.71,DL,0.4884,330.33,AA,0.1857,278.33
2021,3,CVG,SJC,2036,52,325.06,DL,0.4349,382.39,WN,0.2395,263.83
2021,3,CVG,FLL,948,376,122.20,DL,0.5532,145.93,G4,0.3705,83.96
2021,3,CVG,MIA,948,198,158.51,AA,0.7448,163.73,F9,0.1029,74.28
2021,3,CVG,BUR,1900,26,233.29,WN,0.4083,204.89,WN,0.4083,204.89
2021,3,CVG,LAX,1900,392,248.83,DL,0.5650,278.03,UA,0.1137,231.42
2021,3,CVG,LGB,1900,4,238.94,WN,0.4000,232.48,AA,0.3500,197.75
2021,3,CVG,ONT,1900,52,277.47,AA,0.3896,253.31,WN,0.1312,221.16
2021,3,CVG,SNA,1900,73,289.57,AA,0.4101,288.00,WN,0.1516,238.73
2021,3,CVG,PIE,776,191,80.97,G4,1.0000,80.97,G4,1.0000,80.97
2021,3,CVG,TPA,776,400,132.22,DL,0.6130,149.99,F9,0.1985,83.47
2021,3,SMF,BWI,2395,210,253.69,WN,0.5447,249.55,AA,0.1494,247.42
2021,3,SMF,DCA,2395,123,311.42,AA,0.3793,330.73,WN,0.1733,268.85
2021,3,SMF,IAD,2395,220,346.97,UA,0.8082,353.77,WN,0.0865,285.63
2021,3,PIE,BWI,850,0,102.00,G4,1.0000,102.00,G4,1.0000,102.00
2021,3,TPA,BWI,850,903,150.68,WN,0.8256,157.34,NK,0.1187,78.08
2021,3,TPA,DCA,850,713,159.65,AA,0.5370,171.25,WN,0.4233,139.48
2021,3,TPA,IAD,850,352,179.07,UA,0.9278,177.72,WN,0.0185,149.82
2021,3,MCI,PHX,1044,592,219.06,WN,0.6359,219.19,AA,0.3116,216.98
2021,3,MCI,BWI,967,317,209.16,WN,0.8478,209.35,NK,0.0147,86.74
2021,3,MCI,DCA,967,261,209.80,AA,0.7001,211.02,WN,0.1988,194.43
2021,3,MCI,IAD,967,147,234.51,UA,0.8594,234.09,WN,0.0577,217.17
2021,3,MCI,EWR,1148,151,251.06,UA,0.4476,255.16,AA,0.2270,248.26
2021,3,MCI,HPN,1148,7,257.43,AA,0.4265,265.79,UA,0.1618,225.36
2021,3,MCI,ISP,1148,18,265.09,WN,0.8727,262.74,WN,0.8727,262.74
2021,3,MCI,JFK,1148,19,270.87,DL,0.4916,274.42,DL,0.4916,274.42
2021,3,MCI,LGA,1148,442,243.55,DL,0.6281,263.89,AA,0.2060,203.01
2021,3,MCI,SWF,1148,1,270.80,AA,1.0000,270.80,AA,1.0000,270.80
2021,3,MCI,OAK,1499,198,245.71,WN,0.9037,248.06,NK,0.0358,97.01
2021,3,MCI,SFO,1499,152,259.93,DL,0.2921,246.29,WN,0.2136,223.38
2021,3,MCI,SJC,1499,85,256.81,WN,0.5601,254.60,AA,0.1240,233.41
2021,3,MCI,FLL,1251,263,167.41,WN,0.6656,173.20,NK,0.1480,84.70
2021,3,MCI,MIA,1251,226,171.25,AA,0.6822,169.40,WN,0.2191,156.75
2021,3,MCI,BUR,1363,46,220.16,WN,0.6901,206.78,WN,0.6901,206.78
2021,3,MCI,LAX,1363,667,180.75,WN,0.3333,207.35,NK,0.2308,97.25
2021,3,MCI,LGB,1363,27,193.65,WN,0.8008,167.06,WN,0.8008,167.06
2021,3,MCI,ONT,1363,79,248.34,WN,0.4744,236.33,WN,0.4744,236.33
2021,3,MCI,SNA,1363,213,193.53,WN,0.6341,187.58,WN,0.6341,187.58
2021,3,MCI,PIE,1048,43,80.82,G4,1.0000,80.82,G4,1.0000,80.82
2021,3,MCI,TPA,1048,378,181.96,WN,0.6694,190.75,WN,0.6694,190.75
2021,3,SAT,BWI,1407,354,241.60,WN,0.7848,236.65,WN,0.7848,236.65
2021,3,SAT,DCA,1407,215,242.96,WN,0.3744,219.25,WN,0.3744,219.25
2021,3,SAT,IAD,1407,151,297.42,UA,0.6801,315.96,DL,0.1455,257.45
2021,3,SAT,OAK,1482,67,224.84,WN,0.8498,221.65,WN,0.8498,221.65
2021,3,SAT,SFO,1482,130,260.51,AA,0.3386,265.63,WN,0.2266,223.60
2021,3,SAT,SJC,1482,111,200.09,WN,0.4971,193.23,WN,0.4971,193.23
2021,3,SAT,TPA,972,256,186.40,WN,0.6569,179.43,WN,0.6569,179.43
2021,3,MEM,PHX,1264,187,213.97,AA,0.4293,229.65,WN,0.4026,197.41
2021,3,MEM,BWI,787,119,192.11,WN,0.4885,180.66,WN,0.4885,180.66
2021,3,MEM,DCA,787,183,231.01,AA,0.7650,233.76,DL,0.1318,231.81
2021,3,MEM,IAD,787,32,228.06,DL,0.4144,234.88,WN,0.2466,195.83
2021,3,MEM,EWR,1002,118,254.47,DL,0.4114,279.42,AA,0.3902,236.75
2021,3,MEM,HPN,1002,9,305.14,DL,0.5610,343.78,AA,0.3293,268.29
2021,3,MEM,ISP,1002,3,259.16,AA,0.5200,339.39,F9,0.1600,138.25
2021,3,MEM,JFK,1002,28,283.77,AA,0.4883,253.65,AA,0.4883,253.65
2021,3,MEM,LGA,1002,179,248.98,AA,0.5006,225.31,AA,0.5006,225.31
2021,3,MEM,SWF,1002,0,294.75,AA,1.0000,294.75,AA,1.0000,294.75
2021,3,MEM,FLL,859,193,154.94,G4,0.4969,102.02,G4,0.4969,102.02
2021,3,MEM,MIA,859,188,204.80,AA,0.5736,215.49,WN,0.1546,149.22
2021,3,OMA,AZA,1037,28,81.86,G4,1.0000,81.86,G4,1.0000,81.86
2021,3,OMA,PHX,1037,447,198.09,WN,0.6443,193.85,WN,0.6443,193.85
2021,3,OMA,BWI,1025,61,246.48,WN,0.4053,227.45,WN,0.4053,227.45
2021,3,OMA,DCA,1025,222,202.87,WN,0.7730,188.64,WN,0.7730,188.64
2021,3,OMA,IAD,1025,36,248.19,DL,0.3273,269.10,AA,0.1273,222.96
2021,3,OMA,OAK,1433,54,218.38,WN,0.8219,210.74,WN,0.8219,210.74
2021,3,OMA,SFO,1433,91,269.61,UA,0.2953,334.03,WN,0.2605,222.50
2021,3,OMA,SJC,1433,50,238.24,WN,0.5252,210.68,WN,0.5252,210.68
2021,3,OMA,PIE,1190,41,96.87,G4,1.0000,96.87,G4,1.0000,96.87
2021,3,OMA,TPA,1190,170,183.13,WN,0.5051,167.94,WN,0.5051,167.94
2021,3,MKE,PHX,1460,572,227.23,WN,0.5796,221.85,WN,0.5796,221.85
2021,3,MKE,BWI,641,273,170.00,WN,0.9147,166.08,WN,0.9147,166.08
2021,3,MKE,DCA,641,210,178.11,WN,0.8016,171.34,WN,0.8016,171.34
2021,3,MKE,IAD,641,67,199.20,UA,0.7812,191.70,UA,0.7812,191.70
2021,3,MKE,EWR,777,117,239.20,UA,0.4629,226.89,UA,0.4629,226.89
2021,3,MKE,HPN,777,6,267.68,DL,0.5763,257.17,UA,0.1525,250.74
2021,3,MKE,ISP,777,11,230.63,WN,0.8667,217.75,WN,0.8667,217.75
2021,3,MKE,JFK,777,15,281.33,DL,0.6087,319.31,AA,0.3116,232.60
2021,3,MKE,LGA,777,285,277.27,DL,0.8312,286.44,WN,0.0282,198.51
2021,3,MKE,SWF,777,1,284.22,AA,1.0000,284.22,AA,1.0000,284.22
2021,3,MKE,OAK,1845,57,265.44,WN,0.8585,280.63,NK,0.0841,90.23
2021,3,MKE,SFO,1845,127,306.31,DL,0.2904,330.21,WN,0.2818,281.11
2021,3,MKE,SJC,1845,67,261.04,WN,0.6048,237.73,AA,0.1839,227.83
2021,3,MKE,TPA,1075,282,175.06,WN,0.7822,169.46,F9,0.0358,80.10
2021,3,MSN,EWR,850,78,290.58,UA,0.5732,284.80,AA,0.1060,278.09
2021,3,MSN,HPN,850,6,341.44,AA,0.4630,363.94,DL,0.4259,302.87
2021,3,MSN,ISP,850,1,334.46,AA,1.0000,334.46,AA,1.0000,334.46
2021,3,MSN,JFK,850,12,318.54,DL,0.6147,355.21,AA,0.3119,262.98
2021,3,MSN,LGA,850,88,318.21,DL,0.7457,314.86,DL,0.7457,314.86
2021,3,MSN,SWF,850,0,268.00,AA,1.0000,268.00,AA,1.0000,268.00
2021,3,MSY,PHX,1300,212,230.58,WN,0.4877,223.21,WN,0.4877,223.21
2021,3,MSY,BWI,998,397,169.14,WN,0.7176,178.68,NK,0.1631,99.20
2021,3,MSY,DCA,998,262,220.84,AA,0.7034,220.82,WN,0.1727,195.59
2021,3,MSY,IAD,998,130,226.73,UA,0.8704,226.17,WN,0.0518,212.66
2021,3,MSY,EWR,1218,472,185.59,UA,0.7035,202.21,NK,0.2317,115.17
2021,3,MSY,HPN,1218,8,258.13,DL,0.5676,268.02,AA,0.3514,248.54
2021,3,MSY,ISP,1218,10,206.83,WN,0.9556,209.64,AA,0.0444,146.50
2021,3,MSY,JFK,1218,370,218.39,B6,0.5070,190.90,B6,0.5070,190.90
2021,3,MSY,LGA,1218,249,240.74,DL,0.6217,262.99,WN,0.1909,189.54
2021,3,MSY,SWF,1218,0,309.50,AA,1.0000,309.50,AA,1.0000,309.50
2021,3,MSY,OAK,1911,106,224.86,WN,0.7963,228.87,WN,0.7963,228.87
2021,3,MSY,SFO,1911,172,286.70,UA,0.4048,333.89,WN,0.1526,234.36
2021,3,MSY,SJC,1911,68,255.53,WN,0.4912,232.79,WN,0.4912,232.79
2021,3,MSY,TPA,488,271,137.59,WN,0.6503,140.61,NK,0.2140,88.72
2021,3,MVY,EWR,192,52,165.57,B6,0.9896,164.05,B6,0.9896,164.05
2021,3,MVY,JFK,192,195,169.79,B6,0.7709,170.06,DL,0.2291,168.86
2021,3,MVY,LGA,192,90,161.56,B6,0.8301,156.24,B6,0.8301,156.24
2021,3,SAN,BWI,2295,536,297.75,WN,0.7560,286.68,WN,0.7560,286.68
2021,3,SAN,DCA,2295,334,284.56,AA,0.4424,299.88,WN,0.2274,239.57
2021,3,SAN,IAD,2295,538,346.68,UA,0.9010,349.10,WN,0.0303,270.94
2021,3,SAN,OAK,447,956,159.90,WN,0.9926,160.09,WN,0.9926,160.09
2021,3,SAN,SFO,447,1917,148.94,AS,0.3582,143.84,WN,0.3214,135.65
2021,3,SAN,SJC,447,1664,137.14,WN,0.6724,137.42,AS,0.3241,136.19
2021,3,SAN,TPA,2087,258,262.03,WN,0.3675,238.88,WN,0.3675,238.88
2021,3,ORF,SEA,2437,191,297.99,AA,0.3974,277.54,AA,0.3974,277.54
2021,3,PHF,SEA,2437,16,328.86,AA,1.0000,328.86,AA,1.0000,328.86
2021,3,ORF,MCO,662,374,147.22,WN,0.5078,150.37,F9,0.2028,74.00
2021,3,PHF,MCO,662,16,208.41,AA,0.9932,208.60,AA,0.9932,208.60
2021,3,ORF,PIE,726,23,78.30,G4,1.0000,78.30,G4,1.0000,78.30
2021,3,ORF,TPA,726,146,166.97,AA,0.3894,162.01,UA,0.1690,120.69
2021,3,PHF,TPA,726,14,179.85,AA,1.0000,179.85,AA,1.0000,179.85
2021,3,ORF,SAN,2330,355,288.35,WN,0.4488,246.50,WN,0.4488,246.50
2021,3,PHF,SAN,2330,16,326.95,AA,0.9932,324.88,AA,0.9932,324.88
2021,3,PNS,BWI,846,96,162.53,WN,0.6840,144.01,WN,0.6840,144.01
2021,3,PNS,DCA,846,164,167.52,AA,0.8372,166.19,WN,0.0718,141.83
2021,3,PNS,IAD,846,81,164.63,UA,0.8458,158.00,UA,0.8458,158.00
2021,3,OKC,PHX,833,260,200.12,WN,0.6064,188.22,WN,0.6064,188.22
2021,3,OKC,BWI,1180,79,247.64,WN,0.5220,239.53,WN,0.5220,239.53
2021,3,OKC,DCA,1180,176,225.31,AA,0.5641,234.86,WN,0.3344,195.80
2021,3,OKC,IAD,1180,39,246.53,UA,0.4622,253.61,WN,0.1989,220.68
2021,3,PDX,BWI,2358,184,278.85,WN,0.3719,267.20,WN,0.3719,267.20
2021,3,PDX,DCA,2358,361,264.45,AS,0.7785,253.77,F9,0.0102,129.33
2021,3,PDX,IAD,2358,208,300.22,UA,0.7580,300.68,WN,0.0512,258.16
2021,3,PDX,OAK,569,511,160.22,WN,0.7909,155.44,WN,0.7909,155.44
2021,3,PDX,SFO,569,1112,156.97,AS,0.5776,144.63,AS,0.5776,144.63
2021,3,PDX,SJC,569,672,158.69,AS,0.6518,157.17,AS,0.6518,157.17
2021,3,PDX,TPA,2497,204,260.70,DL,0.2950,278.21,WN,0.1560,245.28
2021,3,PHL,PHX,2075,793,282.28,AA,0.8598,287.49,F9,0.0216,118.58
2021,3,PHL,OAK,2521,74,249.65,WN,0.5492,285.21,NK,0.2188,145.31
2021,3,PHL,SFO,2521,861,344.06,AA,0.6519,357.62,UA,0.2166,337.58
2021,3,PHL,SJC,2521,93,338.86,AA,0.3849,356.60,WN,0.2884,300.60
2021,3,PHL,TPA,920,1151,148.71,AA,0.7621,157.92,F9,0.1406,86.26
2021,3,PSP,OAK,421,210,129.62,WN,0.9979,129.67,WN,0.9979,129.67
2021,3,PSP,SFO,421,311,165.75,AS,0.6300,157.20,AS,0.6300,157.20
2021,3,PSP,SJC,421,4,168.67,WN,0.7568,159.72,WN,0.7568,159.72
2021,3,PWM,BWI,493,265,173.15,WN,0.9918,172.84,WN,0.9918,172.84
2021,3,PWM,DCA,493,205,217.77,AA,0.9512,219.04,DL,0.0350,178.42
2021,3,PWM,IAD,493,147,177.24,UA,0.9867,177.30,UA,0.9867,177.30
2021,3,RDM,OAK,477,4,218.70,AS,0.9714,223.37,AS,0.9714,223.37
2021,3,RDM,SFO,477,195,195.98,UA,0.5781,210.25,AS,0.4079,176.11
2021,3,RDM,SJC,477,11,219.82,AS,0.7255,235.26,DL,0.2549,180.10
2021,3,RDM,BUR,751,10,250.46,AS,0.7579,256.09,UA,0.0947,195.44
2021,3,RDM,LAX,751,189,205.16,UA,0.4830,213.69,AS,0.4744,191.46
2021,3,RDM,LGB,751,1,218.38,AA,0.6250,248.20,DL,0.3750,168.67
2021,3,RDM,ONT,751,20,219.77,AS,0.4317,215.74,UA,0.2077,194.57
2021,3,RDM,SNA,751,53,225.29,AS,0.5938,224.50,UA,0.2103,211.91
2021,3,RDU,BWI,255,236,158.81,WN,0.9480,158.24,WN,0.9480,158.24
2021,3,RDU,DCA,255,167,166.69,AA,0.9955,166.75,AA,0.9955,166.75
2021,3,RDU,IAD,255,108,160.40,UA,0.9848,159.15,UA,0.9848,159.15
2021,3,RDU,OAK,2400,57,252.02,WN,0.7927,248.62,WN,0.7927,248.62
2021,3,RDU,SFO,2400,442,288.85,UA,0.5951,288.56,UA,0.5951,288.56
2021,3,RDU,SJC,2400,78,310.61,WN,0.3587,266.22,WN,0.3587,266.22
2021,3,RDU,TPA,587,466,137.17,DL,0.5712,142.52,WN,0.3210,124.71
2021,3,RNO,BWI,2286,78,318.97,WN,0.6128,288.86,WN,0.6128,288.86
2021,3,RNO,DCA,2286,74,307.64,AA,0.6511,301.48,WN,0.1328,239.67
2021,3,RNO,IAD,2286,48,324.26,UA,0.4531,374.26,WN,0.2380,258.88
2021,3,ROC,BWI,296,77,159.28,WN,1.0000,159.28,WN,1.0000,159.28
2021,3,ROC,DCA,296,70,167.64,AA,0.9599,165.69,AA,0.9599,165.69
2021,3,ROC,IAD,296,41,189.43,UA,0.9789,188.76,UA,0.9789,188.76
2021,3,SLC,BWI,1865,357,260.89,WN,0.4629,238.42,WN,0.4629,238.42
2021,3,SLC,DCA,1865,319,297.74,DL,0.6420,331.01,AA,0.1439,263.77
2021,3,SLC,IAD,1865,214,296.68,DL,0.6266,312.24,WN,0.1344,225.04
2021,3,SLC,OAK,599,493,139.59,WN,0.5624,127.06,WN,0.5624,127.06
2021,3,SLC,SFO,599,658,151.11,DL,0.5839,152.64,AS,0.1303,130.92
2021,3,SLC,SJC,599,354,169.02,DL,0.6891,185.63,WN,0.2866,128.67
2021,3,SLC,TPA,1888,288,235.51,DL,0.6126,260.98,WN,0.1716,187.60
2021,3,SAV,BWI,549,201,147.20,WN,0.7981,143.40,G4,0.0644,98.26
2021,3,SAV,DCA,549,137,157.21,AA,0.9019,151.59,AA,0.9019,151.59
2021,3,SAV,IAD,549,103,162.72,UA,0.9536,160.92,UA,0.9536,160.92
2021,3,SGF,PIE,898,155,87.11,G4,1.0000,87.11,G4,1.0000,87.11
2021,3,SGF,TPA,898,30,262.59,AA,0.6496,259.23,AA,0.6496,259.23
2021,3,SRQ,BWI,880,304,146.80,WN,0.8531,151.32,G4,0.0986,75.71
2021,3,SRQ,DCA,880,128,171.67,AA,0.8147,175.76,DL,0.1041,175.25
2021,3,SRQ,IAD,880,92,176.86,UA,0.8550,178.89,WN,0.0248,89.15
2021,3,SYR,PIE,1111,146,110.82,G4,1.0000,110.82,G4,1.0000,110.82
2021,3,SYR,TPA,1111,86,242.50,AA,0.5532,225.77,UA,0.1873,213.38
2021,3,TYS,EWR,684,141,157.00,G4,0.6184,98.66,G4,0.6184,98.66
2021,3,TYS,HPN,684,10,305.22,AA,0.7053,297.32,AA,0.7053,297.32
2021,3,TYS,ISP,684,3,265.25,AA,1.0000,265.25,AA,1.0000,265.25
2021,3,TYS,JFK,684,17,293.32,DL,0.4875,312.23,AA,0.4812,266.51
2021,3,TYS,LGA,684,69,276.37,DL,0.5008,286.02,AA,0.4406,261.27
2021,3,TYS,SWF,684,0,315.00,AA,1.0000,315.00,AA,1.0000,315.00
2021,3,TYS,FLL,724,160,117.43,G4,0.8171,88.52,G4,0.8171,88.52
2021,3,TYS,MIA,724,61,199.82,AA,0.7554,175.85,AA,0.7554,175.85
2021,3,TYS,PIE,550,173,76.31,G4,1.0000,76.31,G4,1.0000,76.31
2021,3,TYS,TPA,550,55,256.20,DL,0.6409,275.74,AA,0.3413,222.56
2021,4,ABQ,DAL,580,279,172.87,WN,0.9992,172.87,WN,0.9992,172.87
2021,4,ABQ,DFW,580,293,176.70,AA,0.9785,176.37,AA,0.9785,176.37
2021,4,ABQ,PHX,328,475,167.75,WN,0.6208,170.21,AA,0.3789,163.60
2021,4,ABQ,BWI,1670,157,256.10,WN,0.6964,255.48,WN,0.6964,255.48
2021,4,ABQ,DCA,1670,156,290.30,AA,0.3862,304.81,WN,0.3380,250.90
2021,4,ABQ,IAD,1670,61,303.94,UA,0.4654,332.53,WN,0.1741,231.91
2021,4,ABQ,MDW,1121,98,222.15,WN,0.9922,221.66,WN,0.9922,221.66
2021,4,ABQ,ORD,1121,214,245.41,AA,0.6063,237.12,AA,0.6063,237.12
2021,4,ABQ,HOU,759,169,196.26,WN,0.9731,195.87,WN,0.9731,195.87
2021,4,ABQ,IAH,759,163,212.11,UA,0.8651,212.11,WN,0.0681,206.88
2021,4,ABQ,EWR,1861,74,309.52,AA,0.4449,276.87,AA,0.4449,276.87
2021,4,ABQ,HPN,1861,7,240.68,DL,0.5625,265.21,AA,0.2812,205.44
2021,4,ABQ,ISP,1861,3,218.07,WN,0.9000,210.56,WN,0.9000,210.56
2021,4,ABQ,JFK,1861,191,225.39,B6,0.8766,220.83,B6,0.8766,220.83
2021,4,ABQ,LGA,1861,133,260.85,AA,0.5045,245.68,WN,0.2229,223.20
2021,4,ABQ,OAK,896,203,210.94,WN,0.9496,207.06,WN,0.9496,207.06
2021,4,ABQ,SFO,896,184,237.21,UA,0.6397,247.24,WN,0.1415,213.45
2021,4,ABQ,SJC,896,75,224.85,WN,0.6372,213.13,WN,0.6372,213.13
2021,4,ABQ,BUR,677,38,205.95,WN,0.6997,202.74,WN,0.6997,202.74
2021,4,ABQ,LAX,677,620,177.27,WN,0.3462,164.99,WN,0.3462,164.99
2021,4,ABQ,LGB,677,19,192.99,WN,0.6628,189.67,WN,0.6628,189.67
2021,4,ABQ,ONT,677,55,209.53,WN,0.6850,201.87,WN,0.6850,201.87
2021,4,ABQ,SNA,677,75,213.42,WN,0.6975,212.42,AA,0.2547,206.10
2021,4,COS,DAL,602,197,138.50,WN,0.9994,138.48,WN,0.9994,138.48
2021,4,COS,DFW,602,276,160.16,AA,0.9792,159.08,AA,0.9792,159.08
2021,4,COS,PHX,551,342,134.29,WN,0.8554,134.51,F9,0.0922,84.27
2021,4,COS,BWI,1503,58,253.47,WN,0.5929,237.13,WN,0.5929,237.13
2021,4,COS,DCA,1503,69,232.29,AA,0.4577,228.25,WN,0.2712,203.09
2021,4,COS,IAD,1503,56,269.97,UA,0.6199,303.31,WN,0.2573,211.17
2021,4,COS,BUR,833,31,187.12,WN,0.7553,170.76,WN,0.7553,170.76
2021,4,COS,LAX,833,104,207.86,UA,0.6660,218.99,WN,0.2529,172.10
2021,4,COS,LGB,833,23,128.93,WN,0.9352,122.05,WN,0.9352,122.05
2021,4,COS,ONT,833,49,177.36,WN,0.7121,157.66,WN,0.7121,157.66
2021,4,COS,SNA,833,55,190.58,WN,0.6515,171.45,WN,0.6515,171.45
2021,4,DAL,PIT,1067,127,216.84,WN,0.9727,215.16,WN,0.9727,215.16
2021,4,DFW,PIT,1067,449,245.03,AA,0.9257,245.04,UA,0.0196,227.80
2021,4,DAL,DEN,651,1086,149.53,WN,0.9988,149.52,WN,0.9988,149.52
2021,4,DFW,DEN,651,1773,155.33,AA,0.6115,163.90,UA,0.2810,160.94
2021,4,DAL,TUS,824,20,218.17,WN,0.9947,217.69,WN,0.9947,217.69
2021,4,DFW,TUS,824,256,248.67,AA,0.9647,249.29,UA,0.0178,204.31
2021,4,DAL,PHX,879,978,177.85,WN,0.9986,177.75,WN,0.9986,177.75
2021,4,DFW,PHX,879,1395,208.40,AA,0.8771,220.01,F9,0.0351,88.43
2021,4,DAL,BDL,1471,34,246.58,WN,0.8861,246.58,WN,0.8861,246.58
2021,4,DFW,BDL,1471,245,278.42,AA,0.8621,278.35,UA,0.0288,268.92
2021,4,DAL,SEA,1670,307,214.10,AS,0.7247,211.16,AS,0.7247,211.16
2021,4,DFW,SEA,1670,1185,233.36,AA,0.5363,240.87,AS,0.3887,226.96
2021,4,DAL,ELP,562,421,168.27,WN,0.9997,168.28,WN,0.9997,168.28
2021,4,DFW,ELP,562,416,168.00,AA,0.9908,167.12,AA,0.9908,167.12
2021,4,DAL,BNA,631,623,166.99,WN,0.9920,166.51,WN,0.9920,166.51
2021,4,DFW,BNA,631,763,174.49,AA,0.9462,175.76,F9,0.0249,76.27
2021,4,DAL,BWI,1217,605,185.20,WN,0.9844,185.31,DL,0.0135,182.39
2021,4,DAL,DCA,1217,502,185.80,WN,0.9898,185.31,WN,0.9898,185.31
2021,4,DAL,IAD,1217,16,226.86,WN,0.7823,207.00,WN,0.7823,207.00
2021,4,DFW,BWI,1217,658,184.20,AA,0.7130,206.06,NK,0.2201,108.85
2021,4,DFW,DCA,1217,957,243.81,AA,0.9658,243.57,AA,0.9658,243.57
2021,4,DFW,IAD,1217,453,226.66,UA,0.5608,227.85,AA,0.4085,222.79
2021,4,DAL,STL,550,485,175.11,WN,0.9933,174.71,WN,0.9933,174.71
2021,4,DFW,STL,550,509,178.27,AA,0.9741,176.92,AA,0.9741,176.92
2021,4,DAL,JAX,918,56,205.82,WN,0.8713,200.58,WN,0.8713,200.58
2021,4,DFW,JAX,918,453,223.72,AA,0.9316,220.69,AA,0.9316,220.69
2021,4,DAL,DTW,986,69,158.42,WN,0.9493,151.10,WN,0.9493,151.10
2021,4,DFW,DTW,986,1151,184.18,DL,0.5496,196.13,AA,0.4077,172.99
2021,4,DAL,DSM,624,11,183.40,WN,0.9901,181.87,WN,0.9901,181.87
2021,4,DFW,DSM,624,187,227.95,AA,0.8906,234.07,UA,0.0716,178.41
2021,4,DAL,HOU,247,725,154.54,WN,0.9981,154.53,WN,0.9981,154.53
2021,4,DAL,IAH,247,166,122.81,WN,1.0000,122.81,WN,1.0000,122.81
2021,4,DFW,HOU,247,154,147.32,AA,0.9732,147.74,AA,0.9732,147.74
2021,4,DFW,IAH,247,637,140.26,UA,0.5063,141.36,AA,0.4920,139.07
2021,4,DAL,MCO,985,780,185.60,WN,0.9861,184.31,WN,0.9861,184.31
2021,4,DFW,MCO,985,1651,197.81,AA,0.7608,219.86,NK,0.1508,108.60
2021,4,DAL,ECP,685,127,179.41,WN,0.9794,177.76,WN,0.9794,177.76
2021,4,DFW,ECP,685,86,205.41,AA,0.8868,205.15,AA,0.8868,205.15
2021,4,DAL,VPS,641,71,167.52,WN,0.9800,166.83,WN,0.9800,166.83
2021,4,DFW,VPS,641,149,201.61,AA,0.9430,201.17,AA,0.9430,201.17
2021,4,DAL,FAT,1325,29,231.59,WN,0.9483,233.54,AS,0.0480,201.45
2021,4,DFW,FAT,1325,202,255.61,AA,0.8937,259.17,F9,0.0102,108.26
2021,4,DAL,MSP,853,102,139.34,WN,0.9787,136.60,WN,0.9787,136.60
2021,4,DFW,MSP,853,1258,154.78,DL,0.5010,163.54,AA,0.4324,151.76
2021,4,DAL,EWR,1428,5,200.45,DL,1.0000,200.45,DL,1.0000,200.45
2021,4,DAL,HPN,1428,2,252.40,DL,0.9500,246.85,DL,0.9500,246.85
2021,4,DAL,ISP,1428,16,167.82,WN,1.0000,167.82,WN,1.0000,167.82
2021,4,DAL,JFK,1428,2,216.50,DL,0.9375,215.40,DL,0.9375,215.40
2021,4,DAL,LGA,1428,496,160.99,WN,0.9838,160.63,WN,0.9838,160.63
2021,4,DFW,EWR,1428,1490,180.71,UA,0.5502,174.20,UA,0.5502,174.20
2021,4,DFW,HPN,1428,20,214.23,AA,0.6865,210.37,AA,0.6865,210.37
2021,4,DFW,ISP,1428,6,299.98,AA,0.9310,310.63,F9,0.0345,98.00
2021,4,DFW,JFK,1428,707,162.23,AA,0.3622,169.30,B6,0.2900,136.34
2021,4,DFW,LGA,1428,2431,182.63,AA,0.6387,194.78,DL,0.2387,177.59
2021,4,DAL,RSW,1017,109,189.10,WN,0.9620,184.70,WN,0.9620,184.70
2021,4,DFW,RSW,1017,363,225.09,AA,0.9464,223.82,UA,0.0222,220.76
2021,4,DAL,GSP,862,33,202.47,WN,0.7687,193.24,WN,0.7687,193.24
2021,4,DFW,GSP,862,196,234.06,AA,0.8876,232.10,UA,0.0105,211.01
2021,4,DAL,GRR,931,30,213.69,WN,0.8885,206.21,WN,0.8885,206.21
2021,4,DFW,GRR,931,198,262.51,AA,0.7272,268.67,DL,0.2151,254.33
2021,4,DAL,GSO,999,5,261.97,DL,1.0000,261.97,DL,1.0000,261.97
2021,4,DFW,GSO,999,174,244.22,AA,0.9132,243.73,AA,0.9132,243.73
2021,4,DAL,LAS,1067,902,199.84,WN,0.9974,199.78,WN,0.9974,199.78
2021,4,DFW,LAS,1067,2010,199.92,AA,0.6649,240.90,NK,0.1852,105.14
2021,4,DAL,IND,761,198,198.13,WN,0.9725,195.47,WN,0.9725,195.47
2021,4,DFW,IND,761,487,225.48,AA,0.9281,224.03,AA,0.9281,224.03
2021,4,DAL,OAK,1476,347,191.97,WN,0.9934,191.96,WN,0.9934,191.96
2021,4,DAL,SFO,1476,196,206.67,AS,0.7720,214.81,WN,0.2153,178.09
2021,4,DAL,SJC,1476,290,202.13,WN,0.9831,201.40,WN,0.9831,201.40
2021,4,DFW,OAK,1476,46,177.40,DL,0.5131,222.59,F9,0.1211,108.91
2021,4,DFW,SFO,1476,1153,234.77,AA,0.7522,244.75,AA,0.7522,244.75
2021,4,DFW,SJC,1476,266,261.00,AA,0.8735,260.41,UA,0.0167,241.24
2021,4,DAL,FLL,1121,307,157.93,WN,0.9908,156.71,WN,0.9908,156.71
2021,4,DAL,MIA,1121,202,155.57,WN,0.9769,153.93,WN,0.9769,153.93
2021,4,DFW,FLL,1121,742,174.21,AA,0.7689,186.88,NK,0.1974,110.09
2021,4,DFW,MIA,1121,1124,192.39,AA,0.9047,196.68,F9,0.0153,103.17
2021,4,DAL,BUR,1246,151,193.76,WN,0.9971,193.70,WN,0.9971,193.70
2021,4,DAL,LAX,1246,752,171.88,WN,0.8297,175.04,AS,0.1644,156.39
2021,4,DAL,LGB,1246,134,162.78,WN,0.9943,162.59,WN,0.9943,162.59
2021,4,DAL,ONT,1246,169,203.87,WN,0.9968,203.89,WN,0.9968,203.89
2021,4,DAL,SNA,1246,152,203.79,WN,0.9943,203.94,WN,0.9943,203.94
2021,4,DFW,BUR,1246,207,236.80,AA,0.9627,237.72,AA,0.9627,237.72
2021,4,DFW,LAX,1246,2666,190.82,AA,0.7158,202.80,NK,0.1250,121.74
2021,4,DFW,LGB,1246,50,197.43,AA,0.9232,195.39,AA,0.9232,195.39
2021,4,DFW,ONT,1246,567,206.20,AA,0.8776,217.99,F9,0.1029,93.87
2021,4,DFW,SNA,1246,916,237.28,AA,0.9589,236.77,AA,0.9589,236.77
2021,4,DAL,LIT,304,90,128.40,WN,1.0000,128.40,WN,1.0000,128.40
2021,4,DFW,LIT,304,169,159.35,AA,0.9910,159.02,AA,0.9910,159.02
2021,4,DAL,LBB,293,236,147.90,WN,1.0000,147.90,WN,1.0000,147.90
2021,4,DFW,LBB,293,130,182.48,AA,0.9967,182.43,AA,0.9967,182.43
2021,4,DAL,SDF,733,77,181.99,WN,0.9550,181.01,WN,0.9550,181.01
2021,4,DFW,SDF,733,278,198.56,AA,0.9430,194.92,AA,0.9430,194.92
2021,4,DAL,MAF,319,180,149.87,WN,0.9976,149.88,WN,0.9976,149.88
2021,4,DFW,MAF,319,122,177.92,AA,0.9742,175.52,AA,0.9742,175.52
2021,4,DAL,SMF,1442,251,245.72,WN,0.9857,245.95,WN,0.9857,245.95
2021,4,DFW,SMF,1442,455,270.89,AA,0.8773,275.46,NK,0.0253,127.94
2021,4,DAL,TPA,929,403,155.98,WN,0.9806,154.58,WN,0.9806,154.58
2021,4,DFW,TPA,929,854,171.58,AA,0.8424,180.15,F9,0.0291,84.80
2021,4,DAL,MCI,461,474,164.96,WN,0.9998,164.96,WN,0.9998,164.96
2021,4,DFW,MCI,461,491,172.08,AA,0.9894,171.29,AA,0.9894,171.29
2021,4,DAL,SAT,247,481,154.63,WN,0.9982,154.69,WN,0.9982,154.69
2021,4,DFW,SAT,247,408,167.97,AA,0.9752,168.44,UA,0.0179,152.56
2021,4,DAL,MEM,431,135,139.46,WN,0.9871,138.25,WN,0.9871,138.25
2021,4,DFW,MEM,431,466,164.22,AA,0.9739,162.84,AA,0.9739,162.84
2021,4,DFW,MFE,469,192,219.66,AA,0.9598,219.82,AA,0.9598,219.82
2021,4,DAL,OMA,586,109,168.19,WN,0.9990,168.20,WN,0.9990,168.20
2021,4,DFW,OMA,586,297,180.77,AA,0.9700,179.57,AA,0.9700,179.57
2021,4,DAL,MKE,853,123,186.80,WN,0.9727,185.65,WN,0.9727,185.65
2021,4,DFW,MKE,853,354,197.18,AA,0.9324,193.96,UA,0.0114,193.49
2021,4,DAL,MSY,447,659,135.10,WN,0.9977,134.94,WN,0.9977,134.94
2021,4,DFW,MSY,447,540,162.79,AA,0.8893,168.57,NK,0.0727,85.28
2021,4,DAL,SAN,1182,495,205.84,WN,0.9969,205.70,WN,0.9969,205.70
2021,4,DFW,SAN,1182,960,227.86,AA,0.8435,235.57,F9,0.0808,112.54
2021,4,DAL,ORF,1212,42,231.44,WN,0.8420,215.85,WN,0.8420,215.85
2021,4,DFW,ORF,1212,282,259.65,AA,0.8460,258.42,AA,0.8460,258.42
2021,4,DFW,PHF,1212,8,244.88,AA,0.9868,245.62,AA,0.9868,245.62
2021,4,DAL,PNS,604,76,165.32,WN,0.9672,162.11,WN,0.9672,162.11
2021,4,DFW,PNS,604,179,191.08,AA,0.9325,187.18,AA,0.9325,187.18
2021,4,DAL,PBI,1102,12,303.10,DL,0.6667,340.89,WN,0.3333,227.53
2021,4,DFW,PBI,1102,240,282.00,AA,0.9317,282.18,AA,0.9317,282.18
2021,4,DAL,PDX,1626,62,256.11,WN,0.7930,257.81,AS,0.1860,248.40
2021,4,DFW,PDX,1626,625,252.76,AA,0.6184,262.60,AS,0.2947,237.23
2021,4,DAL,PHL,1303,81,201.59,WN,0.9131,199.04,WN,0.9131,199.04
2021,4,DFW,PHL,1303,1189,215.26,AA,0.9159,221.33,F9,0.0420,87.80
2021,4,DAL,PSP,1137,28,211.77,WN,0.9922,212.12,WN,0.9922,212.12
2021,4,DFW,PSP,1137,189,257.69,AA,0.9793,256.64,UA,0.0115,248.40
2021,4,DAL,RDU,1061,158,213.36,WN,0.9153,208.95,WN,0.9153,208.95
2021,4,DFW,RDU,1061,615,227.02,AA,0.9058,226.73,AA,0.9058,226.73
2021,4,DAL,RIC,1158,41,217.53,WN,0.7071,201.62,WN,0.7071,201.62
2021,4,DFW,RIC,1158,323,252.01,AA,0.8323,260.27,DL,0.1233,219.26
2021,4,DAL,RNO,1356,59,230.25,WN,0.9762,232.73,AS,0.0183,121.20
2021,4,DFW,RNO,1356,208,269.03,AA,0.9408,268.58,AA,0.9408,268.58
2021,4,DAL,SLC,999,198,187.15,WN,0.9918,187.48,WN,0.9918,187.48
2021,4,DFW,SLC,999,991,206.79,DL,0.5078,205.54,DL,0.5078,205.54
2021,4,DAL,TUL,238,88,141.86,WN,1.0000,141.86,WN,1.0000,141.86
2021,4,DFW,TUL,238,139,160.92,AA,0.9852,160.56,AA,0.9852,160.56
2021,4,DAL,SAV,925,96,179.82,WN,0.9318,174.79,WN,0.9318,174.79
2021,4,DFW,SAV,925,180,230.24,AA,0.8795,225.69,AA,0.8795,225.69
2021,4,DAL,TYS,771,4,342.82,DL,1.0000,342.82,DL,1.0000,342.82
2021,4,DFW,TYS,771,194,277.94,AA,0.9266,276.16,UA,0.0168,230.81
2021,4,PIT,BWI,210,70,135.10,WN,0.9567,133.37,WN,0.9567,133.37
2021,4,PIT,DCA,210,126,142.42,AA,0.9879,142.46,AA,0.9879,142.46
2021,4,PIT,IAD,210,57,143.29,UA,0.9981,143.41,UA,0.9981,143.41
2021,4,PIT,OAK,2254,44,266.71,WN,0.7819,284.86,NK,0.1716,161.84
2021,4,PIT,SFO,2254,207,345.16,UA,0.4226,396.18,AA,0.2084,300.95
2021,4,PIT,SJC,2254,70,311.71,WN,0.4330,318.60,AA,0.2259,270.26
2021,4,PIT,PIE,878,53,91.98,G4,1.0000,91.98,G4,1.0000,91.98
2021,4,PIT,TPA,878,510,167.30,WN,0.5939,176.20,NK,0.1818,96.87
2021,4,HSV,BWI,641,41,241.87,DL,0.6330,246.52,AA,0.3351,237.79
2021,4,HSV,DCA,641,195,234.44,AA,0.9263,228.52,AA,0.9263,228.52
2021,4,HSV,IAD,641,65,208.44,UA,0.8252,199.61,UA,0.8252,199.61
2021,4,ALB,BWI,325,121,150.49,WN,1.0000,150.49,WN,1.0000,150.49
2021,4,ALB,DCA,325,116,183.96,AA,0.9617,185.95,UA,0.0327,116.57
2021,4,ALB,IAD,325,47,174.16,UA,0.9884,173.67,UA,0.9884,173.67
2021,4,ALB,MDW,723,78,173.44,WN,0.9944,172.92,WN,0.9944,172.92
2021,4,ALB,ORD,723,201,195.13,UA,0.6528,186.49,UA,0.6528,186.49
2021,4,ALB,FLL,1225,285,182.07,B6,0.7286,178.27,B6,0.7286,178.27
2021,4,ALB,MIA,1225,74,177.89,AA,0.4507,194.65,F9,0.1885,107.63
2021,4,ALB,BUR,2468,7,259.95,WN,0.8525,261.38,UA,0.0492,138.33
2021,4,ALB,LAX,2468,129,358.82,AA,0.3730,360.65,WN,0.1511,299.27
2021,4,ALB,LGB,2468,5,267.45,WN,0.9318,254.59,WN,0.9318,254.59
2021,4,ALB,ONT,2468,12,308.49,WN,0.3571,260.05,WN,0.3571,260.05
2021,4,ALB,SNA,2468,25,382.63,UA,0.4156,423.90,WN,0.1255,247.72
2021,4,ALB,PIE,1138,73,102.74,G4,1.0000,102.74,G4,1.0000,102.74
2021,4,ALB,TPA,1138,194,192.75,WN,0.4891,208.40,F9,0.1453,89.98
2021,4,AMA,DAL,323,131,134.65,WN,0.9958,134.90,WN,0.9958,134.90
2021,4,AMA,DFW,323,106,155.07,AA,0.9825,154.66,AA,0.9825,154.66
2021,4,DEN,PHX,602,2872,149.78,WN,0.4549,159.65,AA,0.2574,137.41
2021,4,DEN,BWI,1491,880,210.87,WN,0.6438,216.43,WN,0.6438,216.43
2021,4,DEN,DCA,1491,712,176.20,F9,0.5567,112.76,F9,0.5567,112.76
2021,4,DEN,IAD,1491,1033,236.16,UA,0.7446,251.36,WN,0.2318,187.10
2021,4,DEN,HOU,883,834,154.31,WN,0.9861,153.76,WN,0.9861,153.76
2021,4,DEN,IAH,883,1663,171.52,UA,0.6458,194.11,WN,0.2329,137.59
2021,4,DEN,EWR,1659,1192,246.47,UA,0.9642,247.45,AA,0.0126,207.28
2021,4,DEN,HPN,1659,14,262.69,AA,0.4365,209.80,AA,0.4365,209.80
2021,4,DEN,ISP,1659,16,202.52,WN,0.8493,208.70,F9,0.0685,145.00
2021,4,DEN,JFK,1659,500,210.24,DL,0.5487,230.33,B6,0.3595,181.93
2021,4,DEN,LGA,1659,1892,209.04,UA,0.4243,225.82,B6,0.1520,169.30
2021,4,DEN,OAK,967,629,162.41,WN,0.9237,166.27,F9,0.0509,82.03
2021,4,DEN,SFO,967,1514,184.50,UA,0.6643,204.03,WN,0.2292,155.41
2021,4,DEN,SJC,967,670,194.80,WN,0.6363,182.07,WN,0.6363,182.07
2021,4,DEN,FLL,1709,1004,212.41,UA,0.4449,260.92,NK,0.2270,118.76
2021,4,DEN,MIA,1709,1073,207.86,AA,0.4457,227.21,WN,0.1891,187.90
2021,4,DEN,BUR,862,506,153.71,WN,0.8265,153.42,F9,0.0688,82.68
2021,4,DEN,LAX,862,2338,146.76,UA,0.3951,156.67,WN,0.2762,134.96
2021,4,DEN,LGB,862,273,120.43,WN,0.9737,119.93,WN,0.9737,119.93
2021,4,DEN,ONT,862,528,147.66,WN,0.6219,145.49,F9,0.1388,99.70
2021,4,DEN,SNA,862,1239,149.24,WN,0.5552,137.23,WN,0.5552,137.23
2021,4,DEN,TPA,1506,1343,204.05,WN,0.4599,193.22,F9,0.1107,100.18
2021,4,DEN,ORF,1553,233,242.37,WN,0.3796,207.15,WN,0.3796,207.15
2021,4,DEN,PHF,1553,7,282.68,AA,1.0000,282.68,AA,1.0000,282.68
2021,4,ATL,DAL,731,985,148.22,WN,0.6060,141.29,WN,0.6060,141.29
2021,4,ATL,DFW,731,2127,149.20,DL,0.4973,161.37,AA,0.4004,146.42
2021,4,ATL,PHX,1587,1293,252.17,DL,0.4961,303.19,WN,0.1998,207.59
2021,4,ATL,CAK,554,7,245.06,AA,0.7941,236.35,AA,0.7941,236.35
2021,4,ATL,CLE,554,875,139.48,DL,0.7404,150.76,NK,0.1087,85.95
2021,4,ATL,BOS,952,2009,187.53,DL,0.7933,196.38,B6,0.1453,148.79
2021,4,ATL,MHT,952,34,238.75,AA,0.4747,259.74,WN,0.4399,233.37
2021,4,ATL,PVD,952,290,206.49,DL,0.8819,207.52,WN,0.0472,184.86
2021,4,ATL,BWI,577,1608,155.10,DL,0.5150,173.02,WN,0.3465,150.67
2021,4,ATL,DCA,577,1800,169.40,DL,0.6274,183.49,WN,0.2024,132.80
2021,4,ATL,IAD,577,682,164.76,DL,0.5793,174.00,WN,0.1284,122.46
2021,4,ATL,MDW,606,1091,145.42,WN,0.6088,140.29,WN,0.6088,140.29
2021,4,ATL,ORD,606,2091,145.29,DL,0.5114,150.98,AA,0.2068,147.10
2021,4,ATL,CMH,447,632,158.70,DL,0.8098,163.72,WN,0.1627,130.90
2021,4,ATL,HOU,696,1079,152.32,WN,0.5570,139.21,WN,0.5570,139.21
2021,4,ATL,IAH,696,1334,157.50,DL,0.5635,162.57,DL,0.5635,162.57
2021,4,ATL,EWR,795,2389,154.25,DL,0.4603,176.29,UA,0.3458,147.02
2021,4,ATL,HPN,795,256,233.20,DL,0.9698,233.59,DL,0.9698,233.59
2021,4,ATL,ISP,795,61,113.17,F9,0.6667,84.84,F9,0.6667,84.84
2021,4,ATL,JFK,795,1124,173.77,DL,0.6317,187.45,B6,0.2973,147.47
2021,4,ATL,LGA,795,3393,176.16,DL,0.6588,194.17,WN,0.1478,137.11
2021,4,ATL,OAK,2139,196,239.16,WN,0.4224,249.96,NK,0.1164,157.53
2021,4,ATL,SFO,2139,1063,357.60,DL,0.8230,375.89,F9,0.0189,106.64
2021,4,ATL,SJC,2139,253,333.32,DL,0.7370,354.13,WN,0.1394,262.62
2021,4,ATL,FLL,594,2049,138.93,DL,0.6235,156.29,NK,0.1077,87.34
2021,4,ATL,MIA,594,2146,144.80,DL,0.4342,175.72,WN,0.1015,119.15
2021,4,ATL,BUR,1947,54,304.26,WN,0.4739,277.40,WN,0.4739,277.40
2021,4,ATL,LAX,1947,2674,294.20,DL,0.5632,362.49,NK,0.1395,136.41
2021,4,ATL,LGB,1947,69,175.65,WN,0.6625,144.61,WN,0.6625,144.61
2021,4,ATL,ONT,1947,392,237.63,DL,0.5793,284.57,F9,0.2248,108.35
2021,4,ATL,SNA,1947,349,343.78,DL,0.8124,365.31,F9,0.0233,100.91
2021,4,ATL,TPA,406,1459,147.53,DL,0.6343,167.29,WN,0.2740,119.15
2021,4,ATL,ORF,516,426,203.63,DL,0.8381,208.29,AA,0.1015,188.86
2021,4,ATL,PHF,516,8,223.07,AA,0.9737,224.82,AA,0.9737,224.82
2021,4,AUS,DAL,190,303,148.32,WN,0.9993,148.25,WN,0.9993,148.25
2021,4,AUS,DFW,190,262,155.79,AA,0.9847,155.73,AA,0.9847,155.73
2021,4,AUS,PHX,872,950,203.09,WN,0.5339,194.99,WN,0.5339,194.99
2021,4,AUS,CAK,1174,13,239.72,UA,0.5345,234.72,UA,0.5345,234.72
2021,4,AUS,CLE,1174,173,236.51,AA,0.3036,232.42,WN,0.2376,228.50
2021,4,AUS,BOS,1698,954,213.79,AA,0.3277,223.26,B6,0.3029,202.39
2021,4,AUS,MHT,1698,27,280.86,WN,0.6627,249.65,WN,0.6627,249.65
2021,4,AUS,PVD,1698,64,243.09,WN,0.3294,227.13,WN,0.3294,227.13
2021,4,AUS,BWI,1342,447,217.71,WN,0.8409,215.67,NK,0.0168,118.43
2021,4,AUS,DCA,1342,422,218.85,WN,0.6354,205.19,WN,0.6354,205.19
2021,4,AUS,IAD,1342,516,222.42,UA,0.5156,241.18,AA,0.4193,196.42
2021,4,AUS,MDW,977,504,146.70,WN,0.9905,146.11,WN,0.9905,146.11
2021,4,AUS,ORD,977,1289,169.10,AA,0.4741,176.57,WN,0.1167,134.61
2021,4,AUS,CMH,1073,186,229.45,WN,0.4828,213.95,WN,0.4828,213.95
2021,4,AUS,HOU,148,91,142.54,WN,1.0000,142.54,WN,1.0000,142.54
2021,4,AUS,IAH,148,85,160.84,UA,0.9962,161.04,UA,0.9962,161.04
2021,4,AUS,EWR,1559,1169,209.20,UA,0.6667,225.94,NK,0.1233,116.19
2021,4,AUS,HPN,1559,20,264.76,AA,0.4722,263.83,AA,0.4722,263.83
2021,4,AUS,ISP,1559,14,216.96,WN,0.8984,206.71,WN,0.8984,206.71
2021,4,AUS,JFK,1559,1205,227.54,DL,0.3709,258.71,B6,0.3041,190.76
2021,4,AUS,LGA,1559,211,214.09,WN,0.4273,199.48,WN,0.4273,199.48
2021,4,AUS,OAK,1504,253,224.10,WN,0.9076,224.64,NK,0.0176,137.37
2021,4,AUS,SFO,1504,989,237.34,UA,0.5369,240.55,AS,0.3323,221.97
2021,4,AUS,SJC,1504,569,214.93,WN,0.6025,206.91,WN,0.6025,206.91
2021,4,AUS,FLL,1105,469,134.69,WN,0.5427,132.15,NK,0.1380,95.59
2021,4,AUS,MIA,1105,645,158.24,AA,0.8314,159.05,WN,0.1440,136.37
2021,4,AUS,BUR,1242,139,202.64,WN,0.8681,202.23,AA,0.0999,197.30
2021,4,AUS,LAX,1242,2010,165.88,AA,0.3446,181.34,WN,0.1371,160.02
2021,4,AUS,LGB,1242,188,153.09,WN,0.9623,151.76,WN,0.9623,151.76
2021,4,AUS,ONT,1242,121,195.28,WN,0.4879,174.37,WN,0.4879,174.37
2021,4,AUS,SNA,1242,285,201.21,WN,0.6080,199.18,WN,0.6080,199.18
2021,4,AUS,TPA,928,471,181.53,WN,0.5331,170.98,WN,0.5331,170.98
2021,4,AVL,EWR,633,152,150.77,G4,0.6524,106.76,G4,0.6524,106.76
2021,4,AVL,HPN,633,7,280.49,AA,0.5873,245.78,AA,0.5873,245.78
2021,4,AVL,ISP,633,2,269.98,AA,1.0000,269.98,AA,1.0000,269.98
2021,4,AVL,JFK,633,18,256.87,AA,0.7831,237.34,AA,0.7831,237.34
2021,4,AVL,LGA,633,55,236.36,AA,0.5327,235.10,UA,0.1703,172.29
2021,4,AVL,FLL,677,283,117.23,G4,0.9064,104.70,G4,0.9064,104.70
2021,4,AVL,MIA,677,29,292.13,AA,0.6491,286.91,AA,0.6491,286.91
2021,4,AVL,PIE,519,181,93.73,G4,1.0000,93.73,G4,1.0000,93.73
2021,4,AVL,TPA,519,41,243.05,AA,0.6193,226.03,AA,0.6193,226.03
2021,4,TUS,BWI,1976,80,307.22,AA,0.3978,305.53,WN,0.3460,294.82
2021,4,TUS,DCA,1976,126,302.52,AA,0.6500,305.85,WN,0.1193,244.86
2021,4,TUS,IAD,1976,54,333.08,UA,0.4150,384.18,WN,0.2186,243.56
2021,4,AZA,PIT,1814,35,80.66,G4,1.0000,80.66,G4,1.0000,80.66
2021,4,PHX,PIT,1814,448,256.25,AA,0.5152,248.04,AA,0.5152,248.04
2021,4,PHX,SEA,1107,3193,171.42,AS,0.4331,177.23,WN,0.1879,140.10
2021,4,PHX,BWI,1999,602,272.58,WN,0.8139,270.60,F9,0.0161,104.16
2021,4,PHX,DCA,1999,711,303.30,AA,0.7695,321.22,WN,0.1108,243.12
2021,4,PHX,IAD,1999,398,288.74,UA,0.8329,287.14,WN,0.0705,272.11
2021,4,AZA,ICT,870,55,87.40,G4,1.0000,87.40,G4,1.0000,87.40
2021,4,PHX,ICT,870,137,198.19,WN,0.6971,177.13,WN,0.6971,177.13
2021,4,PHX,STL,1262,785,221.46,WN,0.5819,233.58,AA,0.2878,230.16
2021,4,AZA,FSD,1081,242,98.42,G4,1.0000,98.42,G4,1.0000,98.42
2021,4,PHX,FSD,1081,137,205.85,AA,0.8348,198.35,F9,0.0254,100.53
2021,4,AZA,GEG,1034,21,110.43,G4,1.0000,110.43,G4,1.0000,110.43
2021,4,PHX,GEG,1034,459,210.77,WN,0.4429,197.87,WN,0.4429,197.87
2021,4,AZA,OAK,668,30,92.50,G4,1.0000,92.50,G4,1.0000,92.50
2021,4,PHX,OAK,668,917,145.71,WN,0.9726,146.30,F9,0.0164,77.90
2021,4,PHX,SFO,668,1385,144.32,AA,0.3288,143.33,WN,0.2757,132.12
2021,4,PHX,SJC,668,1005,164.71,WN,0.6476,159.46,WN,0.6476,159.46
2021,4,PHX,SMF,647,1181,155.94,WN,0.6208,157.45,AA,0.3386,150.89
2021,4,AZA,PIE,1788,0,198.00,G4,1.0000,198.00,G4,1.0000,198.00
2021,4,AZA,TPA,1788,0,216.25,SY,1.0000,216.25,SY,1.0000,216.25
2021,4,PHX,TPA,1788,632,264.65,AA,0.5405,268.76,WN,0.3376,245.36
2021,4,PHX,SAT,843,582,193.07,WN,0.5502,188.20,WN,0.5502,188.20
2021,4,PHX,SAN,304,1151,151.56,WN,0.6170,151.61,WN,0.6170,151.61
2021,4,PHX,PDX,1009,1713,201.19,AS,0.3378,200.67,WN,0.3028,190.38
2021,4,AZA,PVU,477,225,92.01,G4,1.0000,92.01,G4,1.0000,92.01
2021,4,PHX,PVU,477,16,96.40,G4,1.0000,96.40,G4,1.0000,96.40
2021,4,PHX,RDU,1891,427,280.41,AA,0.4227,287.94,WN,0.3975,261.95
2021,4,PHX,RNO,601,476,162.21,WN,0.5493,153.13,WN,0.5493,153.13
2021,4,PHX,SLC,507,1461,156.78,DL,0.4068,169.03,WN,0.3477,148.81
2021,4,AZA,TUL,935,12,78.29,G4,1.0000,78.29,G4,1.0000,78.29
2021,4,PHX,TUL,935,223,223.13,WN,0.5953,208.64,WN,0.5953,208.64
2021,4,BDL,AZA,2213,0,381.00,SY,1.0000,381.00,SY,1.0000,381.00
2021,4,BDL,PHX,2213,200,312.49,AA,0.3606,310.12,WN,0.2407,273.03
2021,4,BDL,BWI,326,197,150.01,WN,1.0000,150.01,WN,1.0000,150.01
2021,4,BDL,DCA,326,219,193.03,AA,0.9990,193.04,AA,0.9990,193.04
2021,4,BDL,IAD,326,161,151.69,UA,0.9966,151.78,UA,0.9966,151.78
2021,4,BDL,HOU,1519,36,280.20,WN,0.7126,269.56,WN,0.7126,269.56
2021,4,BDL,IAH,1519,147,292.48,UA,0.5483,320.73,AA,0.1860,262.79
2021,4,BDL,OAK,2625,21,276.28,WN,0.9381,272.77,WN,0.9381,272.77
2021,4,BDL,SFO,2625,259,266.39,B6,0.4548,236.68,B6,0.4548,236.68
2021,4,BDL,SJC,2625,27,320.26,WN,0.4130,267.07,WN,0.4130,267.07
2021,4,BDL,FLL,1194,443,161.48,B6,0.7678,162.80,NK,0.0368,87.71
2021,4,BDL,MIA,1194,540,159.95,AA,0.5735,173.22,NK,0.1085,114.55
2021,4,BDL,BUR,2527,11,282.38,WN,0.6186,275.86,WN,0.6186,275.86
2021,4,BDL,LAX,2527,405,256.10,B6,0.4015,220.71,B6,0.4015,220.71
2021,4,BDL,LGB,2527,7,220.05,WN,0.7869,201.11,WN,0.7869,201.11
2021,4,BDL,ONT,2527,25,350.82,AA,0.5478,346.00,AA,0.5478,346.00
2021,4,BDL,SNA,2527,52,346.38,AA,0.4088,334.99,WN,0.1321,305.48
2021,4,BDL,TPA,1111,645,175.12,WN,0.3980,176.16,WN,0.3980,176.16
2021,4,SEA,BWI,2335,380,246.30,AS,0.5595,256.87,WN,0.1172,219.22
2021,4,SEA,DCA,2335,550,273.86,AS,0.7691,272.89,F9,0.0111,93.65
2021,4,SEA,IAD,2335,580,259.16,UA,0.3868,280.68,AS,0.3435,236.35
2021,4,SEA,TPA,2520,576,269.01,AS,0.5882,260.07,AS,0.5882,260.07
2021,4,BHM,DAL,597,204,176.16,WN,0.9660,172.92,WN,0.9660,172.92
2021,4,BHM,DFW,597,259,212.79,AA,0.9336,205.57,AA,0.9336,205.57
2021,4,BHM,BWI,682,151,178.09,WN,0.7478,162.27,WN,0.7478,162.27
2021,4,BHM,DCA,682,172,238.72,AA,0.7495,246.19,DL,0.1994,223.68
2021,4,BHM,IAD,682,37,212.88,DL,0.6042,222.37,AA,0.2470,213.42
2021,4,BHM,MDW,583,117,172.15,WN,0.9201,165.44,WN,0.9201,165.44
2021,4,BHM,ORD,583,171,195.40,UA,0.4940,185.83,UA,0.4940,185.83
2021,4,BHM,HOU,570,113,172.07,WN,0.9022,163.66,WN,0.9022,163.66
2021,4,BHM,IAH,570,169,207.30,UA,0.8764,206.29,WN,0.0270,177.92
2021,4,BHM,EWR,902,75,256.18,DL,0.4834,268.57,AA,0.4356,235.28
2021,4,BHM,HPN,902,14,225.77,DL,0.6190,246.66,AA,0.3413,187.44
2021,4,BHM,ISP,902,10,224.78,WN,0.8022,215.59,WN,0.8022,215.59
2021,4,BHM,JFK,902,30,239.64,AA,0.6204,220.08,AA,0.6204,220.08
2021,4,BHM,LGA,902,248,257.45,DL,0.7342,276.55,AA,0.2014,209.17
2021,4,BHM,BUR,1815,18,285.51,WN,0.6566,264.06,WN,0.6566,264.06
2021,4,BHM,LAX,1815,122,358.94,DL,0.3122,461.46,WN,0.2737,265.52
2021,4,BHM,LGB,1815,6,275.39,WN,0.8947,271.09,WN,0.8947,271.09
2021,4,BHM,ONT,1815,31,282.17,WN,0.4077,231.27,WN,0.4077,231.27
2021,4,BHM,SNA,1815,36,349.66,AA,0.3701,343.99,WN,0.2776,276.53
2021,4,BHM,TPA,459,201,165.49,WN,0.7178,147.33,WN,0.7178,147.33
2021,4,ELP,PHX,347,285,149.39,WN,0.6842,141.95,WN,0.6842,141.95
2021,4,ELP,BWI,1741,82,298.40,WN,0.4608,277.34,WN,0.4608,277.34
2021,4,ELP,DCA,1741,111,292.46,AA,0.4593,300.70,WN,0.3150,264.80
2021,4,ELP,IAD,1741,51,339.96,AA,0.4565,281.17,AA,0.4565,281.17
2021,4,ELP,HOU,677,287,170.23,WN,0.9659,169.75,WN,0.9659,169.75
2021,4,ELP,IAH,677,213,202.34,UA,0.8121,202.32,UA,0.8121,202.32
2021,4,ELP,EWR,1944,72,334.00,AA,0.6039,289.15,AA,0.6039,289.15
2021,4,ELP,HPN,1944,3,335.34,DL,0.5172,278.67,AA,0.2759,270.50
2021,4,ELP,ISP,1944,1,340.40,WN,0.6000,387.67,AA,0.4000,269.50
2021,4,ELP,JFK,1944,33,340.66,AA,0.6546,317.29,AA,0.6546,317.29
2021,4,ELP,LGA,1944,134,288.46,AA,0.5577,269.28,AA,0.5577,269.28
2021,4,ELP,BUR,715,28,191.74,WN,0.6914,179.68,WN,0.6914,179.68
2021,4,ELP,LAX,715,453,177.51,AA,0.5078,183.55,WN,0.4557,164.96
2021,4,ELP,LGB,715,21,180.33,WN,0.7970,175.90,WN,0.7970,175.90
2021,4,ELP,ONT,715,55,204.97,WN,0.6514,182.35,WN,0.6514,182.35
2021,4,ELP,SNA,715,53,188.10,WN,0.6454,176.27,WN,0.6454,176.27
2021,4,BIS,AZA,1094,167,104.09,G4,1.0000,104.09,G4,1.0000,104.09
2021,4,BIS,PHX,1094,38,248.43,AA,0.6138,224.34,AA,0.6138,224.34
2021,4,CAK,DFW,1023,16,251.41,AA,0.6026,268.13,UA,0.3179,254.52
2021,4,CLE,DAL,1023,46,226.39,WN,0.8821,218.89,WN,0.8821,218.89
2021,4,CLE,DFW,1023,452,249.87,AA,0.8552,256.89,NK,0.0318,116.87
2021,4,CAK,DEN,1224,6,299.52,UA,0.6296,343.41,AA,0.3333,234.44
2021,4,CLE,DEN,1224,593,166.16,UA,0.5429,188.17,F9,0.2159,93.49
2021,4,CAK,PHX,1754,16,275.01,UA,0.5594,266.06,UA,0.5594,266.06
2021,4,CLE,PHX,1754,604,189.17,F9,0.3102,99.51,F9,0.3102,99.51
2021,4,CAK,BNA,448,11,208.26,AA,0.6600,209.95,UA,0.3400,204.97
2021,4,CLE,BNA,448,284,157.87,WN,0.8211,150.39,WN,0.8211,150.39
2021,4,CAK,DCA,314,19,144.04,AA,1.0000,144.04,AA,1.0000,144.04
2021,4,CAK,IAD,314,12,121.76,UA,1.0000,121.76,UA,1.0000,121.76
2021,4,CLE,BWI,314,181,130.06,WN,0.9538,128.57,WN,0.9538,128.57
2021,4,CLE,DCA,314,164,154.92,AA,0.9325,155.56,UA,0.0218,136.79
2021,4,CLE,IAD,314,152,142.69,UA,0.9885,142.03,UA,0.9885,142.03
2021,4,CAK,HOU,1106,0,217.17,AA,1.0000,217.17,AA,1.0000,217.17
2021,4,CAK,IAH,1106,14,254.99,UA,0.5512,281.07,NK,0.1811,137.28
2021,4,CLE,HOU,1106,46,214.94,WN,0.7258,209.04,WN,0.7258,209.04
2021,4,CLE,IAH,1106,317,260.96,UA,0.7877,274.26,NK,0.0333,121.55
2021,4,CAK,MCO,895,61,133.56,NK,0.7174,92.85,NK,0.7174,92.85
2021,4,CLE,MCO,895,766,141.03,UA,0.4384,165.85,F9,0.2452,90.58
2021,4,CAK,MSP,657,8,188.66,UA,0.7162,182.72,UA,0.7162,182.72
2021,4,CLE,MSP,657,269,231.86,DL,0.8001,245.29,UA,0.1004,180.70
2021,4,CAK,EWR,459,4,229.88,UA,1.0000,229.88,UA,1.0000,229.88
2022,1,ABQ,DAL,580,213,172.67,WN,1.0000,172.67,WN,1.0000,172.67
2021,4,CAK,HPN,459,1,206.38,AA,0.8750,202.57,AA,0.8750,202.57
2021,4,CAK,ISP,459,0,149.00,AA,1.0000,149.00,AA,1.0000,149.00
2021,4,CAK,JFK,459,0,321.98,AA,1.0000,321.98,AA,1.0000,321.98
2021,4,CAK,LGA,459,5,173.44,AA,0.9778,171.22,AA,0.9778,171.22
2021,4,CLE,EWR,459,497,168.51,UA,0.9902,168.45,UA,0.9902,168.45
2021,4,CLE,HPN,459,3,168.47,AA,0.6800,160.41,AA,0.6800,160.41
2021,4,CLE,ISP,459,7,187.76,WN,0.7941,167.51,WN,0.7941,167.51
2021,4,CLE,JFK,459,144,171.45,DL,0.4437,184.19,AA,0.4021,164.05
2021,4,CLE,LGA,459,528,175.73,DL,0.4859,196.68,AA,0.3872,163.67
2021,4,CAK,RSW,1025,30,212.04,AA,0.4130,268.82,NK,0.4058,148.50
2021,4,CLE,RSW,1025,512,171.05,UA,0.4235,218.70,F9,0.2970,102.74
2021,4,CAK,LAS,1846,16,265.58,UA,0.5695,252.98,UA,0.5695,252.98
2021,4,CLE,LAS,1846,681,178.37,F9,0.3168,99.90,F9,0.3168,99.90
2021,4,CAK,SFO,2187,8,345.22,UA,0.6197,328.26,UA,0.6197,328.26
2021,4,CAK,SJC,2187,0,277.67,AA,0.6667,327.50,UA,0.3333,178.00
2021,4,CLE,OAK,2187,32,270.54,WN,0.7637,290.56,NK,0.1164,135.41
2021,4,CLE,SFO,2187,330,333.40,UA,0.7998,346.53,F9,0.0340,119.82
2021,4,CLE,SJC,2187,36,331.56,WN,0.2861,282.62,WN,0.2861,282.62
2021,4,CAK,FLL,1080,14,180.75,AA,0.8106,187.27,UA,0.1818,154.38
2021,4,CAK,MIA,1080,8,198.56,AA,0.7971,214.47,UA,0.2029,136.07
2021,4,CLE,FLL,1080,489,154.18,UA,0.5317,176.88,NK,0.1475,96.14
2021,4,CLE,MIA,1080,300,157.48,AA,0.6895,165.63,NK,0.1260,105.71
2021,4,CAK,BUR,2073,0,307.25,AA,1.0000,307.25,AA,1.0000,307.25
2021,4,CAK,LAX,2073,9,314.15,UA,0.5000,295.88,UA,0.5000,295.88
2021,4,CAK,LGB,2073,0,464.67,AA,1.0000,464.67,AA,1.0000,464.67
2021,4,CAK,ONT,2073,1,314.45,AA,0.8182,296.89,AA,0.8182,296.89
2021,4,CAK,SNA,2073,4,422.87,UA,0.9231,438.31,AA,0.0513,202.00
2021,4,CLE,BUR,2073,22,294.22,WN,0.4783,261.01,WN,0.4783,261.01
2021,4,CLE,LAX,2073,631,246.51,UA,0.5285,275.09,NK,0.2388,141.24
2021,4,CLE,LGB,2073,11,194.61,WN,0.7573,173.47,WN,0.7573,173.47
2021,4,CLE,ONT,2073,43,291.80,AA,0.3460,319.37,F9,0.1212,103.36
2021,4,CLE,SNA,2073,78,294.47,UA,0.3566,307.23,WN,0.1566,266.76
2021,4,CAK,TPA,927,55,134.32,MX,0.3564,107.38,NK,0.2990,87.00
2021,4,CLE,TPA,927,458,130.08,F9,0.3043,89.59,F9,0.3043,89.59
2021,4,CAK,SAN,2045,9,340.11,UA,0.6353,333.87,UA,0.6353,333.87
2021,4,CLE,SAN,2045,180,285.34,UA,0.2830,301.21,WN,0.2128,275.96
2021,4,CAK,PHL,363,7,181.51,AA,0.8182,180.45,AA,0.8182,180.45
2021,4,CLE,PHL,363,183,214.39,AA,0.8719,222.36,UA,0.0813,147.64
2021,4,BNA,PHX,1449,801,245.58,WN,0.6975,241.61,WN,0.6975,241.61
2021,4,BNA,BWI,587,539,177.39,WN,0.9192,175.73,WN,0.9192,175.73
2021,4,BNA,DCA,587,790,155.89,WN,0.5533,138.85,WN,0.5533,138.85
2021,4,BNA,IAD,587,222,182.92,UA,0.8893,182.65,WN,0.0392,173.05
2021,4,BNA,EWR,803,872,149.37,UA,0.9023,151.36,NK,0.0647,86.29
2021,4,BNA,HPN,803,11,218.10,DL,0.5048,246.94,AA,0.4571,190.56
2021,4,BNA,ISP,803,93,163.88,WN,0.9825,162.75,WN,0.9825,162.75
2021,4,BNA,JFK,803,341,159.73,DL,0.4723,175.77,B6,0.3246,139.56
2021,4,BNA,LGA,803,1231,155.98,DL,0.3388,175.26,WN,0.3114,146.26
2021,4,BNA,OAK,1969,221,268.52,WN,0.9252,271.62,NK,0.0231,104.66
2021,4,BNA,SFO,1969,323,290.61,UA,0.6760,294.25,AA,0.1035,291.95
