region_index,region_label,time,speed_kmh,free_flow_speed_kmh,congestion_level_pct,travel_time_per_10km_min
0,Bronx County,2025-01-01T00:00,35.3,40.3,13.9,16.9
0,Bronx County,2025-01-01T01:00,36.2,42.2,16.6,16.5
0,Bronx County,2025-01-01T02:00,37.3,42.1,12.7,16
0,Bronx County,2025-01-01T03:00,37.7,41.6,10.1,15.8
0,Bronx County,2025-01-01T04:00,38.2,41.5,8.4,15.6
0,Bronx County,2025-01-01T05:00,38.9,41.4,6.5,15.4
0,Bronx County,2025-01-01T06:00,41,43.1,5,14.6
0,Bronx County,2025-01-01T07:00,41,42.7,4,14.6
0,Bronx County,2025-01-01T08:00,42.8,44.5,3.9,13.9
0,Bronx County,2025-01-01T09:00,46.1,47.6,3.2,13
0,Bronx County,2025-01-01T10:00,48.7,50.2,3,12.3
0,Bronx County,2025-01-01T11:00,49.1,51.4,4.6,12.2
0,Bronx County,2025-01-01T12:00,48.4,51.2,5.7,12.3
0,Bronx County,2025-01-01T13:00,45.5,49.6,9,13.1
0,Bronx County,2025-01-01T14:00,41.6,48.4,16.2,14.4
0,Bronx County,2025-01-01T15:00,39.8,47.4,19.1,15
0,Bronx County,2025-01-01T16:00,40.2,46.7,16,14.9
0,Bronx County,2025-01-01T17:00,38.8,46.1,18.6,15.4
0,Bronx County,2025-01-01T18:00,38.6,45.1,16.7,15.5
0,Bronx County,2025-01-01T19:00,38.8,44.6,15.1,15.4
0,Bronx County,2025-01-01T20:00,39.4,44.3,12.4,15.2
0,Bronx County,2025-01-01T21:00,39.8,43.9,10,15
0,Bronx County,2025-01-01T22:00,40,43.3,8,14.9
0,Bronx County,2025-01-01T23:00,38.8,41.6,7.3,15.4
0,Bronx County,2025-01-02T00:00,38.3,40.6,5.9,15.6
0,Bronx County,2025-01-02T01:00,38.3,40.2,5,15.6
0,Bronx County,2025-01-02T02:00,39,40.6,3.9,15.3
0,Bronx County,2025-01-02T03:00,42,42.9,1.9,14.2
0,Bronx County,2025-01-02T04:00,47.8,48.1,0.6,12.5
0,Bronx County,2025-01-02T05:00,49.7,51.6,3.8,12
0,Bronx County,2025-01-02T06:00,40.5,47.8,18.1,14.8
0,Bronx County,2025-01-02T07:00,32.5,42.3,29.9,18.4
0,Bronx County,2025-01-02T08:00,31.4,41.2,30.9,19
0,Bronx County,2025-01-02T09:00,34.4,42.2,22.8,17.4
0,Bronx County,2025-01-02T10:00,35,43.3,23.5,17.1
0,Bronx County,2025-01-02T11:00,34.1,43.2,26.6,17.5
0,Bronx County,2025-01-02T12:00,33.9,43.2,27.3,17.6
0,Bronx County,2025-01-02T13:00,33.3,43.2,29.3,17.9
0,Bronx County,2025-01-02T14:00,30.3,42,38.8,19.8
0,Bronx County,2025-01-02T15:00,27.7,41.4,49,21.5
0,Bronx County,2025-01-02T16:00,27.3,40.9,49.4,21.9
0,Bronx County,2025-01-02T17:00,28.1,41,45.7,21.3
0,Bronx County,2025-01-02T18:00,32.2,41.8,29.7,18.6
0,Bronx County,2025-01-02T19:00,34.7,41.8,20.5,17.2
0,Bronx County,2025-01-02T20:00,36.5,42.5,16.2,16.4
0,Bronx County,2025-01-02T21:00,37.9,42.9,13.2,15.8
0,Bronx County,2025-01-02T22:00,39.7,43.3,9.1,15.1
0,Bronx County,2025-01-02T23:00,40.1,43.1,7.4,14.9
0,Bronx County,2025-01-03T00:00,39.2,42,6.9,15.2
0,Bronx County,2025-01-03T01:00,38.2,40.5,6,15.6
0,Bronx County,2025-01-03T02:00,38,39.9,5,15.7
0,Bronx County,2025-01-03T03:00,42.1,43.2,2.5,14.2
0,Bronx County,2025-01-03T04:00,46.9,47.6,1.6,12.7
0,Bronx County,2025-01-03T05:00,48.5,50.8,4.7,12.3
0,Bronx County,2025-01-03T06:00,40.5,47.4,16.9,14.7
0,Bronx County,2025-01-03T07:00,32.2,41.8,29.5,18.5
0,Bronx County,2025-01-03T08:00,31.8,40.7,28.1,18.8
0,Bronx County,2025-01-03T09:00,33.6,41.8,24.3,17.8
0,Bronx County,2025-01-03T10:00,33.7,42.3,25.4,17.7
0,Bronx County,2025-01-03T11:00,33,42.5,28.8,18.1
0,Bronx County,2025-01-03T12:00,32,42.6,32.9,18.6
0,Bronx County,2025-01-03T13:00,30.6,42.4,38.4,19.5
0,Bronx County,2025-01-03T14:00,27.5,41.8,52.1,21.8
0,Bronx County,2025-01-03T15:00,25.6,40.8,59.5,23.4
0,Bronx County,2025-01-03T16:00,26.3,40.7,54.5,22.7
0,Bronx County,2025-01-03T17:00,27.4,41,49.5,21.8
0,Bronx County,2025-01-03T18:00,31,41.9,34.9,19.3
0,Bronx County,2025-01-03T19:00,33.4,41.7,24.6,17.9
0,Bronx County,2025-01-03T20:00,34.6,41.9,21.1,17.3
0,Bronx County,2025-01-03T21:00,36.5,42.4,16,16.4
0,Bronx County,2025-01-03T22:00,38.3,43,12.3,15.6
0,Bronx County,2025-01-03T23:00,38.4,42.5,10.7,15.6
0,Bronx County,2025-01-04T00:00,38.7,41.7,7.8,15.5
0,Bronx County,2025-01-04T01:00,37.9,40.6,7,15.8
0,Bronx County,2025-01-04T02:00,38.5,40.5,5.2,15.5
0,Bronx County,2025-01-04T03:00,40.7,42.2,3.6,14.7
0,Bronx County,2025-01-04T04:00,44.2,45.4,2.7,13.5
0,Bronx County,2025-01-04T05:00,47.5,48.4,1.9,12.6
0,Bronx County,2025-01-04T06:00,47.6,49.4,3.8,12.6
0,Bronx County,2025-01-04T07:00,45.5,48.3,6.2,13.1
0,Bronx County,2025-01-04T08:00,43.2,47.2,9.3,13.8
0,Bronx County,2025-01-04T09:00,39.8,46.3,16.3,15
0,Bronx County,2025-01-04T10:00,39.1,46.4,18.6,15.3
0,Bronx County,2025-01-04T11:00,37.8,46.6,23.3,15.8
0,Bronx County,2025-01-04T12:00,36.2,45.7,26.3,16.5
0,Bronx County,2025-01-04T13:00,35.7,45.5,27.1,16.7
0,Bronx County,2025-01-04T14:00,34.5,44.8,29.5,17.3
0,Bronx County,2025-01-04T15:00,33.6,44.4,31.8,17.8
0,Bronx County,2025-01-04T16:00,33.3,44.2,32.8,18
0,Bronx County,2025-01-04T17:00,32.5,44.1,35.7,18.4
0,Bronx County,2025-01-04T18:00,33.7,44,30.2,17.7
0,Bronx County,2025-01-04T19:00,35,43.5,24.3,17.1
0,Bronx County,2025-01-04T20:00,36.7,43.7,19,16.3
0,Bronx County,2025-01-04T21:00,38.2,44,15,15.6
0,Bronx County,2025-01-04T22:00,39.1,44.2,12.9,15.3
0,Bronx County,2025-01-04T23:00,38.4,43.3,12.6,15.5
0,Bronx County,2025-01-05T00:00,38.3,42.4,10.7,15.6
0,Bronx County,2025-01-05T01:00,39,41.5,6.4,15.3
0,Bronx County,2025-01-05T02:00,39,41,5.1,15.3
0,Bronx County,2025-01-05T03:00,40.2,41.8,3.8,14.9
0,Bronx County,2025-01-05T04:00,42.1,43.4,3.2,14.2
0,Bronx County,2025-01-05T05:00,45.8,46.8,2.3,13
0,Bronx County,2025-01-05T06:00,47.8,48.5,1.4,12.5
0,Bronx County,2025-01-05T07:00,47.2,48.2,2,12.6
0,Bronx County,2025-01-05T08:00,46,47.9,4.3,13
0,Bronx County,2025-01-05T09:00,45.4,48.3,6.4,13.1
0,Bronx County,2025-01-05T10:00,43.3,48.3,11.5,13.8
0,Bronx County,2025-01-05T11:00,42.3,48,13.3,14.1
0,Bronx County,2025-01-05T12:00,40.8,47.3,15.9,14.6
0,Bronx County,2025-01-05T13:00,38.7,47,21.2,15.4
0,Bronx County,2025-01-05T14:00,36.8,46.3,25.7,16.2
0,Bronx County,2025-01-05T15:00,34.5,45.7,32.2,17.3
0,Bronx County,2025-01-05T16:00,35.9,45.4,26.4,16.7
0,Bronx County,2025-01-05T17:00,35.3,45.2,27.9,16.9
0,Bronx County,2025-01-05T18:00,36.6,45,23,16.3
0,Bronx County,2025-01-05T19:00,37.3,44.7,19.9,16
0,Bronx County,2025-01-05T20:00,38.6,44.8,16.1,15.5
0,Bronx County,2025-01-05T21:00,39.6,44.1,11.4,15.1
0,Bronx County,2025-01-05T22:00,39.1,43.3,10.6,15.3
0,Bronx County,2025-01-05T23:00,39.2,42.3,7.8,15.2
0,Bronx County,2025-01-06T00:00,39.1,41.5,6.3,15.3
0,Bronx County,2025-01-06T01:00,38.7,40.8,5.4,15.4
0,Bronx County,2025-01-06T02:00,39.2,41.2,5,15.2
0,Bronx County,2025-01-06T03:00,42.5,43.9,3.2,14.1
0,Bronx County,2025-01-06T04:00,48.4,48.9,1,12.3
0,Bronx County,2025-01-06T05:00,48.8,52,6.4,12.2
0,Bronx County,2025-01-06T06:00,36.9,47.4,28.1,16.2
0,Bronx County,2025-01-06T07:00,27.7,41.4,49.4,21.6
0,Bronx County,2025-01-06T08:00,27.4,40.4,47.4,21.8
0,Bronx County,2025-01-06T09:00,31.4,41,30.4,19
0,Bronx County,2025-01-06T10:00,32.6,41.3,26.5,18.3
0,Bronx County,2025-01-06T11:00,32,41.4,29.4,18.7
0,Bronx County,2025-01-06T12:00,30.7,40.7,32.5,19.5
0,Bronx County,2025-01-06T13:00,29.8,40.7,36.7,20.1
0,Bronx County,2025-01-06T14:00,28.7,40.8,42.1,20.8
0,Bronx County,2025-01-06T15:00,27,40.2,48.7,22.1
0,Bronx County,2025-01-06T16:00,25,39.7,59,23.9
0,Bronx County,2025-01-06T17:00,26.1,39.8,52.2,22.9
0,Bronx County,2025-01-06T18:00,31.3,41,31,19.1
0,Bronx County,2025-01-06T19:00,34,41.2,21,17.6
0,Bronx County,2025-01-06T20:00,35.5,41.3,16.1,16.8
0,Bronx County,2025-01-06T21:00,37.4,42.1,12.5,16
0,Bronx County,2025-01-06T22:00,38.4,42.7,11.1,15.6
0,Bronx County,2025-01-06T23:00,38,42.1,10.8,15.7
0,Bronx County,2025-01-07T00:00,38.5,41.6,8,15.5
0,Bronx County,2025-01-07T01:00,38.8,40.8,5.2,15.4
0,Bronx County,2025-01-07T02:00,39.9,41.6,4.3,15
0,Bronx County,2025-01-07T03:00,43,44.4,3.3,13.9
0,Bronx County,2025-01-07T04:00,48,49,2,12.4
0,Bronx County,2025-01-07T05:00,47.7,51.6,8.1,12.5
0,Bronx County,2025-01-07T06:00,37.7,47.5,26.1,15.9
0,Bronx County,2025-01-07T07:00,27.1,40.8,50.5,22.1
0,Bronx County,2025-01-07T08:00,25.6,39.6,54.5,23.3
0,Bronx County,2025-01-07T09:00,29.9,40.9,36.7,20
0,Bronx County,2025-01-07T10:00,31.4,41.4,32,19.1
0,Bronx County,2025-01-07T11:00,30.8,41,32.7,19.4
0,Bronx County,2025-01-07T12:00,31.2,40.8,30.6,19.2
0,Bronx County,2025-01-07T13:00,30.3,41,35,19.7
0,Bronx County,2025-01-07T14:00,27.4,40.4,47.3,21.8
0,Bronx County,2025-01-07T15:00,24.8,39.5,59.1,24.1
0,Bronx County,2025-01-07T16:00,24.3,39,60.4,24.6
0,Bronx County,2025-01-07T17:00,24.9,39.7,58.8,24
0,Bronx County,2025-01-07T18:00,29.7,40.9,37.7,20.1
0,Bronx County,2025-01-07T19:00,33.6,41,22,17.8
0,Bronx County,2025-01-07T20:00,35.9,42,16.7,16.6
0,Bronx County,2025-01-07T21:00,37.9,42.9,13.1,15.8
0,Bronx County,2025-01-07T22:00,39.7,43.4,9.3,15
0,Bronx County,2025-01-07T23:00,39.2,42.7,8.7,15.2
0,Bronx County,2025-01-08T00:00,39.1,41.8,6.8,15.3
0,Bronx County,2025-01-08T01:00,36.9,39.3,6.5,16.2
0,Bronx County,2025-01-08T02:00,38.3,40.3,5.3,15.6
0,Bronx County,2025-01-08T03:00,42.2,43.8,3.8,14.2
0,Bronx County,2025-01-08T04:00,47.7,48.7,1.9,12.5
0,Bronx County,2025-01-08T05:00,48.4,51.3,6,12.3
0,Bronx County,2025-01-08T06:00,38,47.5,24.7,15.7
0,Bronx County,2025-01-08T07:00,27.6,40.5,46.6,21.6
0,Bronx County,2025-01-08T08:00,26.2,39.7,51.1,22.8
0,Bronx County,2025-01-08T09:00,29.5,40.5,36.9,20.2
0,Bronx County,2025-01-08T10:00,29.3,40.2,37.4,20.4
0,Bronx County,2025-01-08T11:00,30,40.7,35.7,19.9
0,Bronx County,2025-01-08T12:00,29.9,40.5,35.1,20
0,Bronx County,2025-01-08T13:00,29.7,40.6,36.8,20.1
0,Bronx County,2025-01-08T14:00,26.4,40.2,52.3,22.7
0,Bronx County,2025-01-08T15:00,23.1,38.8,67.8,25.8
0,Bronx County,2025-01-08T16:00,21.4,38.1,77.6,27.9
0,Bronx County,2025-01-08T17:00,21.8,38.3,76.1,27.5
0,Bronx County,2025-01-08T18:00,26.4,40,51.5,22.7
0,Bronx County,2025-01-08T19:00,32.9,40.8,24.2,18.2
0,Bronx County,2025-01-08T20:00,35.5,41.9,17.7,16.8
0,Bronx County,2025-01-08T21:00,37.7,42.9,13.8,15.9
0,Bronx County,2025-01-08T22:00,39.3,43.7,11.1,15.2
0,Bronx County,2025-01-08T23:00,38.6,42.4,10,15.5
0,Bronx County,2025-01-09T00:00,38.6,41.8,8.1,15.5
0,Bronx County,2025-01-09T01:00,38,40.6,6.7,15.7
0,Bronx County,2025-01-09T02:00,38.4,40.5,5.4,15.5
0,Bronx County,2025-01-09T03:00,42.7,44.3,3.5,14
0,Bronx County,2025-01-09T04:00,47.1,48,2,12.7
0,Bronx County,2025-01-09T05:00,47.9,51,6.5,12.5
0,Bronx County,2025-01-09T06:00,37,46.8,26.3,16.1
0,Bronx County,2025-01-09T07:00,27.1,40.2,48.3,22
0,Bronx County,2025-01-09T08:00,25.8,39.4,52.7,23.2
0,Bronx County,2025-01-09T09:00,29.2,40.6,38.9,20.5
0,Bronx County,2025-01-09T10:00,31,41.2,32.9,19.3
0,Bronx County,2025-01-09T11:00,30,40.8,35.6,19.9
0,Bronx County,2025-01-09T12:00,29.3,40.3,37.6,20.4
0,Bronx County,2025-01-09T13:00,29.5,40.8,38,20.2
0,Bronx County,2025-01-09T14:00,27.1,40.6,49.6,22
0,Bronx County,2025-01-09T15:00,24.6,39.6,60.9,24.3
0,Bronx County,2025-01-09T16:00,24,39.4,63.9,24.9
0,Bronx County,2025-01-09T17:00,24.2,39.3,62,24.6
0,Bronx County,2025-01-09T18:00,28.6,40.5,41.4,20.9
0,Bronx County,2025-01-09T19:00,32.6,41.3,26.6,18.3
0,Bronx County,2025-01-09T20:00,35.6,42,17.9,16.8
0,Bronx County,2025-01-09T21:00,37.9,43.1,13.5,15.7
0,Bronx County,2025-01-09T22:00,40,44.2,10.4,14.9
0,Bronx County,2025-01-09T23:00,39.9,43.6,9.1,15
0,Bronx County,2025-01-10T00:00,39.8,42.8,7.3,15
0,Bronx County,2025-01-10T01:00,39.8,42.3,6.2,15
0,Bronx County,2025-01-10T02:00,40,42.1,5.1,14.9
0,Bronx County,2025-01-10T03:00,43.1,44.6,3.2,13.8
0,Bronx County,2025-01-10T04:00,46.9,47.9,2.1,12.7
0,Bronx County,2025-01-10T05:00,47.2,50.4,6.6,12.6
0,Bronx County,2025-01-10T06:00,37.6,46.8,24.5,15.9
0,Bronx County,2025-01-10T07:00,28,40.4,44.4,21.4
0,Bronx County,2025-01-10T08:00,25.9,39.2,51.1,23.1
0,Bronx County,2025-01-10T09:00,29.5,40.7,37.9,20.2
0,Bronx County,2025-01-10T10:00,31.1,41.4,33.1,19.2
0,Bronx County,2025-01-10T11:00,30,41,36.5,19.9
0,Bronx County,2025-01-10T12:00,29.9,41.3,37.8,20
0,Bronx County,2025-01-10T13:00,30.2,41.9,38.5,19.8
0,Bronx County,2025-01-10T14:00,26,40.9,57.2,23
0,Bronx County,2025-01-10T15:00,22.6,39.7,75.9,26.5
0,Bronx County,2025-01-10T16:00,22.3,39.3,76.3,26.8
0,Bronx County,2025-01-10T17:00,22.9,39.3,71.5,26.1
0,Bronx County,2025-01-10T18:00,27.3,40.5,48.5,21.9
0,Bronx County,2025-01-10T19:00,31.7,41.7,31.7,18.9
0,Bronx County,2025-01-10T20:00,33.4,41.6,24.3,17.9
0,Bronx County,2025-01-10T21:00,36.2,42.3,16.8,16.5
0,Bronx County,2025-01-10T22:00,36.4,42.5,16.6,16.4
0,Bronx County,2025-01-10T23:00,38.3,42.9,11.8,15.6
0,Bronx County,2025-01-11T00:00,38.4,42,9.2,15.5
0,Bronx County,2025-01-11T01:00,38.6,41.4,7.3,15.5
0,Bronx County,2025-01-11T02:00,38.9,41.2,5.7,15.4
0,Bronx County,2025-01-11T03:00,40.5,42.3,4.3,14.8
0,Bronx County,2025-01-11T04:00,41.4,44.1,6.6,14.4
0,Bronx County,2025-01-11T05:00,43.9,47.2,7.5,13.6
0,Bronx County,2025-01-11T06:00,44.6,48.5,8.6,13.4
0,Bronx County,2025-01-11T07:00,43.4,47.7,10,13.8
0,Bronx County,2025-01-11T08:00,40.5,46,13.5,14.7
0,Bronx County,2025-01-11T09:00,40.2,45.7,13.7,14.9
0,Bronx County,2025-01-11T10:00,39.4,46.1,17.1,15.2
0,Bronx County,2025-01-11T11:00,38.6,46,19.1,15.5
0,Bronx County,2025-01-11T12:00,36.7,45.3,23.3,16.3
0,Bronx County,2025-01-11T13:00,35.4,44.6,26,16.9
0,Bronx County,2025-01-11T14:00,34.9,44.6,27.6,17.1
0,Bronx County,2025-01-11T15:00,33.5,43.7,30.2,17.8
0,Bronx County,2025-01-11T16:00,33,43.9,33,18.1
0,Bronx County,2025-01-11T17:00,32.7,43.9,34.1,18.3
0,Bronx County,2025-01-11T18:00,33.6,44.2,31.2,17.8
0,Bronx County,2025-01-11T19:00,35.2,43.6,23.8,17
0,Bronx County,2025-01-11T20:00,36.1,43.3,19.8,16.5
0,Bronx County,2025-01-11T21:00,37.6,43.5,15.6,15.9
0,Bronx County,2025-01-11T22:00,39.6,44.6,12.5,15.1
0,Bronx County,2025-01-11T23:00,40.1,44.3,10.6,14.9
0,Bronx County,2025-01-12T00:00,39.8,43.1,8.2,15
0,Bronx County,2025-01-12T01:00,39.3,41.9,6.8,15.2
0,Bronx County,2025-01-12T02:00,39.3,41.5,5.5,15.2
0,Bronx County,2025-01-12T03:00,39.5,41.4,4.8,15.1
0,Bronx County,2025-01-12T04:00,40.9,42.4,3.7,14.6
0,Bronx County,2025-01-12T05:00,44.4,45.6,2.5,13.4
0,Bronx County,2025-01-12T06:00,47.2,48,1.8,12.7
0,Bronx County,2025-01-12T07:00,46.6,47.8,2.5,12.8
0,Bronx County,2025-01-12T08:00,45.6,47.9,5.2,13.1
0,Bronx County,2025-01-12T09:00,44.7,48.3,8,13.4
0,Bronx County,2025-01-12T10:00,44,48.3,9.8,13.6
0,Bronx County,2025-01-12T11:00,42.9,48.5,12.9,13.9
0,Bronx County,2025-01-12T12:00,41.2,48.2,16.7,14.5
0,Bronx County,2025-01-12T13:00,38.9,47.2,21.3,15.4
0,Bronx County,2025-01-12T14:00,37.6,46.9,24.5,15.9
0,Bronx County,2025-01-12T15:00,36.7,46.1,25.8,16.3
0,Bronx County,2025-01-12T16:00,35.6,45.9,28.8,16.8
0,Bronx County,2025-01-12T17:00,35.9,46,27.9,16.6
0,Bronx County,2025-01-12T18:00,36.8,45.7,24.1,16.2
0,Bronx County,2025-01-12T19:00,37.5,45.3,20.7,15.9
0,Bronx County,2025-01-12T20:00,39.1,44.9,14.6,15.3
0,Bronx County,2025-01-12T21:00,39.9,44.7,12,15
0,Bronx County,2025-01-12T22:00,39.7,44,10.7,15
0,Bronx County,2025-01-12T23:00,40,42.9,7.2,14.9
0,Bronx County,2025-01-13T00:00,38.4,41.1,6.8,15.5
0,Bronx County,2025-01-13T01:00,38.1,40.1,5.4,15.7
0,Bronx County,2025-01-13T02:00,38.6,40.4,4.7,15.5
0,Bronx County,2025-01-13T03:00,41.8,43.1,2.9,14.3
0,Bronx County,2025-01-13T04:00,48.1,48.4,0.7,12.4
0,Bronx County,2025-01-13T05:00,49.3,52.2,5.7,12.1
0,Bronx County,2025-01-13T06:00,36.9,47.5,28.5,16.2
0,Bronx County,2025-01-13T07:00,27.6,41.1,48.8,21.7
0,Bronx County,2025-01-13T08:00,26.2,40,52.9,22.8
0,Bronx County,2025-01-13T09:00,29.9,41.1,37.4,20
0,Bronx County,2025-01-13T10:00,31.6,41.8,32.1,18.9
0,Bronx County,2025-01-13T11:00,30.7,40.8,32.8,19.5
0,Bronx County,2025-01-13T12:00,31.8,41.3,30,18.8
0,Bronx County,2025-01-13T13:00,31,41.5,33.7,19.3
0,Bronx County,2025-01-13T14:00,28.7,40.9,42.4,20.8
0,Bronx County,2025-01-13T15:00,26.1,40.1,53.1,22.9
0,Bronx County,2025-01-13T16:00,23.7,39.2,65.3,25.2
0,Bronx County,2025-01-13T17:00,24.7,39.7,60.7,24.2
0,Bronx County,2025-01-13T18:00,30.6,41.4,35.1,19.5
0,Bronx County,2025-01-13T19:00,33.9,41.8,23.1,17.6
0,Bronx County,2025-01-13T20:00,36.4,42.2,16,16.4
0,Bronx County,2025-01-13T21:00,38.9,43.3,11.3,15.4
0,Bronx County,2025-01-13T22:00,39.6,43.1,8.6,15.1
0,Bronx County,2025-01-13T23:00,39.1,42.3,8,15.3
0,Bronx County,2025-01-14T00:00,39.1,41.5,6.2,15.3
0,Bronx County,2025-01-14T01:00,38,40.1,5.5,15.7
0,Bronx County,2025-01-14T02:00,39.5,41.3,4.5,15.1
0,Bronx County,2025-01-14T03:00,44.1,45.1,2.1,13.5
0,Bronx County,2025-01-14T04:00,48.1,48.8,1.4,12.4
0,Bronx County,2025-01-14T05:00,48,50.9,6.1,12.4
0,Bronx County,2025-01-14T06:00,37,46.7,25.9,16.1
0,Bronx County,2025-01-14T07:00,26.7,40.7,52.4,22.4
0,Bronx County,2025-01-14T08:00,25.1,39.6,57.3,23.8
0,Bronx County,2025-01-14T09:00,28.7,40.5,40.8,20.8
0,Bronx County,2025-01-14T10:00,30.1,40.9,35.7,19.8
0,Bronx County,2025-01-14T11:00,29.4,40.3,37.3,20.3
0,Bronx County,2025-01-14T12:00,29.2,40.1,37.5,20.5
0,Bronx County,2025-01-14T13:00,29.4,40.7,38.6,20.3
0,Bronx County,2025-01-14T14:00,25.8,39.9,54.8,23.2
0,Bronx County,2025-01-14T15:00,23.3,39.3,68.7,25.7
0,Bronx County,2025-01-14T16:00,23,38.8,68.1,25.9
0,Bronx County,2025-01-14T17:00,23.1,39,68.3,25.8
0,Bronx County,2025-01-14T18:00,26.5,39.6,49.6,22.6
0,Bronx County,2025-01-14T19:00,32.2,41.2,27.9,18.6
0,Bronx County,2025-01-14T20:00,35.9,42.1,17.3,16.7
0,Bronx County,2025-01-14T21:00,38.3,43.1,12.6,15.6
0,Bronx County,2025-01-14T22:00,40,44,9.9,14.9
0,Bronx County,2025-01-14T23:00,38.1,42.5,11.6,15.7
0,Bronx County,2025-01-15T00:00,38.6,41.3,7.1,15.5
0,Bronx County,2025-01-15T01:00,38.5,40.5,5.3,15.5
0,Bronx County,2025-01-15T02:00,39.5,41.3,4.5,15.1
0,Bronx County,2025-01-15T03:00,42.8,44.4,3.6,13.9
0,Bronx County,2025-01-15T04:00,48.1,48.7,1.2,12.4
0,Bronx County,2025-01-15T05:00,48.3,51.1,5.8,12.4
0,Bronx County,2025-01-15T06:00,37.6,47.2,25.4,15.9
0,Bronx County,2025-01-15T07:00,27.8,40.6,46.1,21.5
0,Bronx County,2025-01-15T08:00,25.9,39.6,52.5,23
0,Bronx County,2025-01-15T09:00,30,40.9,36.5,19.9
0,Bronx County,2025-01-15T10:00,31.5,41.7,32.4,19
0,Bronx County,2025-01-15T11:00,31.4,41.7,32.6,19
0,Bronx County,2025-01-15T12:00,30.7,40.7,32.4,19.4
0,Bronx County,2025-01-15T13:00,31,41.4,33.4,19.3
0,Bronx County,2025-01-15T14:00,28.6,41.3,43.9,20.9
0,Bronx County,2025-01-15T15:00,25.7,40.3,56.7,23.3
0,Bronx County,2025-01-15T16:00,25.3,39.7,56.6,23.6
0,Bronx County,2025-01-15T17:00,25.5,40,57,23.5
0,Bronx County,2025-01-15T18:00,29.7,41.2,38.3,20.1
0,Bronx County,2025-01-15T19:00,33.5,41.8,24.7,17.8
0,Bronx County,2025-01-15T20:00,36,42.4,17.6,16.6
0,Bronx County,2025-01-15T21:00,38.4,43.6,13.6,15.6
0,Bronx County,2025-01-15T22:00,39.6,43.7,10.2,15.1
0,Bronx County,2025-01-15T23:00,38.8,42.5,9.6,15.4
0,Bronx County,2025-01-16T00:00,39.1,42,7.5,15.3
0,Bronx County,2025-01-16T01:00,38.2,40.7,6.6,15.6
0,Bronx County,2025-01-16T02:00,38.7,40.5,4.6,15.4
0,Bronx County,2025-01-16T03:00,43,44.4,3.1,13.9
0,Bronx County,2025-01-16T04:00,48.1,48.6,1,12.4
0,Bronx County,2025-01-16T05:00,48.5,51.3,5.8,12.3
0,Bronx County,2025-01-16T06:00,37.4,46.9,25.3,16
0,Bronx County,2025-01-16T07:00,27.5,40.7,47.9,21.7
0,Bronx County,2025-01-16T08:00,25.5,39.5,54.9,23.5
0,Bronx County,2025-01-16T09:00,28.7,40.3,40.3,20.8
0,Bronx County,2025-01-16T10:00,30.8,41.3,34.2,19.4
0,Bronx County,2025-01-16T11:00,30.1,41.2,36.8,19.9
0,Bronx County,2025-01-16T12:00,28.7,40.3,40.1,20.8
0,Bronx County,2025-01-16T13:00,29.6,41,38.5,20.2
0,Bronx County,2025-01-16T14:00,27.2,40.7,49.2,21.9
0,Bronx County,2025-01-16T15:00,23.9,39.5,65.3,25
0,Bronx County,2025-01-16T16:00,23.8,39.2,64.7,25.1
0,Bronx County,2025-01-16T17:00,23.6,39.1,65.6,25.3
0,Bronx County,2025-01-16T18:00,28.1,40.9,45.4,21.3
0,Bronx County,2025-01-16T19:00,32.2,42.1,30.6,18.5
0,Bronx County,2025-01-16T20:00,35.4,42.9,21.2,16.9
0,Bronx County,2025-01-16T21:00,38.4,44,14.4,15.5
0,Bronx County,2025-01-16T22:00,40.1,44.6,11.2,14.9
0,Bronx County,2025-01-16T23:00,40.1,44,9.9,14.9
0,Bronx County,2025-01-17T00:00,39.8,43.1,8.2,15
0,Bronx County,2025-01-17T01:00,39.2,41.5,6,15.2
0,Bronx County,2025-01-17T02:00,39.9,41.9,5,15
0,Bronx County,2025-01-17T03:00,42.6,44.3,3.9,14
0,Bronx County,2025-01-17T04:00,47.8,48.7,1.9,12.5
0,Bronx County,2025-01-17T05:00,47.9,51,6.4,12.5
0,Bronx County,2025-01-17T06:00,36,46.6,29.5,16.6
0,Bronx County,2025-01-17T07:00,27.2,40.4,48.4,22
0,Bronx County,2025-01-17T08:00,26.5,39.9,50.1,22.5
0,Bronx County,2025-01-17T09:00,29.6,40.9,38.2,20.2
0,Bronx County,2025-01-17T10:00,30.6,41.6,35.7,19.5
0,Bronx County,2025-01-17T11:00,30.3,41.4,36.6,19.7
0,Bronx County,2025-01-17T12:00,29.6,41.6,40.2,20.2
0,Bronx County,2025-01-17T13:00,28.5,42,47.3,21
0,Bronx County,2025-01-17T14:00,24.5,40.9,67.1,24.4
0,Bronx County,2025-01-17T15:00,21.7,39.7,82.9,27.6
0,Bronx County,2025-01-17T16:00,22.1,39.7,79,27
0,Bronx County,2025-01-17T17:00,22.4,40,78,26.6
0,Bronx County,2025-01-17T18:00,24.6,40.8,65.9,24.3
0,Bronx County,2025-01-17T19:00,29.6,42,41.4,20.2
0,Bronx County,2025-01-17T20:00,33.9,42.7,26,17.6
0,Bronx County,2025-01-17T21:00,36.3,42.8,17.6,16.4
0,Bronx County,2025-01-17T22:00,37.8,43.3,14.3,15.8
0,Bronx County,2025-01-17T23:00,37.4,42.4,13.4,16
0,Bronx County,2025-01-18T00:00,38.9,42.7,9.6,15.4
0,Bronx County,2025-01-18T01:00,38.2,41.3,8,15.6
0,Bronx County,2025-01-18T02:00,38.9,41.3,6.1,15.3
0,Bronx County,2025-01-18T03:00,40.5,42.4,4.6,14.8
0,Bronx County,2025-01-18T04:00,42.8,44.5,3.8,13.9
0,Bronx County,2025-01-18T05:00,46,48,4.4,13
0,Bronx County,2025-01-18T06:00,46.1,48.8,5.8,13
0,Bronx County,2025-01-18T07:00,44.2,47.8,8.2,13.5
0,Bronx County,2025-01-18T08:00,43.1,48,11.4,13.9
0,Bronx County,2025-01-18T09:00,40.1,47.1,17.4,14.9
0,Bronx County,2025-01-18T10:00,38.9,47.1,21.1,15.3
0,Bronx County,2025-01-18T11:00,36,46.6,29.4,16.6
0,Bronx County,2025-01-18T12:00,33.8,45.8,35.6,17.7
0,Bronx County,2025-01-18T13:00,31.8,44.5,40.1,18.8
0,Bronx County,2025-01-18T14:00,29.3,44,49.9,20.4
0,Bronx County,2025-01-18T15:00,28.1,43.1,53.4,21.3
0,Bronx County,2025-01-18T16:00,28.3,43,52.1,21.1
0,Bronx County,2025-01-18T17:00,30.2,44.1,45.8,19.8
0,Bronx County,2025-01-18T18:00,31.9,43.9,37.3,18.7
0,Bronx County,2025-01-18T19:00,34.1,43.6,27.7,17.5
0,Bronx County,2025-01-18T20:00,35.3,43.4,23,16.9
0,Bronx County,2025-01-18T21:00,37.3,43.6,16.9,16
0,Bronx County,2025-01-18T22:00,39,44.8,14.9,15.3
0,Bronx County,2025-01-18T23:00,39.2,44.2,12.9,15.3
0,Bronx County,2025-01-19T00:00,39.2,42.9,9.4,15.2
0,Bronx County,2025-01-19T01:00,38.8,41.8,7.6,15.4
0,Bronx County,2025-01-19T02:00,38.9,41.3,6,15.3
0,Bronx County,2025-01-19T03:00,39.2,41.4,5.5,15.2
0,Bronx County,2025-01-19T04:00,40.4,42.5,5,14.8
0,Bronx County,2025-01-19T05:00,43.4,44.9,3.3,13.8
0,Bronx County,2025-01-19T06:00,46.3,47.6,2.7,12.9
0,Bronx County,2025-01-19T07:00,45.8,47.3,3.1,13
0,Bronx County,2025-01-19T08:00,45.6,47.8,4.8,13.1
0,Bronx County,2025-01-19T09:00,45.2,48.4,6.9,13.2
0,Bronx County,2025-01-19T10:00,43.9,48.1,9.5,13.6
0,Bronx County,2025-01-19T11:00,43.1,48.1,11.5,13.8
0,Bronx County,2025-01-19T12:00,41.3,47.1,14,14.5
0,Bronx County,2025-01-19T13:00,37.9,45.9,21.1,15.8
0,Bronx County,2025-01-19T14:00,34.5,45,30.2,17.3
0,Bronx County,2025-01-19T15:00,35.4,44,24.4,16.9
0,Bronx County,2025-01-19T16:00,35.1,43,22.3,17
0,Bronx County,2025-01-19T17:00,32.4,42.5,31.1,18.5
0,Bronx County,2025-01-19T18:00,32.9,42.2,28.3,18.2
0,Bronx County,2025-01-19T19:00,28.9,40.8,41.1,20.7
0,Bronx County,2025-01-19T20:00,28.7,40.5,41.3,20.9
0,Bronx County,2025-01-19T21:00,31.3,40.9,30.4,19.1
0,Bronx County,2025-01-19T22:00,33.3,41,22.8,17.9
0,Bronx County,2025-01-19T23:00,34.5,40.6,17.4,17.3
0,Bronx County,2025-01-20T00:00,34.1,39.6,15.8,17.5
0,Bronx County,2025-01-20T01:00,34.8,40.3,15.6,17.1
0,Bronx County,2025-01-20T02:00,35.5,40.2,13.2,16.8
0,Bronx County,2025-01-20T03:00,37.5,41.9,11.6,15.9
0,Bronx County,2025-01-20T04:00,40.6,44.6,9.7,14.7
0,Bronx County,2025-01-20T05:00,42.9,47.9,11.5,13.9
0,Bronx County,2025-01-20T06:00,41.3,48.5,17.3,14.5
0,Bronx County,2025-01-20T07:00,39.6,46.2,16.7,15.1
0,Bronx County,2025-01-20T08:00,37.5,44.8,19.3,15.9
0,Bronx County,2025-01-20T09:00,38.1,45.1,18.3,15.7
0,Bronx County,2025-01-20T10:00,38.7,46,18.7,15.4
0,Bronx County,2025-01-20T11:00,38.5,46.2,20.1,15.5
0,Bronx County,2025-01-20T12:00,38.3,46.4,21.3,15.6
0,Bronx County,2025-01-20T13:00,37.7,45.9,21.7,15.8
0,Bronx County,2025-01-20T14:00,36.9,45.9,24.4,16.2
0,Bronx County,2025-01-20T15:00,35.8,45.5,27.1,16.7
0,Bronx County,2025-01-20T16:00,35.5,45.1,27,16.8
0,Bronx County,2025-01-20T17:00,35.2,45.1,28.2,17
0,Bronx County,2025-01-20T18:00,35.7,44.7,24.9,16.7
0,Bronx County,2025-01-20T19:00,36.6,44.4,21.2,16.3
0,Bronx County,2025-01-20T20:00,37.7,44,16.5,15.8
0,Bronx County,2025-01-20T21:00,38.6,43.8,13.5,15.5
0,Bronx County,2025-01-20T22:00,39.3,43.5,10.4,15.2
0,Bronx County,2025-01-20T23:00,39.3,42.8,8.7,15.2
0,Bronx County,2025-01-21T00:00,38.9,42,8,15.4
0,Bronx County,2025-01-21T01:00,38.2,41,7.4,15.6
0,Bronx County,2025-01-21T02:00,38.3,40.9,6.8,15.6
0,Bronx County,2025-01-21T03:00,42.5,44.5,4.5,14
0,Bronx County,2025-01-21T04:00,47.6,49,2.9,12.5
0,Bronx County,2025-01-21T05:00,48.2,51.7,7.2,12.4
0,Bronx County,2025-01-21T06:00,36.7,47.7,29.8,16.3
0,Bronx County,2025-01-21T07:00,26.4,40.9,54.7,22.6
0,Bronx County,2025-01-21T08:00,24.1,39.4,63.3,24.8
0,Bronx County,2025-01-21T09:00,29.3,41.1,40.3,20.4
0,Bronx County,2025-01-21T10:00,32.3,42.2,30.5,18.5
0,Bronx County,2025-01-21T11:00,31,41.4,33.6,19.3
0,Bronx County,2025-01-21T12:00,31.4,41.3,31.4,19
0,Bronx County,2025-01-21T13:00,31.1,41.3,32.9,19.2
0,Bronx County,2025-01-21T14:00,29,40.9,41.2,20.6
0,Bronx County,2025-01-21T15:00,26.8,40.3,50,22.3
0,Bronx County,2025-01-21T16:00,26.2,40,52.5,22.8
0,Bronx County,2025-01-21T17:00,26.5,40,50.6,22.5
0,Bronx County,2025-01-21T18:00,30.9,41.3,33.3,19.3
0,Bronx County,2025-01-21T19:00,34.1,41.7,22.1,17.5
0,Bronx County,2025-01-21T20:00,35.8,42,17.2,16.7
0,Bronx County,2025-01-21T21:00,37,42.8,15.5,16.1
0,Bronx County,2025-01-21T22:00,39.8,43.8,10,15
0,Bronx County,2025-01-21T23:00,39.3,42.7,8.5,15.2
0,Bronx County,2025-01-22T00:00,38.5,41.5,7.7,15.5
0,Bronx County,2025-01-22T01:00,37.2,39.9,7.3,16.1
0,Bronx County,2025-01-22T02:00,38.2,40.4,5.6,15.6
0,Bronx County,2025-01-22T03:00,40.4,43.2,7,14.8
0,Bronx County,2025-01-22T04:00,45,47.6,5.9,13.3
0,Bronx County,2025-01-22T05:00,48,51,6.2,12.4
0,Bronx County,2025-01-22T06:00,37.6,47.2,25.4,15.9
0,Bronx County,2025-01-22T07:00,27.4,40.8,48.9,21.8
0,Bronx County,2025-01-22T08:00,26.1,40,53.1,22.9
0,Bronx County,2025-01-22T09:00,29.8,41.1,37.7,20
0,Bronx County,2025-01-22T10:00,31.7,41.5,30.8,18.8
0,Bronx County,2025-01-22T11:00,31.2,41.1,31.6,19.2
0,Bronx County,2025-01-22T12:00,31,40.9,31.5,19.2
0,Bronx County,2025-01-22T13:00,30.5,40.9,33.9,19.6
0,Bronx County,2025-01-22T14:00,27.6,40.6,46.9,21.6
0,Bronx County,2025-01-22T15:00,25.3,39.6,56.4,23.6
0,Bronx County,2025-01-22T16:00,25.4,39.4,55,23.5
0,Bronx County,2025-01-22T17:00,25.9,39.9,54.1,23.1
0,Bronx County,2025-01-22T18:00,29.3,40.9,39.4,20.4
0,Bronx County,2025-01-22T19:00,32.1,40.8,27.1,18.6
0,Bronx County,2025-01-22T20:00,35,41.6,18.9,17.1
0,Bronx County,2025-01-22T21:00,38.4,43.6,13.4,15.6
0,Bronx County,2025-01-22T22:00,38.9,43.5,11.7,15.4
0,Bronx County,2025-01-22T23:00,38.9,42.3,8.7,15.4
0,Bronx County,2025-01-23T00:00,38.8,41.8,7.6,15.4
0,Bronx County,2025-01-23T01:00,38.1,40.8,7,15.7
0,Bronx County,2025-01-23T02:00,38,40.1,5.5,15.7
0,Bronx County,2025-01-23T03:00,42.5,43.9,3.2,14.1
0,Bronx County,2025-01-23T04:00,47.5,48.5,2.1,12.6
0,Bronx County,2025-01-23T05:00,48,51,6.1,12.4
0,Bronx County,2025-01-23T06:00,37.6,46.9,24.7,15.9
0,Bronx County,2025-01-23T07:00,28,41.2,46.9,21.3
0,Bronx County,2025-01-23T08:00,26.2,40.1,52.7,22.8
0,Bronx County,2025-01-23T09:00,29.5,41.1,39,20.2
0,Bronx County,2025-01-23T10:00,30.4,41.6,36.9,19.7
0,Bronx County,2025-01-23T11:00,30.1,41.1,36.4,19.8
0,Bronx County,2025-01-23T12:00,30.1,40.7,35.3,19.9
0,Bronx County,2025-01-23T13:00,29.4,40.9,39.3,20.4
0,Bronx County,2025-01-23T14:00,26.5,40.5,52.2,22.5
0,Bronx County,2025-01-23T15:00,23.8,39.4,65.6,25.1
0,Bronx County,2025-01-23T16:00,23.1,39,68.3,25.8
0,Bronx County,2025-01-23T17:00,24.1,39.9,65.2,24.8
0,Bronx County,2025-01-23T18:00,28.8,41.2,43,20.8
0,Bronx County,2025-01-23T19:00,33,41.7,26.4,18.1
0,Bronx County,2025-01-23T20:00,36,42.5,18.1,16.6
0,Bronx County,2025-01-23T21:00,38.2,43.7,14.3,15.6
0,Bronx County,2025-01-23T22:00,40.1,44.4,10.6,14.9
0,Bronx County,2025-01-23T23:00,40,43.6,8.9,14.9
0,Bronx County,2025-01-24T00:00,39.7,42.7,7.6,15
0,Bronx County,2025-01-24T01:00,38.9,41.4,6.4,15.4
0,Bronx County,2025-01-24T02:00,39.1,41.2,5.2,15.3
0,Bronx County,2025-01-24T03:00,41.5,43.2,4.1,14.4
0,Bronx County,2025-01-24T04:00,46.4,47.1,1.6,12.9
0,Bronx County,2025-01-24T05:00,47.3,50.6,6.8,12.6
0,Bronx County,2025-01-24T06:00,37.9,46.7,23.4,15.8
0,Bronx County,2025-01-24T07:00,28.3,40.8,44,21.1
0,Bronx County,2025-01-24T08:00,27,39.5,46.5,22.2
0,Bronx County,2025-01-24T09:00,30,40.8,36.1,19.9
0,Bronx County,2025-01-24T10:00,30.4,41.2,35.5,19.6
0,Bronx County,2025-01-24T11:00,29.8,41.2,37.9,20
0,Bronx County,2025-01-24T12:00,29.4,41.4,40.4,20.3
0,Bronx County,2025-01-24T13:00,29.3,42.3,44.3,20.4
0,Bronx County,2025-01-24T14:00,25.4,41,61.3,23.5
0,Bronx County,2025-01-24T15:00,22.7,39.5,74.2,26.4
0,Bronx County,2025-01-24T16:00,22.3,39.2,75.9,26.8
0,Bronx County,2025-01-24T17:00,23,39.4,71.1,26
0,Bronx County,2025-01-24T18:00,25.5,40.2,57.6,23.4
0,Bronx County,2025-01-24T19:00,30.3,41.7,37.3,19.7
0,Bronx County,2025-01-24T20:00,33.1,41.4,25.2,18.1
0,Bronx County,2025-01-24T21:00,35.8,42.3,18.2,16.7
0,Bronx County,2025-01-24T22:00,37.7,43.1,14.2,15.8
0,Bronx County,2025-01-24T23:00,38.1,42.7,12.2,15.7
0,Bronx County,2025-01-25T00:00,38.1,41.9,9.9,15.7
0,Bronx County,2025-01-25T01:00,38.1,40.9,7.2,15.7
0,Bronx County,2025-01-25T02:00,39.1,41.5,5.9,15.3
0,Bronx County,2025-01-25T03:00,40.3,42.3,4.7,14.8
0,Bronx County,2025-01-25T04:00,42.4,44,3.6,14.1
0,Bronx County,2025-01-25T05:00,44.5,46.2,3.7,13.4
0,Bronx County,2025-01-25T06:00,45.9,48.4,5.2,13
0,Bronx County,2025-01-25T07:00,44,47.4,7.7,13.6
0,Bronx County,2025-01-25T08:00,41.5,46.6,12.4,14.4
0,Bronx County,2025-01-25T09:00,39.6,46,16.2,15.1
0,Bronx County,2025-01-25T10:00,38.2,45.9,20.2,15.7
0,Bronx County,2025-01-25T11:00,36.9,46,24.6,16.2
0,Bronx County,2025-01-25T12:00,35.9,45.6,26.9,16.7
0,Bronx County,2025-01-25T13:00,34.5,44.5,28.9,17.3
0,Bronx County,2025-01-25T14:00,33.4,44.4,32.7,17.9
0,Bronx County,2025-01-25T15:00,32.3,43.8,35.7,18.5
0,Bronx County,2025-01-25T16:00,31.5,43.9,39.3,19
0,Bronx County,2025-01-25T17:00,31.6,44.2,39.8,18.9
0,Bronx County,2025-01-25T18:00,31.9,44,38.2,18.8
0,Bronx County,2025-01-25T19:00,33.9,43.5,28.2,17.6
0,Bronx County,2025-01-25T20:00,35,43,22.9,17.1
0,Bronx County,2025-01-25T21:00,37.5,43.8,16.9,15.9
0,Bronx County,2025-01-25T22:00,39.4,44.6,13.2,15.2
0,Bronx County,2025-01-25T23:00,40.1,44.8,11.7,14.9
0,Bronx County,2025-01-26T00:00,39.4,43.3,9.9,15.2
0,Bronx County,2025-01-26T01:00,39,41.8,7,15.3
0,Bronx County,2025-01-26T02:00,38.5,40.7,5.7,15.5
0,Bronx County,2025-01-26T03:00,39.3,41.4,5.1,15.2
0,Bronx County,2025-01-26T04:00,40.3,42,4.3,14.8
0,Bronx County,2025-01-26T05:00,43.5,44.8,3,13.7
0,Bronx County,2025-01-26T06:00,45.4,46.5,2.5,13.2
0,Bronx County,2025-01-26T07:00,45.5,47.1,3.5,13.1
0,Bronx County,2025-01-26T08:00,44.3,46.9,5.9,13.5
0,Bronx County,2025-01-26T09:00,44.8,48.1,7.2,13.3
0,Bronx County,2025-01-26T10:00,43.1,48,11.3,13.9
0,Bronx County,2025-01-26T11:00,42.2,48.6,15,14.1
0,Bronx County,2025-01-26T12:00,40.6,47.7,17.3,14.7
0,Bronx County,2025-01-26T13:00,38.4,46.9,22,15.5
0,Bronx County,2025-01-26T14:00,37,46.2,24.8,16.1
0,Bronx County,2025-01-26T15:00,36.3,46,26.6,16.5
0,Bronx County,2025-01-26T16:00,35.9,45.8,27.3,16.6
0,Bronx County,2025-01-26T17:00,36.3,45.8,25.9,16.4
0,Bronx County,2025-01-26T18:00,35.6,45,26.4,16.8
0,Bronx County,2025-01-26T19:00,37.5,45,19.8,15.9
0,Bronx County,2025-01-26T20:00,38.5,44.5,15.6,15.5
0,Bronx County,2025-01-26T21:00,39.5,44.4,12.2,15.1
0,Bronx County,2025-01-26T22:00,40.3,44.5,10.2,14.8
0,Bronx County,2025-01-26T23:00,38.9,42.8,10,15.4
0,Bronx County,2025-01-27T00:00,38.6,41.4,7.2,15.5
0,Bronx County,2025-01-27T01:00,38,40.1,5.7,15.7
0,Bronx County,2025-01-27T02:00,38,39.9,5,15.7
0,Bronx County,2025-01-27T03:00,42.3,43.8,3.4,14.1
0,Bronx County,2025-01-27T04:00,46.9,47.5,1.4,12.7
0,Bronx County,2025-01-27T05:00,48.3,51.2,5.9,12.4
0,Bronx County,2025-01-27T06:00,37.9,47.5,25.1,15.7
0,Bronx County,2025-01-27T07:00,28.1,41.3,46.6,21.3
0,Bronx County,2025-01-27T08:00,27,40.5,49.5,22.1
0,Bronx County,2025-01-27T09:00,30.3,41.3,36.3,19.7
0,Bronx County,2025-01-27T10:00,31.3,41.8,33.2,19.1
0,Bronx County,2025-01-27T11:00,29.7,41.1,38.4,20.1
0,Bronx County,2025-01-27T12:00,29.5,40.5,37.1,20.3
0,Bronx County,2025-01-27T13:00,29.3,40.6,38.3,20.4
0,Bronx County,2025-01-27T14:00,28.3,40.8,44.2,21.1
0,Bronx County,2025-01-27T15:00,26.6,40.6,52.6,22.5
0,Bronx County,2025-01-27T16:00,24.6,39.7,61,24.3
0,Bronx County,2025-01-27T17:00,25.2,39.8,57.6,23.7
0,Bronx County,2025-01-27T18:00,29.7,41.3,38.7,20.1
0,Bronx County,2025-01-27T19:00,33.7,41.7,23.9,17.8
0,Bronx County,2025-01-27T20:00,36,42.3,17.4,16.6
0,Bronx County,2025-01-27T21:00,38.1,42.9,12.6,15.7
0,Bronx County,2025-01-27T22:00,39,43.1,10.6,15.3
0,Bronx County,2025-01-27T23:00,38.6,42.3,9.5,15.5
0,Bronx County,2025-01-28T00:00,38.2,41.1,7.8,15.7
0,Bronx County,2025-01-28T01:00,37.3,40.1,7.4,16
0,Bronx County,2025-01-28T02:00,38.6,40.7,5.4,15.5
0,Bronx County,2025-01-28T03:00,42.6,43.8,2.8,14
0,Bronx County,2025-01-28T04:00,47.6,48.3,1.4,12.6
0,Bronx County,2025-01-28T05:00,48,51.2,6.6,12.4
0,Bronx County,2025-01-28T06:00,36.5,46.7,27.8,16.4
0,Bronx County,2025-01-28T07:00,26.8,40.6,51.1,22.3
0,Bronx County,2025-01-28T08:00,24.4,39.2,60.6,24.5
0,Bronx County,2025-01-28T09:00,27.9,40.2,44.1,21.4
0,Bronx County,2025-01-28T10:00,29.3,40.8,39.2,20.4
0,Bronx County,2025-01-28T11:00,28.5,40,40.4,21
0,Bronx County,2025-01-28T12:00,28.9,39.9,37.7,20.6
0,Bronx County,2025-01-28T13:00,28.6,40.2,40.3,20.9
0,Bronx County,2025-01-28T14:00,27.2,40.2,47.8,22
0,Bronx County,2025-01-28T15:00,24.2,39.5,62.6,24.6
0,Bronx County,2025-01-28T16:00,24,39.3,63.3,24.9
0,Bronx County,2025-01-28T17:00,25,39.8,59,23.9
0,Bronx County,2025-01-28T18:00,29.2,41,40.4,20.5
0,Bronx County,2025-01-28T19:00,33.7,41.7,23.7,17.7
0,Bronx County,2025-01-28T20:00,36,42.2,17.4,16.6
0,Bronx County,2025-01-28T21:00,37.9,43.4,14.3,15.7
0,Bronx County,2025-01-28T22:00,39.5,44.3,12.1,15.1
0,Bronx County,2025-01-28T23:00,38.3,42.5,11,15.6
0,Bronx County,2025-01-29T00:00,37.1,41.2,11,16.1
0,Bronx County,2025-01-29T01:00,36.6,39.9,8.8,16.3
0,Bronx County,2025-01-29T02:00,38.1,40.4,6,15.7
0,Bronx County,2025-01-29T03:00,42.2,43.7,3.6,14.2
0,Bronx County,2025-01-29T04:00,47,48,1.9,12.7
0,Bronx County,2025-01-29T05:00,47.7,51.2,7.3,12.5
0,Bronx County,2025-01-29T06:00,40.6,48.5,19.3,14.7
0,Bronx County,2025-01-29T07:00,33.9,43.4,27.9,17.6
0,Bronx County,2025-01-29T08:00,31.5,42.1,33.6,19
0,Bronx County,2025-01-29T09:00,31.7,41.7,31.6,18.9
0,Bronx County,2025-01-29T10:00,30.9,41.6,34.6,19.3
0,Bronx County,2025-01-29T11:00,29.2,40.9,39.8,20.5
0,Bronx County,2025-01-29T12:00,28.5,40.2,40.7,20.9
0,Bronx County,2025-01-29T13:00,28.6,40.3,40.6,20.9
0,Bronx County,2025-01-29T14:00,28.3,40.8,44,21.1
0,Bronx County,2025-01-29T15:00,26.9,40,48.2,22.2
0,Bronx County,2025-01-29T16:00,26.5,40,50.9,22.6
0,Bronx County,2025-01-29T17:00,26.3,40.3,53.3,22.7
0,Bronx County,2025-01-29T18:00,30.1,41.2,36.8,19.8
0,Bronx County,2025-01-29T19:00,33.4,41.9,25.5,17.9
0,Bronx County,2025-01-29T20:00,35.9,42.5,18.5,16.7
0,Bronx County,2025-01-29T21:00,37.9,43.2,14,15.8
0,Bronx County,2025-01-29T22:00,39,44.3,13.4,15.3
0,Bronx County,2025-01-29T23:00,38.5,42.7,10.9,15.5
0,Bronx County,2025-01-30T00:00,37.7,41.2,9.1,15.8
0,Bronx County,2025-01-30T01:00,37.7,40.3,6.8,15.8
0,Bronx County,2025-01-30T02:00,38.3,40.5,5.8,15.6
0,Bronx County,2025-01-30T03:00,41.2,43.2,4.8,14.5
0,Bronx County,2025-01-30T04:00,47.4,48.5,2.2,12.6
0,Bronx County,2025-01-30T05:00,47.8,51.1,6.8,12.5
0,Bronx County,2025-01-30T06:00,36.9,46.8,26.7,16.2
0,Bronx County,2025-01-30T07:00,26.7,40.5,51.9,22.4
0,Bronx County,2025-01-30T08:00,24.2,39.2,61.7,24.7
0,Bronx County,2025-01-30T09:00,27.5,40.5,47.1,21.7
0,Bronx County,2025-01-30T10:00,29.5,41.1,39.2,20.3
0,Bronx County,2025-01-30T11:00,28.4,40.1,41.2,21
0,Bronx County,2025-01-30T12:00,29.2,40.5,38.7,20.5
0,Bronx County,2025-01-30T13:00,28.3,40.4,42.3,21.1
0,Bronx County,2025-01-30T14:00,25.2,39.8,57.4,23.7
0,Bronx County,2025-01-30T15:00,23.1,39.5,70.5,25.8
0,Bronx County,2025-01-30T16:00,23.2,39.1,68.3,25.7
0,Bronx County,2025-01-30T17:00,23.6,39.5,66.9,25.3
0,Bronx County,2025-01-30T18:00,26.6,40.3,51.3,22.5
0,Bronx County,2025-01-30T19:00,31.9,41.9,31.4,18.7
0,Bronx County,2025-01-30T20:00,35.4,42.5,19.8,16.9
0,Bronx County,2025-01-30T21:00,38.4,43.8,13.9,15.6
0,Bronx County,2025-01-30T22:00,39.6,44.8,13,15.1
0,Bronx County,2025-01-30T23:00,39.1,43.5,11,15.3
0,Bronx County,2025-01-31T00:00,38.8,42.6,9.6,15.4
0,Bronx County,2025-01-31T01:00,38.8,41.6,7.2,15.4
0,Bronx County,2025-01-31T02:00,38.9,41.1,5.5,15.3
0,Bronx County,2025-01-31T03:00,41.4,43.3,4.6,14.4
0,Bronx County,2025-01-31T04:00,46,47.9,4.2,13
0,Bronx County,2025-01-31T05:00,45,50.3,11.8,13.3
0,Bronx County,2025-01-31T06:00,35.1,46.1,31.2,17
0,Bronx County,2025-01-31T07:00,26.7,40.1,50.1,22.4
0,Bronx County,2025-01-31T08:00,25.3,39.2,54.8,23.6
0,Bronx County,2025-01-31T09:00,28.9,40.5,40.2,20.7
0,Bronx County,2025-01-31T10:00,30.2,41.4,37,19.8
0,Bronx County,2025-01-31T11:00,29.7,41.2,38.5,20.1
0,Bronx County,2025-01-31T12:00,28.7,40.7,41.8,20.8
0,Bronx County,2025-01-31T13:00,28.7,41.3,43.9,20.8
0,Bronx County,2025-01-31T14:00,26.1,41.3,57.6,22.9
0,Bronx County,2025-01-31T15:00,22.6,40.3,78.3,26.5
0,Bronx County,2025-01-31T16:00,21.3,38.7,81.4,28.1
0,Bronx County,2025-01-31T17:00,21.3,38.6,80.9,28
0,Bronx County,2025-01-31T18:00,25.2,40.6,61.4,23.8
0,Bronx County,2025-01-31T19:00,29.9,41.6,38.8,20
0,Bronx County,2025-01-31T20:00,32.6,41.4,27.2,18.3
0,Bronx County,2025-01-31T21:00,33.9,41.6,22.6,17.6
0,Bronx County,2025-01-31T22:00,34.6,41.9,21.2,17.3
0,Bronx County,2025-01-31T23:00,37,42.5,14.5,16.1
0,Bronx County,2025-02-01T00:00,37.5,41.6,10.8,15.9
0,Bronx County,2025-02-01T01:00,37.5,40.7,8.4,15.9
0,Bronx County,2025-02-01T02:00,38.2,40.7,6.4,15.6
0,Bronx County,2025-02-01T03:00,39.1,41.6,6.3,15.3
0,Bronx County,2025-02-01T04:00,41.9,43.6,4,14.3
0,Bronx County,2025-02-01T05:00,45.6,47.1,3.3,13.1
0,Bronx County,2025-02-01T06:00,45.7,48.2,5.4,13.1
0,Bronx County,2025-02-01T07:00,43.4,47.4,9.1,13.8
0,Bronx County,2025-02-01T08:00,40.8,46.3,13.4,14.6
0,Bronx County,2025-02-01T09:00,39,46.2,18.3,15.3
0,Bronx County,2025-02-01T10:00,38.3,46.1,20.4,15.6
0,Bronx County,2025-02-01T11:00,36.8,45.6,23.8,16.2
0,Bronx County,2025-02-01T12:00,34.9,44.8,28.1,17.1
0,Bronx County,2025-02-01T13:00,32.2,44.1,36.5,18.5
0,Bronx County,2025-02-01T14:00,32.4,43.7,34.9,18.4
0,Bronx County,2025-02-01T15:00,32.2,43.7,35.6,18.6
0,Bronx County,2025-02-01T16:00,31.5,44.2,40.4,19
0,Bronx County,2025-02-01T17:00,32.1,44.7,39.4,18.6
0,Bronx County,2025-02-01T18:00,32.8,45.1,37.6,18.2
0,Bronx County,2025-02-01T19:00,33,44.1,33.5,18.1
0,Bronx County,2025-02-01T20:00,33.3,42.2,26.9,18
0,Bronx County,2025-02-01T21:00,36.5,42.9,17.5,16.4
0,Bronx County,2025-02-01T22:00,36.5,43.6,19.4,16.4
0,Bronx County,2025-02-01T23:00,38.5,43.7,13.2,15.5
0,Bronx County,2025-02-02T00:00,38.5,42.7,10.8,15.5
0,Bronx County,2025-02-02T01:00,38.3,41.5,8.3,15.6
0,Bronx County,2025-02-02T02:00,38.3,40.8,6.6,15.6
0,Bronx County,2025-02-02T03:00,38.5,40.6,5.6,15.5
0,Bronx County,2025-02-02T04:00,39.9,42,5.1,15
0,Bronx County,2025-02-02T05:00,42.9,44.9,4.6,13.9
0,Bronx County,2025-02-02T06:00,44.2,46.1,4.1,13.5
0,Bronx County,2025-02-02T07:00,45.5,47,3.1,13.1
0,Bronx County,2025-02-02T08:00,44.4,46.7,5.2,13.5
0,Bronx County,2025-02-02T09:00,43.8,47.2,7.6,13.6
0,Bronx County,2025-02-02T10:00,43.6,47.9,9.9,13.7
0,Bronx County,2025-02-02T11:00,42.5,48.1,13.3,14.1
0,Bronx County,2025-02-02T12:00,39.7,47.2,18.7,15
0,Bronx County,2025-02-02T13:00,36.9,46.1,24.8,16.2
0,Bronx County,2025-02-02T14:00,37.1,46.3,24.7,16.1
0,Bronx County,2025-02-02T15:00,36.1,45.8,26.5,16.5
0,Bronx County,2025-02-02T16:00,35.6,45.9,28.7,16.8
0,Bronx County,2025-02-02T17:00,35.5,45.9,29.1,16.8
0,Bronx County,2025-02-02T18:00,36,45.6,26.6,16.6
0,Bronx County,2025-02-02T19:00,34.1,44.5,30.3,17.5
0,Bronx County,2025-02-02T20:00,33.6,44.5,32.3,17.8
0,Bronx County,2025-02-02T21:00,33.4,43.9,31.2,17.9
0,Bronx County,2025-02-02T22:00,33.8,43.1,27.6,17.7
0,Bronx County,2025-02-02T23:00,33.1,41.2,24.4,18
0,Bronx County,2025-02-03T00:00,35.1,41,16.7,17
0,Bronx County,2025-02-03T01:00,35.3,40,13.1,16.9
0,Bronx County,2025-02-03T02:00,36.4,40.5,11.4,16.4
0,Bronx County,2025-02-03T03:00,39,42.3,8.6,15.3
0,Bronx County,2025-02-03T04:00,44.7,47.6,6.6,13.4
0,Bronx County,2025-02-03T05:00,45.4,51.1,12.6,13.2
0,Bronx County,2025-02-03T06:00,35.4,47.2,33.2,16.9
0,Bronx County,2025-02-03T07:00,25.2,40.9,61.9,23.7
0,Bronx County,2025-02-03T08:00,22.9,39.5,72.7,26.1
0,Bronx County,2025-02-03T09:00,27,40.3,49.3,22.1
0,Bronx County,2025-02-03T10:00,30.6,41.8,36.2,19.5
0,Bronx County,2025-02-03T11:00,30,41,36.4,19.9
0,Bronx County,2025-02-03T12:00,29.4,40.4,37.4,20.3
0,Bronx County,2025-02-03T13:00,28.7,40.5,41,20.8
0,Bronx County,2025-02-03T14:00,26.3,40.1,52.6,22.8
0,Bronx County,2025-02-03T15:00,24.7,39.6,60.2,24.2
0,Bronx County,2025-02-03T16:00,23.6,39.5,66.9,25.3
0,Bronx County,2025-02-03T17:00,24.6,39.5,60.1,24.3
0,Bronx County,2025-02-03T18:00,29.9,41.2,37.9,20
0,Bronx County,2025-02-03T19:00,33.7,41.9,24,17.7
0,Bronx County,2025-02-03T20:00,35.2,41.6,18,17
0,Bronx County,2025-02-03T21:00,37.7,42.8,13.5,15.9
0,Bronx County,2025-02-03T22:00,38.6,42.7,10.8,15.5
0,Bronx County,2025-02-03T23:00,38,41.6,9.3,15.7
0,Bronx County,2025-02-04T00:00,37.7,40.9,8.4,15.9
0,Bronx County,2025-02-04T01:00,37.7,40.4,7.2,15.8
0,Bronx County,2025-02-04T02:00,38.2,40.4,5.8,15.6
0,Bronx County,2025-02-04T03:00,42.1,43.8,3.9,14.2
0,Bronx County,2025-02-04T04:00,47.2,48.2,2.2,12.7
0,Bronx County,2025-02-04T05:00,47.2,50.6,7.1,12.6
0,Bronx County,2025-02-04T06:00,36.9,46.1,25,16.2
0,Bronx County,2025-02-04T07:00,24.9,40.3,61.8,24
0,Bronx County,2025-02-04T08:00,23.2,39.1,68.1,25.7
0,Bronx County,2025-02-04T09:00,27.3,40.5,48.1,21.9
0,Bronx County,2025-02-04T10:00,29.2,40.9,40,20.5
0,Bronx County,2025-02-04T11:00,28.7,40.3,40.4,20.9
0,Bronx County,2025-02-04T12:00,28,39.6,41.2,21.3
0,Bronx County,2025-02-04T13:00,27.8,39.8,42.7,21.5
0,Bronx County,2025-02-04T14:00,25.6,39.8,55.3,23.4
0,Bronx County,2025-02-04T15:00,23.1,39.1,69.1,25.9
0,Bronx County,2025-02-04T16:00,22.9,38.4,67.7,26.1
0,Bronx County,2025-02-04T17:00,24,39.3,63.2,24.8
0,Bronx County,2025-02-04T18:00,28.3,40.6,43.4,21.1
0,Bronx County,2025-02-04T19:00,32.4,41.3,27.3,18.4
0,Bronx County,2025-02-04T20:00,35.1,41.7,18.9,17
0,Bronx County,2025-02-04T21:00,37.8,43.1,14,15.8
0,Bronx County,2025-02-04T22:00,39.3,43.8,11.3,15.2
0,Bronx County,2025-02-04T23:00,37.9,42.1,11.2,15.8
0,Bronx County,2025-02-05T00:00,37.9,41.2,8.7,15.8
0,Bronx County,2025-02-05T01:00,36.8,39.7,7.6,16.2
0,Bronx County,2025-02-05T02:00,38,40,5.3,15.7
0,Bronx County,2025-02-05T03:00,42.5,44,3.6,14.1
0,Bronx County,2025-02-05T04:00,46.9,48,2.3,12.7
0,Bronx County,2025-02-05T05:00,47.7,50.9,6.7,12.5
0,Bronx County,2025-02-05T06:00,37.1,46.6,25.5,16.1
0,Bronx County,2025-02-05T07:00,26.5,40.6,53.5,22.6
0,Bronx County,2025-02-05T08:00,24.7,39.2,58.7,24.2
0,Bronx County,2025-02-05T09:00,28.3,40.2,41.8,21.1
0,Bronx County,2025-02-05T10:00,30.9,41.2,33.2,19.3
0,Bronx County,2025-02-05T11:00,30.8,41.1,33.4,19.4
0,Bronx County,2025-02-05T12:00,30.3,40.7,34.2,19.7
0,Bronx County,2025-02-05T13:00,29.4,40.8,38.7,20.3
0,Bronx County,2025-02-05T14:00,27.9,40.8,46.3,21.4
0,Bronx County,2025-02-05T15:00,25.6,40.3,57.2,23.3
0,Bronx County,2025-02-05T16:00,24.6,39.8,61.7,24.3
0,Bronx County,2025-02-05T17:00,25,39.8,59.2,23.9
0,Bronx County,2025-02-05T18:00,28.9,41,41.9,20.7
0,Bronx County,2025-02-05T19:00,33.4,42.2,25.9,17.9
0,Bronx County,2025-02-05T20:00,35.9,42.6,18.4,16.6
0,Bronx County,2025-02-05T21:00,38.6,44.3,14.7,15.5
0,Bronx County,2025-02-05T22:00,39.9,44.5,11.5,15
0,Bronx County,2025-02-05T23:00,39,43.2,10.7,15.3
0,Bronx County,2025-02-06T00:00,38.1,42.1,10.4,15.7
0,Bronx County,2025-02-06T01:00,36.8,40.3,9.4,16.2
0,Bronx County,2025-02-06T02:00,38.1,40.8,7.1,15.7
0,Bronx County,2025-02-06T03:00,41.1,43.5,5.6,14.5
0,Bronx County,2025-02-06T04:00,42.8,47,9.8,13.9
0,Bronx County,2025-02-06T05:00,42.5,49.1,15.3,14
0,Bronx County,2025-02-06T06:00,33,45,36.2,18.1
0,Bronx County,2025-02-06T07:00,23.5,39,65.7,25.4
0,Bronx County,2025-02-06T08:00,24.2,37.8,55.7,24.7
0,Bronx County,2025-02-06T09:00,28.8,39.3,36.3,20.8
0,Bronx County,2025-02-06T10:00,30.7,40.4,31.4,19.4
0,Bronx County,2025-02-06T11:00,30.4,40.1,31.9,19.7
0,Bronx County,2025-02-06T12:00,30.4,40,31.4,19.7
0,Bronx County,2025-02-06T13:00,31,40.7,31.4,19.3
0,Bronx County,2025-02-06T14:00,28.5,40.2,40.9,21
0,Bronx County,2025-02-06T15:00,27.4,39.9,45.3,21.8
0,Bronx County,2025-02-06T16:00,27.7,39.9,44.2,21.6
0,Bronx County,2025-02-06T17:00,27.3,39.6,45,21.9
0,Bronx County,2025-02-06T18:00,29.3,40.1,36.7,20.4
0,Bronx County,2025-02-06T19:00,33.5,41.4,23.5,17.8
0,Bronx County,2025-02-06T20:00,35.2,41.9,18.9,17
0,Bronx County,2025-02-06T21:00,36.9,42.7,15.6,16.2
0,Bronx County,2025-02-06T22:00,39.3,43.9,11.6,15.2
0,Bronx County,2025-02-06T23:00,39.3,43.1,9.6,15.2
0,Bronx County,2025-02-07T00:00,39.5,42.6,7.8,15.1
0,Bronx County,2025-02-07T01:00,38.1,40.8,6.9,15.7
0,Bronx County,2025-02-07T02:00,38.9,41,5.4,15.4
0,Bronx County,2025-02-07T03:00,42.3,43.9,3.7,14.1
0,Bronx County,2025-02-07T04:00,46.7,48.4,3.4,12.8
0,Bronx County,2025-02-07T05:00,47.4,50.9,7.2,12.6
0,Bronx County,2025-02-07T06:00,37.7,46.4,23.1,15.9
0,Bronx County,2025-02-07T07:00,27.3,40.6,48.3,21.9
0,Bronx County,2025-02-07T08:00,26.7,39.8,48.9,22.4
0,Bronx County,2025-02-07T09:00,29.3,41.1,40.1,20.4
0,Bronx County,2025-02-07T10:00,30.6,41.3,34.8,19.5
0,Bronx County,2025-02-07T11:00,30.2,41.4,36.9,19.8
0,Bronx County,2025-02-07T12:00,28.2,40.7,44.1,21.2
0,Bronx County,2025-02-07T13:00,27.6,41.1,48.6,21.6
0,Bronx County,2025-02-07T14:00,23.9,40.4,68.7,25
0,Bronx County,2025-02-07T15:00,21.2,39.2,84.7,28.2
0,Bronx County,2025-02-07T16:00,21.7,39.4,81.3,27.5
0,Bronx County,2025-02-07T17:00,22.9,39.2,71.3,26.1
0,Bronx County,2025-02-07T18:00,26.2,40.5,54.4,22.8
0,Bronx County,2025-02-07T19:00,30.4,41.8,37.5,19.7
0,Bronx County,2025-02-07T20:00,33.5,41.8,24.5,17.8
0,Bronx County,2025-02-07T21:00,35.7,42.3,18.3,16.7
0,Bronx County,2025-02-07T22:00,37.6,43.2,14.7,15.9
0,Bronx County,2025-02-07T23:00,38.1,42.8,12.4,15.7
0,Bronx County,2025-02-08T00:00,36.6,41.3,12.9,16.3
0,Bronx County,2025-02-08T01:00,37.1,41,10.5,16.1
0,Bronx County,2025-02-08T02:00,37.4,40.8,9,16
0,Bronx County,2025-02-08T03:00,38.9,41.7,7.3,15.4
0,Bronx County,2025-02-08T04:00,41.9,44.1,5.3,14.3
0,Bronx County,2025-02-08T05:00,45,47.4,5.3,13.3
0,Bronx County,2025-02-08T06:00,45.5,48.4,6.2,13.1
0,Bronx County,2025-02-08T07:00,42.9,47.5,10.7,13.9
0,Bronx County,2025-02-08T08:00,41.3,46,11.4,14.5
0,Bronx County,2025-02-08T09:00,38.3,45.2,17.9,15.6
0,Bronx County,2025-02-08T10:00,36.9,45,22,16.2
0,Bronx County,2025-02-08T11:00,36.4,44.9,23.2,16.4
0,Bronx County,2025-02-08T12:00,34.9,44.7,28,17.1
0,Bronx County,2025-02-08T13:00,33.9,44.1,29.9,17.6
0,Bronx County,2025-02-08T14:00,32.5,43.4,33.4,18.4
0,Bronx County,2025-02-08T15:00,30.9,43.2,39.5,19.3
0,Bronx County,2025-02-08T16:00,30.5,43.3,41.7,19.6
0,Bronx County,2025-02-08T17:00,32.1,43.9,36.6,18.6
0,Bronx County,2025-02-08T18:00,32.3,43.3,33.8,18.5
0,Bronx County,2025-02-08T19:00,33,42.7,29.4,18.1
0,Bronx County,2025-02-08T20:00,28.2,41.4,46.8,21.2
0,Bronx County,2025-02-08T21:00,20.9,39.5,88.2,28.5
0,Bronx County,2025-02-08T22:00,22.9,39.7,73.1,26.1
0,Bronx County,2025-02-08T23:00,25.2,39.2,55.1,23.7
0,Bronx County,2025-02-09T00:00,28.3,38.8,37,21.1
0,Bronx County,2025-02-09T01:00,30.2,38.3,26.8,19.8
0,Bronx County,2025-02-09T02:00,32.5,39,20.2,18.4
0,Bronx County,2025-02-09T03:00,33.1,39,17.7,18
0,Bronx County,2025-02-09T04:00,35.1,40.5,15.2,17
0,Bronx County,2025-02-09T05:00,38,42.9,12.9,15.7
0,Bronx County,2025-02-09T06:00,39,44,12.9,15.3
0,Bronx County,2025-02-09T07:00,38.8,43.7,12.8,15.4
0,Bronx County,2025-02-09T08:00,38.4,44,14.6,15.6
0,Bronx County,2025-02-09T09:00,39.1,44.6,14.2,15.3
0,Bronx County,2025-02-09T10:00,39.3,45,14.6,15.2
0,Bronx County,2025-02-09T11:00,39.9,46,15.3,15
0,Bronx County,2025-02-09T12:00,39.1,45.6,16.4,15.3
0,Bronx County,2025-02-09T13:00,38.1,45.2,18.6,15.7
0,Bronx County,2025-02-09T14:00,37.4,45.2,20.6,16
0,Bronx County,2025-02-09T15:00,37.3,45.2,21,16
0,Bronx County,2025-02-09T16:00,37.1,45,21.4,16.1
0,Bronx County,2025-02-09T17:00,36.4,44.8,23.2,16.4
0,Bronx County,2025-02-09T18:00,35.3,43.4,22.8,16.9
0,Bronx County,2025-02-09T19:00,35.1,42.1,19.9,17
0,Bronx County,2025-02-09T20:00,35.3,41.5,17.3,16.9
0,Bronx County,2025-02-09T21:00,37.5,42.9,14.4,15.9
0,Bronx County,2025-02-09T22:00,40,44.9,12.2,14.9
0,Bronx County,2025-02-09T23:00,39.1,44.2,12.9,15.3
0,Bronx County,2025-02-10T00:00,37.2,41.6,11.7,16
0,Bronx County,2025-02-10T01:00,37.1,40.2,8.1,16.1
0,Bronx County,2025-02-10T02:00,37.8,40.4,7,15.8
0,Bronx County,2025-02-10T03:00,40,42.3,5.7,14.9
0,Bronx County,2025-02-10T04:00,46.2,47.9,3.7,12.9
0,Bronx County,2025-02-10T05:00,47,51.7,10,12.7
0,Bronx County,2025-02-10T06:00,36,47.5,32,16.6
0,Bronx County,2025-02-10T07:00,25.9,41.2,58.7,23
0,Bronx County,2025-02-10T08:00,25,40.1,60,23.9
0,Bronx County,2025-02-10T09:00,28.3,41.2,45.5,21.1
0,Bronx County,2025-02-10T10:00,29.4,41.4,40.8,20.3
0,Bronx County,2025-02-10T11:00,30.2,41.9,38.7,19.8
0,Bronx County,2025-02-10T12:00,30.5,41.7,36.7,19.6
0,Bronx County,2025-02-10T13:00,29.1,41.5,42.4,20.5
0,Bronx County,2025-02-10T14:00,27,40.7,50.5,22.1
0,Bronx County,2025-02-10T15:00,25.2,40.6,60.9,23.7
0,Bronx County,2025-02-10T16:00,22.7,39.6,74.3,26.4
0,Bronx County,2025-02-10T17:00,23.3,39.9,71.3,25.7
0,Bronx County,2025-02-10T18:00,26.9,40.9,51.9,22.2
0,Bronx County,2025-02-10T19:00,32.5,42.1,29.5,18.4
0,Bronx County,2025-02-10T20:00,34.1,42.1,23.3,17.5
0,Bronx County,2025-02-10T21:00,37.8,43.5,14.8,15.8
0,Bronx County,2025-02-10T22:00,38.4,42.9,11.6,15.6
0,Bronx County,2025-02-10T23:00,38,41.8,9.9,15.7
0,Bronx County,2025-02-11T00:00,37.7,41.5,10,15.9
0,Bronx County,2025-02-11T01:00,35.5,40,12.6,16.8
0,Bronx County,2025-02-11T02:00,37.9,41.1,8.5,15.8
0,Bronx County,2025-02-11T03:00,41.8,43.9,4.9,14.3
0,Bronx County,2025-02-11T04:00,46.6,48.4,3.7,12.8
0,Bronx County,2025-02-11T05:00,47.9,51.4,7.3,12.5
0,Bronx County,2025-02-11T06:00,36.9,46.7,26.4,16.2
0,Bronx County,2025-02-11T07:00,27.2,40.7,49.6,22
0,Bronx County,2025-02-11T08:00,25,39.7,58.9,23.9
0,Bronx County,2025-02-11T09:00,27.3,40,46.4,21.9
0,Bronx County,2025-02-11T10:00,28.9,40.7,40.6,20.7
0,Bronx County,2025-02-11T11:00,29.3,40.7,38.6,20.4
0,Bronx County,2025-02-11T12:00,29.9,40.7,36,20
0,Bronx County,2025-02-11T13:00,28.2,40.4,43.1,21.2
0,Bronx County,2025-02-11T14:00,25.5,39.8,56.1,23.5
0,Bronx County,2025-02-11T15:00,23.5,39.4,67.1,25.4
0,Bronx County,2025-02-11T16:00,23.1,39.1,68.7,25.8
0,Bronx County,2025-02-11T17:00,23.3,39.2,67.9,25.6
0,Bronx County,2025-02-11T18:00,27.1,40.6,49.5,22
0,Bronx County,2025-02-11T19:00,31.5,41.4,31.4,19
0,Bronx County,2025-02-11T20:00,33.6,42.1,25.3,17.8
0,Bronx County,2025-02-11T21:00,35.7,43,20.5,16.8
0,Bronx County,2025-02-11T22:00,36.8,43.2,17.4,16.2
0,Bronx County,2025-02-11T23:00,36.5,42.4,16,16.4
0,Bronx County,2025-02-12T00:00,35.6,41.1,15.2,16.8
0,Bronx County,2025-02-12T01:00,34.4,39.6,15.1,17.4
0,Bronx County,2025-02-12T02:00,35.9,40.3,12,16.6
0,Bronx County,2025-02-12T03:00,40.6,44,8.5,14.7
0,Bronx County,2025-02-12T04:00,44.8,47.8,6.8,13.3
0,Bronx County,2025-02-12T05:00,45.4,50.4,11,13.2
0,Bronx County,2025-02-12T06:00,35.8,46.4,29.4,16.7
0,Bronx County,2025-02-12T07:00,26.2,40.5,54.4,22.8
0,Bronx County,2025-02-12T08:00,24.8,39.6,59.8,24.1
0,Bronx County,2025-02-12T09:00,29.4,40.6,38,20.3
0,Bronx County,2025-02-12T10:00,31.6,41.3,30.8,18.9
0,Bronx County,2025-02-12T11:00,31.2,41.1,31.5,19.2
0,Bronx County,2025-02-12T12:00,30.3,40.6,33.8,19.7
0,Bronx County,2025-02-12T13:00,29.7,40.8,37.3,20.1
0,Bronx County,2025-02-12T14:00,27.8,40.5,45.8,21.5
0,Bronx County,2025-02-12T15:00,26.3,40.2,52.3,22.7
0,Bronx County,2025-02-12T16:00,26.3,40.1,52.1,22.7
0,Bronx County,2025-02-12T17:00,26.7,40.2,50.2,22.3
0,Bronx County,2025-02-12T18:00,30.5,41.1,34.8,19.6
0,Bronx County,2025-02-12T19:00,32.6,41.5,27.1,18.3
0,Bronx County,2025-02-12T20:00,34.3,41.9,22.2,17.4
0,Bronx County,2025-02-12T21:00,35.9,42.8,19.3,16.6
0,Bronx County,2025-02-12T22:00,36.8,43,16.6,16.2
0,Bronx County,2025-02-12T23:00,36.4,42.1,15.5,16.4
0,Bronx County,2025-02-13T00:00,36.8,41.3,12.1,16.2
0,Bronx County,2025-02-13T01:00,36.6,40.3,10.1,16.3
0,Bronx County,2025-02-13T02:00,37.2,40.7,9.3,16
0,Bronx County,2025-02-13T03:00,41,44.3,7.9,14.6
0,Bronx County,2025-02-13T04:00,45.2,48.3,7,13.2
0,Bronx County,2025-02-13T05:00,45.7,51.1,11.8,13.1
0,Bronx County,2025-02-13T06:00,34.9,46.3,32.6,17.1
0,Bronx County,2025-02-13T07:00,24.9,40.1,61,24
0,Bronx County,2025-02-13T08:00,22.3,38.9,74.2,26.8
0,Bronx County,2025-02-13T09:00,25.4,40,57.3,23.5
0,Bronx County,2025-02-13T10:00,27.8,41.1,47.7,21.5
0,Bronx County,2025-02-13T11:00,28.7,40.7,41.6,20.8
0,Bronx County,2025-02-13T12:00,27.8,40.3,44.7,21.5
0,Bronx County,2025-02-13T13:00,28.1,40.7,44.6,21.2
0,Bronx County,2025-02-13T14:00,26.6,41,53.8,22.4
0,Bronx County,2025-02-13T15:00,24.3,40,64.9,24.6
0,Bronx County,2025-02-13T16:00,24.4,39.8,63.1,24.5
0,Bronx County,2025-02-13T17:00,24.9,40.1,61,24
0,Bronx County,2025-02-13T18:00,27.6,41.4,49.6,21.6
0,Bronx County,2025-02-13T19:00,31.3,42.4,35.3,19.1
0,Bronx County,2025-02-13T20:00,34.5,42.9,24.3,17.3
0,Bronx County,2025-02-13T21:00,37.1,43.5,17.2,16.1
0,Bronx County,2025-02-13T22:00,38.5,44.3,15,15.5
0,Bronx County,2025-02-13T23:00,38.1,43,12.8,15.7
0,Bronx County,2025-02-14T00:00,39.4,43.1,9.3,15.2
0,Bronx County,2025-02-14T01:00,38.1,41.3,8.1,15.7
0,Bronx County,2025-02-14T02:00,39.5,41.7,5.6,15.1
0,Bronx County,2025-02-14T03:00,43,44.6,3.6,13.9
0,Bronx County,2025-02-14T04:00,47,48.7,3.6,12.7
0,Bronx County,2025-02-14T05:00,47.8,51.2,7.1,12.5
0,Bronx County,2025-02-14T06:00,38.1,47,23.5,15.7
0,Bronx County,2025-02-14T07:00,27.7,40.8,47,21.6
0,Bronx County,2025-02-14T08:00,25.5,39.4,54.4,23.4
0,Bronx County,2025-02-14T09:00,28.3,40.4,42.6,21.1
0,Bronx County,2025-02-14T10:00,28.7,41.1,42.8,20.8
0,Bronx County,2025-02-14T11:00,26.8,40.6,51,22.3
0,Bronx County,2025-02-14T12:00,26.2,40.5,54.4,22.8
0,Bronx County,2025-02-14T13:00,26.1,41.1,57.4,22.9
0,Bronx County,2025-02-14T14:00,22.4,40.3,79.5,26.7
0,Bronx County,2025-02-14T15:00,19.2,39.2,104,31.2
0,Bronx County,2025-02-14T16:00,19.1,39.1,104.2,31.3
0,Bronx County,2025-02-14T17:00,19.4,39.1,101.4,30.8
0,Bronx County,2025-02-14T18:00,21.4,39.9,86.3,27.9
0,Bronx County,2025-02-14T19:00,24.9,41.1,65,24
0,Bronx County,2025-02-14T20:00,28.1,41.3,46.6,21.2
0,Bronx County,2025-02-14T21:00,32.9,42,27.6,18.2
0,Bronx County,2025-02-14T22:00,36.1,42.8,18.5,16.5
0,Bronx County,2025-02-14T23:00,36.5,42.4,16.2,16.4
0,Bronx County,2025-02-15T00:00,36.4,41.8,14.7,16.4
0,Bronx County,2025-02-15T01:00,35.8,40.7,13.7,16.7
0,Bronx County,2025-02-15T02:00,37.1,40.9,10.3,16.1
0,Bronx County,2025-02-15T03:00,40.6,43,5.9,14.7
0,Bronx County,2025-02-15T04:00,42.6,44.9,5.3,14
0,Bronx County,2025-02-15T05:00,46.8,49,4.4,12.7
0,Bronx County,2025-02-15T06:00,47.2,49.4,4.6,12.7
0,Bronx County,2025-02-15T07:00,45.2,48.5,7.4,13.2
0,Bronx County,2025-02-15T08:00,43.8,48.3,10.1,13.6
0,Bronx County,2025-02-15T09:00,41,47.5,15.7,14.6
0,Bronx County,2025-02-15T10:00,38.4,46.9,21.9,15.5
0,Bronx County,2025-02-15T11:00,36.7,46.3,26,16.3
0,Bronx County,2025-02-15T12:00,35.1,45.1,28.5,17
0,Bronx County,2025-02-15T13:00,33.6,44.8,33.4,17.8
0,Bronx County,2025-02-15T14:00,29.9,43.3,44.3,20
0,Bronx County,2025-02-15T15:00,29.3,42.8,45.7,20.4
0,Bronx County,2025-02-15T16:00,30,42.7,42.1,19.9
0,Bronx County,2025-02-15T17:00,31.2,42.5,36.3,19.2
0,Bronx County,2025-02-15T18:00,31.2,41.9,34.1,19.1
0,Bronx County,2025-02-15T19:00,31.6,41.6,31.6,18.9
0,Bronx County,2025-02-15T20:00,32.5,41.2,26.6,18.4
0,Bronx County,2025-02-15T21:00,33.8,41.3,22.1,17.7
0,Bronx County,2025-02-15T22:00,35,41.8,19.4,17.1
0,Bronx County,2025-02-15T23:00,35.5,41.9,18,16.8
0,Bronx County,2025-02-16T00:00,35.6,40.8,14.6,16.8
0,Bronx County,2025-02-16T01:00,36.5,40.6,10.9,16.3
0,Bronx County,2025-02-16T02:00,36.1,39.8,10.4,16.6
0,Bronx County,2025-02-16T03:00,38.1,41.5,8.7,15.7
0,Bronx County,2025-02-16T04:00,39.2,42.6,8.4,15.2
0,Bronx County,2025-02-16T05:00,42.3,45.4,7.1,14.1
0,Bronx County,2025-02-16T06:00,42,45.3,8,14.2
0,Bronx County,2025-02-16T07:00,42.6,45.9,7.6,14
0,Bronx County,2025-02-16T08:00,42.1,45.7,8.6,14.2
0,Bronx County,2025-02-16T09:00,42.8,47.2,10.2,14
0,Bronx County,2025-02-16T10:00,41.2,47.5,15.3,14.5
0,Bronx County,2025-02-16T11:00,40,47.8,19.5,14.9
0,Bronx County,2025-02-16T12:00,37.6,46.8,24.4,15.9
0,Bronx County,2025-02-16T13:00,35.2,46.1,30.6,16.9
0,Bronx County,2025-02-16T14:00,34.4,45.5,32.2,17.4
0,Bronx County,2025-02-16T15:00,35.4,45.1,27.2,16.9
0,Bronx County,2025-02-16T16:00,36.3,45.2,24.4,16.4
0,Bronx County,2025-02-16T17:00,35.4,44.9,26.8,16.9
0,Bronx County,2025-02-16T18:00,34.8,44.5,27.7,17.1
0,Bronx County,2025-02-16T19:00,35.7,43.8,22.6,16.7
0,Bronx County,2025-02-16T20:00,37.5,44,17.2,15.9
0,Bronx County,2025-02-16T21:00,38.6,44.4,14.9,15.5
0,Bronx County,2025-02-16T22:00,39.9,44.3,11,15
0,Bronx County,2025-02-16T23:00,39.7,43.2,8.8,15
0,Bronx County,2025-02-17T00:00,39.3,42.5,8,15.2
0,Bronx County,2025-02-17T01:00,39.3,41.6,6,15.2
0,Bronx County,2025-02-17T02:00,39.5,41.6,5,15.1
0,Bronx County,2025-02-17T03:00,42.2,43.7,3.5,14.1
0,Bronx County,2025-02-17T04:00,45.6,46.7,2.2,13.1
0,Bronx County,2025-02-17T05:00,47.8,49.6,3.8,12.5
0,Bronx County,2025-02-17T06:00,44.1,48.8,10.5,13.5
0,Bronx County,2025-02-17T07:00,41,46.7,13.9,14.6
0,Bronx County,2025-02-17T08:00,38.4,44.9,17.1,15.6
0,Bronx County,2025-02-17T09:00,37.9,45.3,19.5,15.8
0,Bronx County,2025-02-17T10:00,36.7,46,25,16.3
0,Bronx County,2025-02-17T11:00,34.7,46,32.2,17.2
0,Bronx County,2025-02-17T12:00,33.9,45.7,34.7,17.6
0,Bronx County,2025-02-17T13:00,33.8,44.7,32.4,17.7
0,Bronx County,2025-02-17T14:00,33,44.7,35,18.1
0,Bronx County,2025-02-17T15:00,33.8,44.9,32.8,17.7
0,Bronx County,2025-02-17T16:00,33.8,44.5,31.7,17.7
0,Bronx County,2025-02-17T17:00,34.3,44.3,29.3,17.4
0,Bronx County,2025-02-17T18:00,34,44.4,30.5,17.6
0,Bronx County,2025-02-17T19:00,35.6,44.4,24.7,16.8
0,Bronx County,2025-02-17T20:00,35.3,43.7,23.7,16.9
0,Bronx County,2025-02-17T21:00,37.9,44.1,16.2,15.8
0,Bronx County,2025-02-17T22:00,39.4,43.6,10.4,15.1
0,Bronx County,2025-02-17T23:00,39.3,42.6,8.4,15.2
0,Bronx County,2025-02-18T00:00,38.7,41.8,8.1,15.4
0,Bronx County,2025-02-18T01:00,39.1,41.8,6.8,15.3
0,Bronx County,2025-02-18T02:00,40,42.1,5.2,14.9
0,Bronx County,2025-02-18T03:00,43.9,45.3,3.3,13.6
0,Bronx County,2025-02-18T04:00,48.2,49.2,2.1,12.4
0,Bronx County,2025-02-18T05:00,49.9,52.4,5,12
0,Bronx County,2025-02-18T06:00,42.6,49.4,16,14
0,Bronx County,2025-02-18T07:00,35.3,44.2,25.2,16.9
0,Bronx County,2025-02-18T08:00,32.3,42.5,31.6,18.5
0,Bronx County,2025-02-18T09:00,31.3,42.4,35.7,19.1
0,Bronx County,2025-02-18T10:00,31.2,42.8,37.2,19.2
0,Bronx County,2025-02-18T11:00,31.4,43,36.8,19
0,Bronx County,2025-02-18T12:00,30.4,41.9,37.7,19.6
0,Bronx County,2025-02-18T13:00,29.8,41.8,40.3,20.1
0,Bronx County,2025-02-18T14:00,30.4,42.5,39.7,19.7
0,Bronx County,2025-02-18T15:00,29.1,41.7,43.1,20.5
0,Bronx County,2025-02-18T16:00,27.5,40.9,48.4,21.7
0,Bronx County,2025-02-18T17:00,27,40.4,49.7,22.1
0,Bronx County,2025-02-18T18:00,30.6,42.3,38,19.5
0,Bronx County,2025-02-18T19:00,32.6,42,28.9,18.3
0,Bronx County,2025-02-18T20:00,35,42.4,21.2,17.1
0,Bronx County,2025-02-18T21:00,37.2,42.9,15.2,16.1
0,Bronx County,2025-02-18T22:00,37.9,42.5,12.1,15.8
0,Bronx County,2025-02-18T23:00,38.7,42.7,10.1,15.4
0,Bronx County,2025-02-19T00:00,36.9,41.2,11.7,16.2
0,Bronx County,2025-02-19T01:00,36.7,40.4,9.9,16.3
0,Bronx County,2025-02-19T02:00,38.8,41.1,5.9,15.4
0,Bronx County,2025-02-19T03:00,42.2,44.1,4.4,14.2
0,Bronx County,2025-02-19T04:00,47.8,48.8,2,12.5
0,Bronx County,2025-02-19T05:00,48.2,51.8,7.5,12.4
0,Bronx County,2025-02-19T06:00,42.7,49.4,15.4,14
0,Bronx County,2025-02-19T07:00,36.6,44.5,21.4,16.3
0,Bronx County,2025-02-19T08:00,33.1,42.7,29.1,18.1
0,Bronx County,2025-02-19T09:00,31.8,42.1,32.4,18.8
0,Bronx County,2025-02-19T10:00,31,42.5,37,19.3
0,Bronx County,2025-02-19T11:00,30,41.7,38.7,19.9
0,Bronx County,2025-02-19T12:00,29.2,41.5,42,20.5
0,Bronx County,2025-02-19T13:00,30.2,41.7,38.1,19.8
0,Bronx County,2025-02-19T14:00,29.2,41.6,42.3,20.4
0,Bronx County,2025-02-19T15:00,29.3,41.7,42,20.4
0,Bronx County,2025-02-19T16:00,29.7,41.7,40.3,20.1
0,Bronx County,2025-02-19T17:00,28.3,41,44.7,21.1
0,Bronx County,2025-02-19T18:00,30.1,41.6,38.4,19.9
0,Bronx County,2025-02-19T19:00,33.4,42.7,27.5,17.9
0,Bronx County,2025-02-19T20:00,35.2,42.9,21.8,17
0,Bronx County,2025-02-19T21:00,38,43.7,14.9,15.7
0,Bronx County,2025-02-19T22:00,38.7,43.3,11.8,15.4
0,Bronx County,2025-02-19T23:00,38.3,42.4,10.6,15.6
0,Bronx County,2025-02-20T00:00,38.2,41.5,8.5,15.6
0,Bronx County,2025-02-20T01:00,37.4,40.2,7.6,16
0,Bronx County,2025-02-20T02:00,37.8,40,5.9,15.8
0,Bronx County,2025-02-20T03:00,41.8,43.5,3.8,14.3
0,Bronx County,2025-02-20T04:00,47.2,48,1.6,12.6
0,Bronx County,2025-02-20T05:00,49,51.3,4.7,12.2
0,Bronx County,2025-02-20T06:00,43.1,48.9,13.3,13.8
0,Bronx County,2025-02-20T07:00,36.1,44.3,22.6,16.6
0,Bronx County,2025-02-20T08:00,32,42.3,32,18.7
0,Bronx County,2025-02-20T09:00,31.2,41.7,33.6,19.1
0,Bronx County,2025-02-20T10:00,31,41.8,34.5,19.3
0,Bronx County,2025-02-20T11:00,30.2,41.6,37.6,19.8
0,Bronx County,2025-02-20T12:00,29.8,41.1,37.5,20
0,Bronx County,2025-02-20T13:00,30.4,41.5,36.3,19.7
0,Bronx County,2025-02-20T14:00,28.6,41.4,44.8,20.9
0,Bronx County,2025-02-20T15:00,28.7,41.4,44.2,20.8
0,Bronx County,2025-02-20T16:00,27.9,41,47,21.4
0,Bronx County,2025-02-20T17:00,24.6,40.1,63,24.3
0,Bronx County,2025-02-20T18:00,25.8,41,58.7,23.1
0,Bronx County,2025-02-20T19:00,30,42,40.1,19.9
0,Bronx County,2025-02-20T20:00,32.5,42.1,29.6,18.4
0,Bronx County,2025-02-20T21:00,35.1,42.7,21.7,17
0,Bronx County,2025-02-20T22:00,37.8,43.9,16,15.8
0,Bronx County,2025-02-20T23:00,37.6,43.1,14.6,15.9
0,Bronx County,2025-02-21T00:00,38.3,42.2,10.1,15.6
0,Bronx County,2025-02-21T01:00,37.4,41.1,9.9,16
0,Bronx County,2025-02-21T02:00,38.1,40.9,7.2,15.7
0,Bronx County,2025-02-21T03:00,41.2,43.3,5.1,14.5
0,Bronx County,2025-02-21T04:00,46.1,47.6,3.3,13
0,Bronx County,2025-02-21T05:00,46.9,50.2,6.9,12.7
0,Bronx County,2025-02-21T06:00,42.1,48.3,14.7,14.2
0,Bronx County,2025-02-21T07:00,36.3,44.2,21.7,16.5
0,Bronx County,2025-02-21T08:00,33,42.7,29.3,18.1
0,Bronx County,2025-02-21T09:00,31.4,42,33.6,19
0,Bronx County,2025-02-21T10:00,30.8,42.6,38.2,19.4
0,Bronx County,2025-02-21T11:00,30.2,42.6,41,19.8
0,Bronx County,2025-02-21T12:00,29.6,42.3,42.7,20.2
0,Bronx County,2025-02-21T13:00,29.6,42.4,43.3,20.2
0,Bronx County,2025-02-21T14:00,27.7,42.7,54.4,21.6
0,Bronx County,2025-02-21T15:00,26.7,42.3,58,22.3
0,Bronx County,2025-02-21T16:00,24.9,40.8,63.3,24
0,Bronx County,2025-02-21T17:00,24.4,40.2,64.3,24.4
0,Bronx County,2025-02-21T18:00,27.9,41.9,49.8,21.4
0,Bronx County,2025-02-21T19:00,31.6,42.8,35.4,18.9
0,Bronx County,2025-02-21T20:00,32.8,42.6,29.9,18.2
0,Bronx County,2025-02-21T21:00,35.3,42.7,20.9,16.9
0,Bronx County,2025-02-21T22:00,36.7,42.8,16.6,16.3
0,Bronx County,2025-02-21T23:00,36.1,42,16.2,16.5
0,Bronx County,2025-02-22T00:00,35.7,41.3,15.7,16.7
0,Bronx County,2025-02-22T01:00,35.6,40.5,13.5,16.8
0,Bronx County,2025-02-22T02:00,37.8,40.8,7.8,15.8
0,Bronx County,2025-02-22T03:00,39.5,41.7,5.6,15.1
0,Bronx County,2025-02-22T04:00,41.4,43.6,5.2,14.4
0,Bronx County,2025-02-22T05:00,44.6,46.3,3.8,13.4
0,Bronx County,2025-02-22T06:00,46.7,48.5,3.8,12.8
0,Bronx County,2025-02-22T07:00,44.7,48.1,7.5,13.3
0,Bronx County,2025-02-22T08:00,42.3,47.4,11.8,14.1
0,Bronx County,2025-02-22T09:00,39.4,46.7,18.5,15.2
0,Bronx County,2025-02-22T10:00,38.3,46.6,21.6,15.6
0,Bronx County,2025-02-22T11:00,35.5,45.7,28.6,16.8
0,Bronx County,2025-02-22T12:00,34,45.2,32.7,17.6
0,Bronx County,2025-02-22T13:00,33.4,45.1,34.7,17.9
0,Bronx County,2025-02-22T14:00,31.6,44.4,40.2,18.9
0,Bronx County,2025-02-22T15:00,30.9,44.1,42.7,19.3
0,Bronx County,2025-02-22T16:00,30.5,44,44,19.6
0,Bronx County,2025-02-22T17:00,31.7,44.3,39.6,18.8
0,Bronx County,2025-02-22T18:00,31.5,43.9,39.2,19
0,Bronx County,2025-02-22T19:00,33.1,43.6,31.8,18.1
0,Bronx County,2025-02-22T20:00,33.6,43.3,28.8,17.8
0,Bronx County,2025-02-22T21:00,34.3,43,25.2,17.4
0,Bronx County,2025-02-22T22:00,36.5,44.1,20.7,16.4
0,Bronx County,2025-02-22T23:00,37.4,43.8,17,16
0,Bronx County,2025-02-23T00:00,37.6,42.5,12.9,15.9
0,Bronx County,2025-02-23T01:00,38.5,41.8,8.7,15.5
0,Bronx County,2025-02-23T02:00,38.5,41.1,6.9,15.5
0,Bronx County,2025-02-23T03:00,39,41.1,5.4,15.3
0,Bronx County,2025-02-23T04:00,40.3,42.3,4.7,14.8
0,Bronx County,2025-02-23T05:00,43,44.5,3.4,13.9
0,Bronx County,2025-02-23T06:00,45.9,46.7,1.7,13
0,Bronx County,2025-02-23T07:00,45.5,47,3.3,13.1
0,Bronx County,2025-02-23T08:00,44.8,47.6,6.1,13.3
0,Bronx County,2025-02-23T09:00,45.3,48.9,7.9,13.2
0,Bronx County,2025-02-23T10:00,43.3,48.7,12.5,13.8
0,Bronx County,2025-02-23T11:00,41,48.5,18.2,14.6
0,Bronx County,2025-02-23T12:00,39.4,47.8,21.3,15.2
0,Bronx County,2025-02-23T13:00,37.6,47.1,25.4,15.9
0,Bronx County,2025-02-23T14:00,34.4,46.4,34.6,17.4
0,Bronx County,2025-02-23T15:00,34.2,46.2,35.1,17.5
0,Bronx County,2025-02-23T16:00,34.4,46,33.6,17.4
0,Bronx County,2025-02-23T17:00,34.4,46,33.7,17.4
0,Bronx County,2025-02-23T18:00,34.1,45.8,34.3,17.5
0,Bronx County,2025-02-23T19:00,35.2,45.3,28.5,17
0,Bronx County,2025-02-23T20:00,36.9,45.1,22,16.2
0,Bronx County,2025-02-23T21:00,38.8,44.9,15.6,15.4
0,Bronx County,2025-02-23T22:00,39.9,44.3,11,15
0,Bronx County,2025-02-23T23:00,39.3,42.9,9.1,15.2
0,Bronx County,2025-02-24T00:00,38.2,41.2,7.9,15.6
0,Bronx County,2025-02-24T01:00,37.5,40.1,7,15.9
0,Bronx County,2025-02-24T02:00,38.4,40.6,5.5,15.5
0,Bronx County,2025-02-24T03:00,41.1,42.7,3.9,14.5
0,Bronx County,2025-02-24T04:00,46.1,47.3,2.4,12.9
0,Bronx County,2025-02-24T05:00,48.2,51.2,6.2,12.4
0,Bronx County,2025-02-24T06:00,37.6,47.3,25.9,15.9
0,Bronx County,2025-02-24T07:00,26.9,41,52.5,22.2
0,Bronx County,2025-02-24T08:00,23.5,39.4,67,25.4
0,Bronx County,2025-02-24T09:00,27,40,48.3,22.2
0,Bronx County,2025-02-24T10:00,30.3,41.5,36.7,19.7
0,Bronx County,2025-02-24T11:00,30.6,41.5,35.4,19.5
0,Bronx County,2025-02-24T12:00,30.5,41.2,34.9,19.6
0,Bronx County,2025-02-24T13:00,29.6,41.2,39,20.2
0,Bronx County,2025-02-24T14:00,27.2,40.5,48.5,21.9
0,Bronx County,2025-02-24T15:00,25.5,40.3,58.1,23.5
0,Bronx County,2025-02-24T16:00,22.4,39.1,74.4,26.7
0,Bronx County,2025-02-24T17:00,22.5,39.3,74.4,26.5
0,Bronx County,2025-02-24T18:00,26,40,53.7,23
0,Bronx County,2025-02-24T19:00,31.9,41.2,29.1,18.7
0,Bronx County,2025-02-24T20:00,34.6,41.7,20.3,17.3
0,Bronx County,2025-02-24T21:00,37.4,43,15,16
0,Bronx County,2025-02-24T22:00,37.5,42.4,13.2,15.9
0,Bronx County,2025-02-24T23:00,37.8,42,11.2,15.8
0,Bronx County,2025-02-25T00:00,37.6,41,9,15.9
0,Bronx County,2025-02-25T01:00,37.3,39.7,6.5,16
0,Bronx County,2025-02-25T02:00,38.2,40.3,5.3,15.6
0,Bronx County,2025-02-25T03:00,42.1,43.5,3.3,14.2
0,Bronx County,2025-02-25T04:00,46.5,47.8,2.6,12.8
0,Bronx County,2025-02-25T05:00,46.8,50.4,7.5,12.7
0,Bronx County,2025-02-25T06:00,35.4,46.4,30.9,16.9
0,Bronx County,2025-02-25T07:00,25.9,40.6,56.4,23
0,Bronx County,2025-02-25T08:00,23.8,39.6,66.1,25.1
0,Bronx County,2025-02-25T09:00,27.5,40.5,47.2,21.7
0,Bronx County,2025-02-25T10:00,28.9,40.8,40.8,20.7
0,Bronx County,2025-02-25T11:00,29,40.5,39.3,20.6
0,Bronx County,2025-02-25T12:00,28.7,40.2,39.9,20.8
0,Bronx County,2025-02-25T13:00,28.8,40.5,40.9,20.8
0,Bronx County,2025-02-25T14:00,26.6,40.3,51.2,22.4
0,Bronx County,2025-02-25T15:00,24.3,40,64,24.5
0,Bronx County,2025-02-25T16:00,23.6,39.5,67.5,25.3
0,Bronx County,2025-02-25T17:00,23.6,39.8,68.6,25.4
0,Bronx County,2025-02-25T18:00,27.1,40.6,49.7,22
0,Bronx County,2025-02-25T19:00,32.4,41.7,28.4,18.4
0,Bronx County,2025-02-25T20:00,35,42.2,20.5,17.1
0,Bronx County,2025-02-25T21:00,37.1,43.1,16.3,16.1
0,Bronx County,2025-02-25T22:00,37.2,43.2,16,16
0,Bronx County,2025-02-25T23:00,36.7,41.7,13.6,16.3
0,Bronx County,2025-02-26T00:00,37.5,41.1,9.7,15.9
0,Bronx County,2025-02-26T01:00,36.7,39.7,8,16.3
0,Bronx County,2025-02-26T02:00,37.7,40.1,6.4,15.8
0,Bronx County,2025-02-26T03:00,41.7,43.6,4.4,14.3
0,Bronx County,2025-02-26T04:00,45.8,47.4,3.4,13
0,Bronx County,2025-02-26T05:00,46.9,50.9,8.4,12.7
0,Bronx County,2025-02-26T06:00,36.7,46.6,26.8,16.3
0,Bronx County,2025-02-26T07:00,26.3,40.8,54.6,22.7
0,Bronx County,2025-02-26T08:00,23.6,39.4,66.6,25.3
0,Bronx County,2025-02-26T09:00,26.6,40.3,51.4,22.5
0,Bronx County,2025-02-26T10:00,27.2,40.4,48.1,21.9
0,Bronx County,2025-02-26T11:00,27.3,39.8,45.7,21.9
0,Bronx County,2025-02-26T12:00,27,39.7,47.1,22.2
0,Bronx County,2025-02-26T13:00,27.2,40.2,47.7,22
0,Bronx County,2025-02-26T14:00,24.3,39.5,62.6,24.6
0,Bronx County,2025-02-26T15:00,23.1,39.7,71.7,25.9
0,Bronx County,2025-02-26T16:00,22.9,39.3,71.2,26.1
0,Bronx County,2025-02-26T17:00,22.9,39.2,71.4,26.1
0,Bronx County,2025-02-26T18:00,25.7,40.5,57.1,23.2
0,Bronx County,2025-02-26T19:00,30.5,41.6,36.4,19.6
0,Bronx County,2025-02-26T20:00,34.3,42.3,23.3,17.4
0,Bronx County,2025-02-26T21:00,37.1,43.6,17.5,16.1
0,Bronx County,2025-02-26T22:00,36.7,43.3,17.7,16.3
0,Bronx County,2025-02-26T23:00,37.3,42.8,14.9,16
0,Bronx County,2025-02-27T00:00,37.6,41.7,10.6,15.9
0,Bronx County,2025-02-27T01:00,36.7,39.9,8.6,16.3
0,Bronx County,2025-02-27T02:00,37.6,40.4,7.4,15.9
0,Bronx County,2025-02-27T03:00,41.8,43.7,4.5,14.3
0,Bronx County,2025-02-27T04:00,46.8,48,2.4,12.8
0,Bronx County,2025-02-27T05:00,47.6,51.3,7.8,12.6
0,Bronx County,2025-02-27T06:00,35.8,46.5,30,16.7
0,Bronx County,2025-02-27T07:00,25.4,40.1,57.9,23.5
0,Bronx County,2025-02-27T08:00,22.9,38.9,69.3,26.1
0,Bronx County,2025-02-27T09:00,26.4,40.3,52.4,22.6
0,Bronx County,2025-02-27T10:00,28.7,41.2,43.7,20.8
0,Bronx County,2025-02-27T11:00,28.6,41,43.2,20.9
0,Bronx County,2025-02-27T12:00,28.5,40.9,43.1,20.9
0,Bronx County,2025-02-27T13:00,27.9,40.9,46.2,21.4
0,Bronx County,2025-02-27T14:00,24.7,40.1,62.3,24.2
0,Bronx County,2025-02-27T15:00,23.2,39.8,71.1,25.7
0,Bronx County,2025-02-27T16:00,23,39.4,71.1,25.9
0,Bronx County,2025-02-27T17:00,23.7,39.7,67.5,25.2
0,Bronx County,2025-02-27T18:00,27.4,41.2,50.4,21.8
0,Bronx County,2025-02-27T19:00,31.5,42.4,34.4,19
0,Bronx County,2025-02-27T20:00,33.4,42.4,27.1,17.9
0,Bronx County,2025-02-27T21:00,37.2,43.5,16.9,16
0,Bronx County,2025-02-27T22:00,37.9,43.9,15.8,15.8
0,Bronx County,2025-02-27T23:00,36.7,42.9,16.9,16.3
0,Bronx County,2025-02-28T00:00,35,41.3,17.7,17.1
0,Bronx County,2025-02-28T01:00,37.5,41,9.4,15.9
0,Bronx County,2025-02-28T02:00,38.3,41.3,7.7,15.6
0,Bronx County,2025-02-28T03:00,41,43.4,5.7,14.6
0,Bronx County,2025-02-28T04:00,45.7,47.4,3.6,13.1
0,Bronx County,2025-02-28T05:00,47.1,50.4,7,12.7
0,Bronx County,2025-02-28T06:00,35.9,46.3,29,16.6
0,Bronx County,2025-02-28T07:00,26.9,40.3,49.5,22.2
0,Bronx County,2025-02-28T08:00,25.5,39.6,55.3,23.5
0,Bronx County,2025-02-28T09:00,28.5,41.1,44.1,21
0,Bronx County,2025-02-28T10:00,27.6,41,48.4,21.7
0,Bronx County,2025-02-28T11:00,27.3,40.9,49.9,21.9
0,Bronx County,2025-02-28T12:00,27.1,40.9,50.8,22.1
0,Bronx County,2025-02-28T13:00,26.1,40.6,55.1,22.9
0,Bronx County,2025-02-28T14:00,22.6,39.9,76.2,26.4
0,Bronx County,2025-02-28T15:00,20.4,39.3,92.7,29.4
0,Bronx County,2025-02-28T16:00,20.2,39.3,93.8,29.5
0,Bronx County,2025-02-28T17:00,20.9,39,86.2,28.6
0,Bronx County,2025-02-28T18:00,23.1,39.9,72.8,25.9
0,Bronx County,2025-02-28T19:00,27.6,41.2,49.2,21.6
0,Bronx County,2025-02-28T20:00,31.4,41.7,32.6,19
0,Bronx County,2025-02-28T21:00,33.6,42.2,25.3,17.8
0,Bronx County,2025-02-28T22:00,32.6,41.8,28.4,18.4
0,Bronx County,2025-02-28T23:00,34.4,41.6,20.9,17.4
0,Bronx County,2025-03-01T00:00,35.3,41,16,16.9
0,Bronx County,2025-03-01T01:00,36,40.3,11.9,16.6
0,Bronx County,2025-03-01T02:00,36.8,40.5,10.2,16.2
0,Bronx County,2025-03-01T03:00,39.2,41.9,6.8,15.2
0,Bronx County,2025-03-01T04:00,42.7,44.4,3.9,14
0,Bronx County,2025-03-01T05:00,45,46.6,3.5,13.3
0,Bronx County,2025-03-01T06:00,45.9,48.2,4.8,13
0,Bronx County,2025-03-01T07:00,44.3,47.8,7.9,13.5
0,Bronx County,2025-03-01T08:00,41.1,47,14.4,14.5
0,Bronx County,2025-03-01T09:00,38.4,46.5,21,15.5
0,Bronx County,2025-03-01T10:00,35.9,45.9,27.7,16.6
0,Bronx County,2025-03-01T11:00,33.2,45.4,36.5,18
0,Bronx County,2025-03-01T12:00,31.5,44.5,41.2,19
0,Bronx County,2025-03-01T13:00,30.7,43.7,42.3,19.5
0,Bronx County,2025-03-01T14:00,28.8,43.3,50.3,20.8
0,Bronx County,2025-03-01T15:00,27.5,42.7,55.3,21.7
0,Bronx County,2025-03-01T16:00,27.7,42.9,54.4,21.5
0,Bronx County,2025-03-01T17:00,28.1,43,53.2,21.3
0,Bronx County,2025-03-01T18:00,30.4,43.5,42.8,19.6
0,Bronx County,2025-03-01T19:00,31,42.6,37.4,19.3
0,Bronx County,2025-03-01T20:00,33,42.8,29.6,18.1
0,Bronx County,2025-03-01T21:00,34.4,42.8,24.1,17.3
0,Bronx County,2025-03-01T22:00,36.9,43.4,17.5,16.2
0,Bronx County,2025-03-01T23:00,37.9,43.5,14.6,15.8
0,Bronx County,2025-03-02T00:00,38.1,42.2,10.5,15.7
0,Bronx County,2025-03-02T01:00,37.8,41.2,8.9,15.8
0,Bronx County,2025-03-02T02:00,38.6,41.3,6.9,15.5
0,Bronx County,2025-03-02T03:00,39.6,41.8,5.5,15.1
0,Bronx County,2025-03-02T04:00,40.7,42.3,3.7,14.7
0,Bronx County,2025-03-02T05:00,42.9,44.6,3.8,13.9
0,Bronx County,2025-03-02T06:00,44.8,46,2.6,13.3
0,Bronx County,2025-03-02T07:00,44.8,46.7,4.3,13.3
0,Bronx County,2025-03-02T08:00,44.5,47.4,6.5,13.4
0,Bronx County,2025-03-02T09:00,43.9,48.1,9.6,13.6
0,Bronx County,2025-03-02T10:00,42.4,48,13.3,14.1
0,Bronx County,2025-03-02T11:00,39.2,47.4,20.8,15.2
0,Bronx County,2025-03-02T12:00,37.1,46.7,25.7,16.1
0,Bronx County,2025-03-02T13:00,36.1,46.2,28.1,16.6
0,Bronx County,2025-03-02T14:00,33.3,45.1,35.3,17.9
0,Bronx County,2025-03-02T15:00,33.4,45.4,35.7,17.9
0,Bronx County,2025-03-02T16:00,33.9,45.7,34.4,17.6
0,Bronx County,2025-03-02T17:00,34.2,45.8,33.8,17.5
0,Bronx County,2025-03-02T18:00,35.2,45.3,28.8,17
0,Bronx County,2025-03-02T19:00,34.6,44.2,27.5,17.3
0,Bronx County,2025-03-02T20:00,36.1,44.3,22.5,16.5
0,Bronx County,2025-03-02T21:00,37.6,43.8,16.4,15.9
0,Bronx County,2025-03-02T22:00,37.3,43.1,15.6,16
0,Bronx County,2025-03-02T23:00,37.6,42.2,12.1,15.9
0,Bronx County,2025-03-03T00:00,38.2,41.3,8,15.6
0,Bronx County,2025-03-03T01:00,36.5,39.2,7.5,16.4
0,Bronx County,2025-03-03T02:00,38.5,40.4,5,15.5
0,Bronx County,2025-03-03T03:00,41.3,42.8,3.6,14.5
0,Bronx County,2025-03-03T04:00,47.7,48.3,1.2,12.5
0,Bronx County,2025-03-03T05:00,47.8,51.1,6.7,12.5
0,Bronx County,2025-03-03T06:00,35.9,46.3,28.7,16.6
0,Bronx County,2025-03-03T07:00,27.1,41,51.1,22.1
0,Bronx County,2025-03-03T08:00,25.5,39.8,55.9,23.4
0,Bronx County,2025-03-03T09:00,28,40.6,44.9,21.4
0,Bronx County,2025-03-03T10:00,29.4,40.9,39.1,20.3
0,Bronx County,2025-03-03T11:00,28.7,40.6,41.1,20.8
0,Bronx County,2025-03-03T12:00,28.9,40.4,39.7,20.7
0,Bronx County,2025-03-03T13:00,28.3,40.4,42.4,21.1
0,Bronx County,2025-03-03T14:00,25.8,39.7,53.7,23.2
0,Bronx County,2025-03-03T15:00,24.7,39.7,60.8,24.2
0,Bronx County,2025-03-03T16:00,22.6,39.2,73.2,26.5
0,Bronx County,2025-03-03T17:00,22.5,38.7,72.1,26.6
0,Bronx County,2025-03-03T18:00,28,40.9,46,21.3
0,Bronx County,2025-03-03T19:00,32.7,41.1,25.5,18.3
0,Bronx County,2025-03-03T20:00,35.2,41.8,18.7,17
0,Bronx County,2025-03-03T21:00,37.4,42.7,14,16
0,Bronx County,2025-03-03T22:00,38.5,43,11.7,15.5
0,Bronx County,2025-03-03T23:00,38.4,42.5,10.6,15.5
0,Bronx County,2025-03-04T00:00,36.6,40.7,11.1,16.3
0,Bronx County,2025-03-04T01:00,36.9,39.8,7.8,16.2
0,Bronx County,2025-03-04T02:00,38.4,40.4,5.2,15.6
0,Bronx County,2025-03-04T03:00,42.6,44.1,3.6,14
0,Bronx County,2025-03-04T04:00,48.4,49.2,1.6,12.3
0,Bronx County,2025-03-04T05:00,46.7,50.8,8.8,12.8
0,Bronx County,2025-03-04T06:00,35.6,46.3,30,16.8
0,Bronx County,2025-03-04T07:00,26.2,40.7,55.3,22.8
0,Bronx County,2025-03-04T08:00,24.3,39.6,62.9,24.6
0,Bronx County,2025-03-04T09:00,27.2,40.3,48.2,22
0,Bronx County,2025-03-04T10:00,29.2,40.7,39.5,20.5
0,Bronx County,2025-03-04T11:00,29.1,40.4,39.1,20.6
0,Bronx County,2025-03-04T12:00,29,40.6,39.9,20.6
0,Bronx County,2025-03-04T13:00,28.6,40.4,41,20.9
0,Bronx County,2025-03-04T14:00,26.5,40.3,51.8,22.5
0,Bronx County,2025-03-04T15:00,24.6,40,62.3,24.3
0,Bronx County,2025-03-04T16:00,24.1,39.5,64,24.8
0,Bronx County,2025-03-04T17:00,23.6,39.2,65.8,25.3
0,Bronx County,2025-03-04T18:00,27.5,40.7,47.9,21.7
0,Bronx County,2025-03-04T19:00,31.8,41.4,30.1,18.8
0,Bronx County,2025-03-04T20:00,34.5,41.6,20.6,17.3
0,Bronx County,2025-03-04T21:00,36.9,42.7,15.7,16.2
0,Bronx County,2025-03-04T22:00,39.2,44.1,12.4,15.2
0,Bronx County,2025-03-04T23:00,38,42.7,12.4,15.7
0,Bronx County,2025-03-05T00:00,36.4,41.5,13.9,16.4
0,Bronx County,2025-03-05T01:00,37,40.3,8.9,16.1
0,Bronx County,2025-03-05T02:00,38.3,40.7,6.2,15.6
0,Bronx County,2025-03-05T03:00,42.3,44,3.9,14.1
0,Bronx County,2025-03-05T04:00,47.2,49,3.7,12.7
0,Bronx County,2025-03-05T05:00,46.3,51.1,10.3,12.9
0,Bronx County,2025-03-05T06:00,35.5,46.4,30.4,16.8
0,Bronx County,2025-03-05T07:00,26.9,40.8,51.8,22.2
0,Bronx County,2025-03-05T08:00,24.9,39.5,58.7,24
0,Bronx County,2025-03-05T09:00,28.5,40.7,42.7,21
0,Bronx County,2025-03-05T10:00,29,40.8,40.5,20.6
0,Bronx County,2025-03-05T11:00,29.8,40.7,36.5,20
0,Bronx County,2025-03-05T12:00,29.2,40.5,38.4,20.5
0,Bronx County,2025-03-05T13:00,28.7,40.5,41.1,20.8
0,Bronx County,2025-03-05T14:00,26.5,40.2,51.8,22.6
0,Bronx County,2025-03-05T15:00,24.7,39.8,61.1,24.2
0,Bronx County,2025-03-05T16:00,21.3,38.3,79.4,28
0,Bronx County,2025-03-05T17:00,21,38.1,81.6,28.5
0,Bronx County,2025-03-05T18:00,24.2,39.3,62.1,24.7
0,Bronx County,2025-03-05T19:00,30,41.2,37.2,19.9
0,Bronx County,2025-03-05T20:00,32.5,41.3,27.1,18.4
0,Bronx County,2025-03-05T21:00,34.8,42.3,21.4,17.2
0,Bronx County,2025-03-05T22:00,35.4,42.7,20.5,16.9
0,Bronx County,2025-03-05T23:00,36.6,42.6,16.2,16.3
0,Bronx County,2025-03-06T00:00,36.7,41.8,13.6,16.3
0,Bronx County,2025-03-06T01:00,37.7,40.9,8.5,15.9
0,Bronx County,2025-03-06T02:00,38.4,41,6.5,15.5
0,Bronx County,2025-03-06T03:00,42.7,44.6,4.3,14
0,Bronx County,2025-03-06T04:00,47.9,49.1,2.4,12.5
0,Bronx County,2025-03-06T05:00,47.5,51.2,7.9,12.6
0,Bronx County,2025-03-06T06:00,36.1,46.4,28.4,16.5
0,Bronx County,2025-03-06T07:00,26.8,40.9,52.7,22.3
0,Bronx County,2025-03-06T08:00,25.3,40,57.9,23.6
0,Bronx County,2025-03-06T09:00,28,40.8,45.6,21.3
0,Bronx County,2025-03-06T10:00,29.3,41.1,39.8,20.4
0,Bronx County,2025-03-06T11:00,27.6,40.2,45.4,21.6
0,Bronx County,2025-03-06T12:00,27.9,40.2,43.6,21.4
0,Bronx County,2025-03-06T13:00,28.7,41.1,43.1,20.8
0,Bronx County,2025-03-06T14:00,26.5,40.4,52.4,22.5
0,Bronx County,2025-03-06T15:00,24.7,40.3,62.7,24.2
0,Bronx County,2025-03-06T16:00,23.2,39.4,70,25.8
0,Bronx County,2025-03-06T17:00,23.5,39.7,68.7,25.4
0,Bronx County,2025-03-06T18:00,28.1,41.2,46.8,21.3
0,Bronx County,2025-03-06T19:00,31.9,42.4,32.9,18.8
0,Bronx County,2025-03-06T20:00,34.1,42.3,23.9,17.5
0,Bronx County,2025-03-06T21:00,37,43.2,16.7,16.1
0,Bronx County,2025-03-06T22:00,37.9,44,16,15.8
0,Bronx County,2025-03-06T23:00,38.1,43.6,14.2,15.7
0,Bronx County,2025-03-07T00:00,38.5,42.9,11.5,15.5
0,Bronx County,2025-03-07T01:00,38.6,41.5,7.5,15.5
0,Bronx County,2025-03-07T02:00,39.2,41.7,6.4,15.2
0,Bronx County,2025-03-07T03:00,42,43.8,4.1,14.2
0,Bronx County,2025-03-07T04:00,47.7,48.4,1.5,12.5
0,Bronx County,2025-03-07T05:00,47.1,50.7,7.5,12.7
0,Bronx County,2025-03-07T06:00,37.6,46.3,23.1,15.9
0,Bronx County,2025-03-07T07:00,28.2,40.7,44,21.2
0,Bronx County,2025-03-07T08:00,26.6,39.7,48.8,22.4
0,Bronx County,2025-03-07T09:00,29.4,41,39.2,20.3
0,Bronx County,2025-03-07T10:00,29.9,41.4,38.6,20
0,Bronx County,2025-03-07T11:00,29.9,41.9,40.1,20
0,Bronx County,2025-03-07T12:00,29.3,41.7,41.8,20.4
0,Bronx County,2025-03-07T13:00,29.3,42.1,43.9,20.4
0,Bronx County,2025-03-07T14:00,25.6,41,60,23.3
0,Bronx County,2025-03-07T15:00,22.6,40,76.6,26.4
0,Bronx County,2025-03-07T16:00,22.6,39.8,75.8,26.4
0,Bronx County,2025-03-07T17:00,23.7,40.3,69.9,25.2
0,Bronx County,2025-03-07T18:00,27.2,41.8,53.2,21.9
0,Bronx County,2025-03-07T19:00,30.4,42,38.3,19.7
0,Bronx County,2025-03-07T20:00,32.9,42.4,29,18.2
0,Bronx County,2025-03-07T21:00,34.6,42.4,22.7,17.3
0,Bronx County,2025-03-07T22:00,36.1,43,19,16.5
0,Bronx County,2025-03-07T23:00,35.8,42.5,18.5,16.7
0,Bronx County,2025-03-08T00:00,36.7,41.7,13.6,16.3
0,Bronx County,2025-03-08T01:00,37.1,40.8,9.9,16.1
0,Bronx County,2025-03-08T02:00,38.3,41.1,7.2,15.6
0,Bronx County,2025-03-08T03:00,40.5,42.8,5.5,14.7
0,Bronx County,2025-03-08T04:00,44.1,45.6,3.4,13.6
0,Bronx County,2025-03-08T05:00,45.3,47.5,4.9,13.2
0,Bronx County,2025-03-08T06:00,45,47.6,5.6,13.3
0,Bronx County,2025-03-08T07:00,42.4,47,10.8,14.1
0,Bronx County,2025-03-08T08:00,38.5,45.8,18.8,15.5
0,Bronx County,2025-03-08T09:00,36.2,45.4,25.3,16.5
0,Bronx County,2025-03-08T10:00,36,45.6,26.4,16.6
0,Bronx County,2025-03-08T11:00,34.3,45.2,31.7,17.4
0,Bronx County,2025-03-08T12:00,32.4,44.5,37.2,18.4
0,Bronx County,2025-03-08T13:00,31.6,43.7,38.3,18.9
0,Bronx County,2025-03-08T14:00,30.4,43.5,43.1,19.7
0,Bronx County,2025-03-08T15:00,28.9,43.1,48.9,20.6
0,Bronx County,2025-03-08T16:00,29.2,43.7,49.6,20.5
0,Bronx County,2025-03-08T17:00,29.1,43.9,50.5,20.5
0,Bronx County,2025-03-08T18:00,31.2,44.1,41.1,19.1
0,Bronx County,2025-03-08T19:00,31.1,43,37.8,19.2
0,Bronx County,2025-03-08T20:00,33.2,42.9,29,18
0,Bronx County,2025-03-08T21:00,34.4,43.2,25.4,17.4
0,Bronx County,2025-03-08T22:00,36.5,44.1,20.5,16.3
0,Bronx County,2025-03-08T23:00,38.6,44,13.7,15.5
0,Bronx County,2025-03-09T00:00,38.3,42.6,11.2,15.6
0,Bronx County,2025-03-09T01:00,38.8,42,8.4,15.4
0,Bronx County,2025-03-09T03:00,39.8,42.1,5.8,15
0,Bronx County,2025-03-09T04:00,40.3,42.6,5.8,14.8
0,Bronx County,2025-03-09T05:00,43.4,44.7,2.9,13.8
0,Bronx County,2025-03-09T06:00,45.5,46.7,2.6,13.1
0,Bronx County,2025-03-09T07:00,44.8,46.6,3.8,13.3
0,Bronx County,2025-03-09T08:00,44.8,47.9,7,13.3
0,Bronx County,2025-03-09T09:00,45.1,48.9,8.6,13.3
0,Bronx County,2025-03-09T10:00,44.3,48.6,9.6,13.5
0,Bronx County,2025-03-09T11:00,42.8,48.6,13.7,14
0,Bronx County,2025-03-09T12:00,40.2,47.7,18.4,14.8
0,Bronx County,2025-03-09T13:00,37.8,46.8,23.8,15.8
0,Bronx County,2025-03-09T14:00,34.5,45.9,33.1,17.3
0,Bronx County,2025-03-09T15:00,33.8,45.7,35,17.7
0,Bronx County,2025-03-09T16:00,35,46,31.4,17.1
0,Bronx County,2025-03-09T17:00,33.9,45.8,35,17.6
0,Bronx County,2025-03-09T18:00,35.3,45.5,28.7,16.9
0,Bronx County,2025-03-09T19:00,36.2,45.3,24.9,16.5
0,Bronx County,2025-03-09T20:00,36,44.4,23,16.6
0,Bronx County,2025-03-09T21:00,38.5,44.7,16.1,15.5
0,Bronx County,2025-03-09T22:00,38.3,43.8,14.2,15.6
0,Bronx County,2025-03-09T23:00,38.8,42.6,9.6,15.4
0,Bronx County,2025-03-10T00:00,38.3,41.4,8.2,15.6
0,Bronx County,2025-03-10T01:00,37.7,40.3,6.8,15.8
0,Bronx County,2025-03-10T02:00,38.4,40.3,4.8,15.6
0,Bronx County,2025-03-10T03:00,41.7,43.1,3.1,14.3
0,Bronx County,2025-03-10T04:00,47.6,48.3,1.6,12.5
0,Bronx County,2025-03-10T05:00,49.1,52,5.7,12.2
0,Bronx County,2025-03-10T06:00,37.5,47.5,26.4,15.9
0,Bronx County,2025-03-10T07:00,28.5,41.5,45.6,21
0,Bronx County,2025-03-10T08:00,25.6,39.8,55.3,23.3
0,Bronx County,2025-03-10T09:00,29.2,40.9,40.2,20.5
0,Bronx County,2025-03-10T10:00,30.2,41.6,37.4,19.8
0,Bronx County,2025-03-10T11:00,28.2,40.4,43.1,21.2
0,Bronx County,2025-03-10T12:00,28.8,40.6,40.8,20.7
0,Bronx County,2025-03-10T13:00,28.4,40.8,43.4,21
0,Bronx County,2025-03-10T14:00,25.7,39.9,55.3,23.3
0,Bronx County,2025-03-10T15:00,24.1,39.5,63.7,24.8
0,Bronx County,2025-03-10T16:00,23,39.3,71,26
0,Bronx County,2025-03-10T17:00,24,39.6,64.8,24.9
0,Bronx County,2025-03-10T18:00,29.4,41,39.7,20.4
0,Bronx County,2025-03-10T19:00,34.1,42.2,23.6,17.5
0,Bronx County,2025-03-10T20:00,32.9,41.4,25.6,18.1
0,Bronx County,2025-03-10T21:00,34.2,41.6,21.4,17.5
0,Bronx County,2025-03-10T22:00,36.4,42.2,15.9,16.4
0,Bronx County,2025-03-10T23:00,37,42.3,14.4,16.1
0,Bronx County,2025-03-11T00:00,36.4,40.8,12.2,16.4
0,Bronx County,2025-03-11T01:00,37,40,8.1,16.1
0,Bronx County,2025-03-11T02:00,38.1,40.4,5.9,15.7
0,Bronx County,2025-03-11T03:00,42,43.7,4.1,14.2
0,Bronx County,2025-03-11T04:00,46.8,47.8,2.2,12.8
0,Bronx County,2025-03-11T05:00,46.1,51.1,10.8,12.9
0,Bronx County,2025-03-11T06:00,36.6,47,28.4,16.3
0,Bronx County,2025-03-11T07:00,27.9,41.1,47.1,21.4
0,Bronx County,2025-03-11T08:00,24.8,39.4,58.7,24.1
0,Bronx County,2025-03-11T09:00,28,40.4,43.9,21.3
0,Bronx County,2025-03-11T10:00,29.4,41.1,39.6,20.3
0,Bronx County,2025-03-11T11:00,29.1,40.9,40.5,20.5
0,Bronx County,2025-03-11T12:00,27.8,40,43.7,21.5
0,Bronx County,2025-03-11T13:00,28.1,40.3,43.5,21.3
0,Bronx County,2025-03-11T14:00,25.7,40.2,56.3,23.2
0,Bronx County,2025-03-11T15:00,24.2,39.8,64.6,24.7
0,Bronx County,2025-03-11T16:00,23.6,39.4,66.9,25.3
0,Bronx County,2025-03-11T17:00,24.8,39.7,60.1,24.1
0,Bronx County,2025-03-11T18:00,28.5,41,44,21
0,Bronx County,2025-03-11T19:00,31.4,41.7,32.5,19
0,Bronx County,2025-03-11T20:00,34.6,41.9,21.2,17.3
0,Bronx County,2025-03-11T21:00,36.8,43,16.8,16.2
0,Bronx County,2025-03-11T22:00,36.2,42.7,17.8,16.5
0,Bronx County,2025-03-11T23:00,35.8,41.9,17,16.7
0,Bronx County,2025-03-12T00:00,35.7,40.7,13.9,16.7
0,Bronx County,2025-03-12T01:00,35.7,39.2,9.9,16.7
0,Bronx County,2025-03-12T02:00,37.7,40.3,6.6,15.8
0,Bronx County,2025-03-12T03:00,41.8,43.6,4.3,14.3
0,Bronx County,2025-03-12T04:00,47.2,48.3,2.2,12.6
0,Bronx County,2025-03-12T05:00,48.1,51.6,7.1,12.4
0,Bronx County,2025-03-12T06:00,36.8,47.2,28.1,16.2
0,Bronx County,2025-03-12T07:00,27.3,40.9,50.1,21.9
0,Bronx County,2025-03-12T08:00,25,39.8,59.1,23.9
0,Bronx County,2025-03-12T09:00,28.9,41,41.7,20.7
0,Bronx County,2025-03-12T10:00,29.6,41.7,40.8,20.2
0,Bronx County,2025-03-12T11:00,29.8,41.1,37.9,20.1
0,Bronx County,2025-03-12T12:00,29.4,41,39.3,20.3
0,Bronx County,2025-03-12T13:00,29.4,41.4,40.6,20.3
0,Bronx County,2025-03-12T14:00,25.9,40.5,56,23
0,Bronx County,2025-03-12T15:00,24.3,40,64.6,24.6
0,Bronx County,2025-03-12T16:00,24.3,39.9,64.3,24.6
0,Bronx County,2025-03-12T17:00,25.1,40,59.1,23.8
0,Bronx County,2025-03-12T18:00,29.6,41.1,38.8,20.2
0,Bronx County,2025-03-12T19:00,32,41.6,30,18.7
0,Bronx County,2025-03-12T20:00,34.1,41.8,22.6,17.5
0,Bronx County,2025-03-12T21:00,37.1,43.2,16.4,16.1
0,Bronx County,2025-03-12T22:00,36.5,42.8,17.1,16.4
0,Bronx County,2025-03-12T23:00,36.5,42,14.9,16.4
0,Bronx County,2025-03-13T00:00,36.4,40.8,12.1,16.4
0,Bronx County,2025-03-13T01:00,36.4,40.3,10.7,16.4
0,Bronx County,2025-03-13T02:00,39,41.5,6.5,15.3
0,Bronx County,2025-03-13T03:00,42.1,43.8,4.2,14.2
0,Bronx County,2025-03-13T04:00,47.4,48.6,2.6,12.6
0,Bronx County,2025-03-13T05:00,48.8,52.3,7.2,12.2
0,Bronx County,2025-03-13T06:00,37.6,47,25.1,15.9
0,Bronx County,2025-03-13T07:00,27.2,40.9,50.4,22
0,Bronx County,2025-03-13T08:00,25,39.5,58,23.9
0,Bronx County,2025-03-13T09:00,27.5,40.8,47.9,21.7
0,Bronx County,2025-03-13T10:00,29.1,41.5,42.5,20.6
0,Bronx County,2025-03-13T11:00,27.1,40.3,48.8,22.1
0,Bronx County,2025-03-13T12:00,27,40.1,48.6,22.2
0,Bronx County,2025-03-13T13:00,27.8,40.8,46.7,21.5
0,Bronx County,2025-03-13T14:00,25.9,40.7,57,23.1
0,Bronx County,2025-03-13T15:00,24.4,40.1,64.1,24.5
0,Bronx County,2025-03-13T16:00,23.4,39.7,69.4,25.5
0,Bronx County,2025-03-13T17:00,23.9,39.6,65.7,25
0,Bronx County,2025-03-13T18:00,28,41.4,47.8,21.4
0,Bronx County,2025-03-13T19:00,31.7,42.4,33.9,18.9
0,Bronx County,2025-03-13T20:00,34.2,42.5,24.2,17.5
0,Bronx County,2025-03-13T21:00,35.8,43.2,20.5,16.7
0,Bronx County,2025-03-13T22:00,36.8,43.8,19,16.2
0,Bronx County,2025-03-13T23:00,36.7,43.3,17.8,16.3
0,Bronx County,2025-03-14T00:00,37.1,42.4,14.3,16.1
0,Bronx County,2025-03-14T01:00,36.9,41.7,12.9,16.2
0,Bronx County,2025-03-14T02:00,39.1,41.6,6.3,15.3
0,Bronx County,2025-03-14T03:00,42.5,44.7,4.9,14
0,Bronx County,2025-03-14T04:00,47.4,48.6,2.5,12.6
0,Bronx County,2025-03-14T05:00,48.6,51.6,6.1,12.3
0,Bronx County,2025-03-14T06:00,39.1,47.5,21.5,15.3
0,Bronx County,2025-03-14T07:00,28.4,40.9,43.7,21
0,Bronx County,2025-03-14T08:00,27.4,39.7,45.1,21.8
0,Bronx County,2025-03-14T09:00,31.4,41.3,31.2,19
0,Bronx County,2025-03-14T10:00,31.3,42.5,35.5,19.1
0,Bronx County,2025-03-14T11:00,30.7,42.2,37.2,19.5
0,Bronx County,2025-03-14T12:00,30,42,39.8,19.9
0,Bronx County,2025-03-14T13:00,29,42.2,45.5,20.6
0,Bronx County,2025-03-14T14:00,25.3,40.8,61.4,23.6
0,Bronx County,2025-03-14T15:00,21.9,39.8,81.2,27.2
0,Bronx County,2025-03-14T16:00,21.2,39.5,85.7,28.1
0,Bronx County,2025-03-14T17:00,21.8,39.4,80.4,27.4
0,Bronx County,2025-03-14T18:00,26.1,41.2,57.7,22.9
0,Bronx County,2025-03-14T19:00,30.5,42.4,39.1,19.6
0,Bronx County,2025-03-14T20:00,32.2,42.1,30.5,18.5
0,Bronx County,2025-03-14T21:00,34.3,42.6,24.3,17.4
0,Bronx County,2025-03-14T22:00,33.6,42.2,25.3,17.8
0,Bronx County,2025-03-14T23:00,34.6,42,21.3,17.3
0,Bronx County,2025-03-15T00:00,35,41.3,18,17.1
0,Bronx County,2025-03-15T01:00,36.3,40.9,12.8,16.5
0,Bronx County,2025-03-15T02:00,37.1,40.6,9.2,16.1
0,Bronx County,2025-03-15T03:00,39.5,42.6,7.8,15.1
0,Bronx County,2025-03-15T04:00,41.9,43.8,4.5,14.2
0,Bronx County,2025-03-15T05:00,46.3,47.6,2.7,12.9
0,Bronx County,2025-03-15T06:00,46.3,48.8,5.3,12.9
0,Bronx County,2025-03-15T07:00,44.5,48.2,8.2,13.4
0,Bronx County,2025-03-15T08:00,41.6,47.3,13.6,14.4
0,Bronx County,2025-03-15T09:00,39.1,46.7,19.3,15.3
0,Bronx County,2025-03-15T10:00,35.4,46.1,30.2,16.9
0,Bronx County,2025-03-15T11:00,34.6,45.9,32.8,17.3
0,Bronx County,2025-03-15T12:00,33.1,44.9,35.6,18
0,Bronx County,2025-03-15T13:00,30.8,44.6,44.8,19.4
0,Bronx County,2025-03-15T14:00,29.5,43.6,47.8,20.3
0,Bronx County,2025-03-15T15:00,29.8,43.7,46.5,20
0,Bronx County,2025-03-15T16:00,29.6,43.7,47.6,20.2
0,Bronx County,2025-03-15T17:00,30.5,43.6,43,19.6
0,Bronx County,2025-03-15T18:00,29.9,43.7,45.9,20
0,Bronx County,2025-03-15T19:00,32.3,43.4,34.2,18.5
0,Bronx County,2025-03-15T20:00,32.3,42.6,31.7,18.5
0,Bronx County,2025-03-15T21:00,35.5,43.9,23.5,16.8
0,Bronx County,2025-03-15T22:00,35.9,44.4,23.4,16.6
0,Bronx County,2025-03-15T23:00,37.6,44.3,17.9,15.9
0,Bronx County,2025-03-16T00:00,38,43,13.2,15.7
0,Bronx County,2025-03-16T01:00,38.4,42,9.2,15.6
0,Bronx County,2025-03-16T02:00,38.6,41.7,7.9,15.5
0,Bronx County,2025-03-16T03:00,40,42.3,5.8,14.9
0,Bronx County,2025-03-16T04:00,41.6,43.3,4.2,14.4
0,Bronx County,2025-03-16T05:00,44.7,45.9,2.7,13.4
0,Bronx County,2025-03-16T06:00,46.5,48.3,3.8,12.8
0,Bronx County,2025-03-16T07:00,47.2,49,3.6,12.6
0,Bronx County,2025-03-16T08:00,46.1,48.9,6.2,13
0,Bronx County,2025-03-16T09:00,44.8,49.3,9.8,13.3
0,Bronx County,2025-03-16T10:00,41.5,48.2,16.1,14.4
0,Bronx County,2025-03-16T11:00,39.6,48.2,21.6,15.1
0,Bronx County,2025-03-16T12:00,38.7,47.4,22.5,15.4
0,Bronx County,2025-03-16T13:00,36.8,47.2,28.2,16.2
0,Bronx County,2025-03-16T14:00,33.8,46.1,36.4,17.7
0,Bronx County,2025-03-16T15:00,33.5,45.7,36.4,17.9
0,Bronx County,2025-03-16T16:00,34.2,45.8,33.8,17.5
0,Bronx County,2025-03-16T17:00,34.2,45.4,32.4,17.4
0,Bronx County,2025-03-16T18:00,36,45.4,25.8,16.6
0,Bronx County,2025-03-16T19:00,35.8,45.2,26.2,16.7
0,Bronx County,2025-03-16T20:00,36.5,44.1,21,16.4
0,Bronx County,2025-03-16T21:00,37.9,44.4,17.1,15.8
0,Bronx County,2025-03-16T22:00,38.1,43.6,14.2,15.7
0,Bronx County,2025-03-16T23:00,38.9,42.9,10.1,15.4
0,Bronx County,2025-03-17T00:00,37.3,41.7,11.7,16
0,Bronx County,2025-03-17T01:00,37,41.5,12,16.1
0,Bronx County,2025-03-17T02:00,37.8,41.6,10.2,15.8
0,Bronx County,2025-03-17T03:00,40.7,44.3,8.6,14.7
0,Bronx County,2025-03-17T04:00,44.7,47.9,7.1,13.3
0,Bronx County,2025-03-17T05:00,43.7,51,16.6,13.7
0,Bronx County,2025-03-17T06:00,33.9,46.5,37.2,17.6
0,Bronx County,2025-03-17T07:00,25.8,40.7,57.8,23.2
0,Bronx County,2025-03-17T08:00,24.8,39.5,59.1,24.1
0,Bronx County,2025-03-17T09:00,29.3,41,39.9,20.4
0,Bronx County,2025-03-17T10:00,31.7,42.2,33.4,18.9
0,Bronx County,2025-03-17T11:00,30.4,41.7,37.3,19.7
0,Bronx County,2025-03-17T12:00,30.2,41.4,36.8,19.8
0,Bronx County,2025-03-17T13:00,29.2,41.1,40.5,20.5
0,Bronx County,2025-03-17T14:00,28.7,41,42.5,20.8
0,Bronx County,2025-03-17T15:00,27,40.4,49.4,22.1
0,Bronx County,2025-03-17T16:00,25,39.7,58.6,23.9
0,Bronx County,2025-03-17T17:00,26.6,40,50.1,22.4
0,Bronx County,2025-03-17T18:00,30.7,41.3,34.4,19.4
0,Bronx County,2025-03-17T19:00,34,41.6,22.2,17.5
0,Bronx County,2025-03-17T20:00,34.9,41.6,19.1,17.1
0,Bronx County,2025-03-17T21:00,36.8,42.3,15,16.2
0,Bronx County,2025-03-17T22:00,37.4,42.7,14.1,16
0,Bronx County,2025-03-17T23:00,36.4,41.5,14.2,16.4
0,Bronx County,2025-03-18T00:00,36.5,40.9,12,16.4
0,Bronx County,2025-03-18T01:00,36.8,40.5,10.1,16.2
0,Bronx County,2025-03-18T02:00,38.4,40.8,6.2,15.6
0,Bronx County,2025-03-18T03:00,41.8,43.8,4.7,14.3
0,Bronx County,2025-03-18T04:00,47.5,48.6,2.2,12.6
0,Bronx County,2025-03-18T05:00,48.3,51.5,6.6,12.4
0,Bronx County,2025-03-18T06:00,36.7,46.7,27.3,16.3
0,Bronx County,2025-03-18T07:00,27.1,40.5,49.2,22
0,Bronx County,2025-03-18T08:00,25.4,39.7,55.9,23.5
0,Bronx County,2025-03-18T09:00,28.7,40.7,41.8,20.9
0,Bronx County,2025-03-18T10:00,30,41.3,37.6,19.9
0,Bronx County,2025-03-18T11:00,29.9,40.9,36.8,20
0,Bronx County,2025-03-18T12:00,30.1,41.1,36.4,19.8
0,Bronx County,2025-03-18T13:00,29.3,41.2,40.3,20.4
0,Bronx County,2025-03-18T14:00,26.4,40.5,53.4,22.6
0,Bronx County,2025-03-18T15:00,24.1,39.7,64.8,24.8
0,Bronx County,2025-03-18T16:00,23.5,39.3,66.9,25.4
0,Bronx County,2025-03-18T17:00,23.6,39.3,66.1,25.3
0,Bronx County,2025-03-18T18:00,27.1,40.2,48.6,22.1
0,Bronx County,2025-03-18T19:00,32.4,41.7,28.5,18.4
0,Bronx County,2025-03-18T20:00,34.7,42.1,21.2,17.2
0,Bronx County,2025-03-18T21:00,36.6,42.7,16.4,16.3
0,Bronx County,2025-03-18T22:00,36.9,42.9,16.3,16.2
0,Bronx County,2025-03-18T23:00,36.7,42,14.5,16.3
0,Bronx County,2025-03-19T00:00,36.2,40.6,12.2,16.5
0,Bronx County,2025-03-19T01:00,35.9,40,11.4,16.6
0,Bronx County,2025-03-19T02:00,37.5,40.7,8.4,15.9
0,Bronx County,2025-03-19T03:00,41.7,43.7,4.7,14.3
0,Bronx County,2025-03-19T04:00,47.8,48.7,1.9,12.5
0,Bronx County,2025-03-19T05:00,49,51.9,5.9,12.2
0,Bronx County,2025-03-19T06:00,37.4,47.1,25.9,16
0,Bronx County,2025-03-19T07:00,26.1,40.5,54.7,22.9
0,Bronx County,2025-03-19T08:00,24.2,39.5,62.9,24.6
0,Bronx County,2025-03-19T09:00,27.8,40.5,45.3,21.5
0,Bronx County,2025-03-19T10:00,29.8,41.6,39.3,20
0,Bronx County,2025-03-19T11:00,29.3,41,39.6,20.4
0,Bronx County,2025-03-19T12:00,27.9,40.3,44.2,21.4
0,Bronx County,2025-03-19T13:00,28,40.8,45.6,21.4
0,Bronx County,2025-03-19T14:00,24.6,40,61.9,24.2
0,Bronx County,2025-03-19T15:00,23,39.3,70.8,26
0,Bronx County,2025-03-19T16:00,22.3,39.3,75.7,26.8
0,Bronx County,2025-03-19T17:00,24.4,39.7,62.8,24.5
0,Bronx County,2025-03-19T18:00,30.1,41.5,37.9,19.9
0,Bronx County,2025-03-19T19:00,33.4,42.2,26.2,17.9
0,Bronx County,2025-03-19T20:00,35,42.4,21.1,17.1
0,Bronx County,2025-03-19T21:00,36.2,42.9,18.4,16.5
0,Bronx County,2025-03-19T22:00,36.4,42.7,17.3,16.4
0,Bronx County,2025-03-19T23:00,37.2,42.4,13.9,16.1
0,Bronx County,2025-03-20T00:00,36.9,41.7,13,16.2
0,Bronx County,2025-03-20T01:00,36.7,40.8,11,16.3
0,Bronx County,2025-03-20T02:00,38,40.6,7,15.7
0,Bronx County,2025-03-20T03:00,41.8,44.1,5.4,14.3
0,Bronx County,2025-03-20T04:00,47.2,49,3.7,12.6
0,Bronx County,2025-03-20T05:00,47.3,51.6,9.1,12.6
0,Bronx County,2025-03-20T06:00,35.1,46.4,32.4,17
0,Bronx County,2025-03-20T07:00,25,40.2,60.5,23.9
0,Bronx County,2025-03-20T08:00,23.1,39,68.6,25.9
0,Bronx County,2025-03-20T09:00,26.5,40.1,51.2,22.5
0,Bronx County,2025-03-20T10:00,28.2,41.2,46,21.2
0,Bronx County,2025-03-20T11:00,29,41.4,42.5,20.6
0,Bronx County,2025-03-20T12:00,28.5,40.8,43.3,21
0,Bronx County,2025-03-20T13:00,28.2,40.9,44.8,21.2
0,Bronx County,2025-03-20T14:00,24.6,40,62.3,24.3
0,Bronx County,2025-03-20T15:00,22.9,39.3,71.3,26.1
0,Bronx County,2025-03-20T16:00,23.1,39.2,69.4,25.8
0,Bronx County,2025-03-20T17:00,24.1,39.6,64.1,24.8
0,Bronx County,2025-03-20T18:00,28.6,41.2,43.6,20.9
0,Bronx County,2025-03-20T19:00,33.8,42.5,26,17.7
0,Bronx County,2025-03-20T20:00,34.6,42.8,23.6,17.3
0,Bronx County,2025-03-20T21:00,33.4,42.6,27.4,17.9
0,Bronx County,2025-03-20T22:00,35,43.3,23.6,17.1
0,Bronx County,2025-03-20T23:00,36.3,43.3,19.3,16.5
0,Bronx County,2025-03-21T00:00,35.9,42.4,18,16.7
0,Bronx County,2025-03-21T01:00,36.8,41.6,13.1,16.2
0,Bronx County,2025-03-21T02:00,39.7,43.2,8.6,15
0,Bronx County,2025-03-21T03:00,42.9,45.4,5.8,13.9
0,Bronx County,2025-03-21T04:00,46.2,48.1,4.1,12.9
0,Bronx County,2025-03-21T05:00,47.2,51,8,12.6
0,Bronx County,2025-03-21T06:00,35.6,46.5,30.3,16.8
0,Bronx County,2025-03-21T07:00,26.1,39.9,52.7,22.9
0,Bronx County,2025-03-21T08:00,24.9,39.2,57.2,24
0,Bronx County,2025-03-21T09:00,28.3,40.4,42.7,21.1
0,Bronx County,2025-03-21T10:00,28.2,40.7,44,21.2
0,Bronx County,2025-03-21T11:00,27.8,41.2,47.8,21.5
0,Bronx County,2025-03-21T12:00,27.5,40.8,48.2,21.7
0,Bronx County,2025-03-21T13:00,27.6,41,48.3,21.7
0,Bronx County,2025-03-21T14:00,23.5,40,69.8,25.4
0,Bronx County,2025-03-21T15:00,21,38.6,83.7,28.5
0,Bronx County,2025-03-21T16:00,22.1,39.1,77.2,27.1
0,Bronx County,2025-03-21T17:00,23.6,39.7,67.9,25.3
0,Bronx County,2025-03-21T18:00,26.6,40.7,52.8,22.4
0,Bronx County,2025-03-21T19:00,30.7,42.3,37.9,19.5
0,Bronx County,2025-03-21T20:00,32.6,42.2,29.6,18.4
0,Bronx County,2025-03-21T21:00,34.5,42.2,22.3,17.3
0,Bronx County,2025-03-21T22:00,33.6,41.9,24.4,17.8
0,Bronx County,2025-03-21T23:00,34.5,41.8,21.2,17.3
0,Bronx County,2025-03-22T00:00,36.6,41.8,14.1,16.3
0,Bronx County,2025-03-22T01:00,36.5,40.6,11.2,16.3
0,Bronx County,2025-03-22T02:00,37.2,40.6,9.1,16.1
0,Bronx County,2025-03-22T03:00,38.5,41.3,7.3,15.5
0,Bronx County,2025-03-22T04:00,39.4,42.6,8.1,15.2
0,Bronx County,2025-03-22T05:00,41.9,45.7,8.9,14.2
0,Bronx County,2025-03-22T06:00,43.3,47.4,9.2,13.8
0,Bronx County,2025-03-22T07:00,40.8,46.9,14.8,14.6
0,Bronx County,2025-03-22T08:00,39.8,46.3,16.4,15
0,Bronx County,2025-03-22T09:00,39,46.5,18.9,15.3
0,Bronx County,2025-03-22T10:00,36.7,46.4,26.4,16.3
0,Bronx County,2025-03-22T11:00,35.1,45.9,30.6,17
0,Bronx County,2025-03-22T12:00,32.3,44.9,39,18.5
0,Bronx County,2025-03-22T13:00,31.3,44.1,41,19.1
0,Bronx County,2025-03-22T14:00,31.1,44,41.4,19.2
0,Bronx County,2025-03-22T15:00,29.5,43.5,47.2,20.2
0,Bronx County,2025-03-22T16:00,29.9,43.6,45.6,20
0,Bronx County,2025-03-22T17:00,30.6,44,43.5,19.5
0,Bronx County,2025-03-22T18:00,30.8,43.8,42.4,19.4
0,Bronx County,2025-03-22T19:00,32.8,43.8,33.5,18.2
0,Bronx County,2025-03-22T20:00,32.9,42.9,30.3,18.2
0,Bronx County,2025-03-22T21:00,34.6,43.3,25,17.3
0,Bronx County,2025-03-22T22:00,37.1,44,18.4,16.1
0,Bronx County,2025-03-22T23:00,39.1,44.5,13.8,15.3
0,Bronx County,2025-03-23T00:00,38.7,43.2,11.5,15.4
0,Bronx County,2025-03-23T01:00,38.4,41.8,8.7,15.6
0,Bronx County,2025-03-23T02:00,38.2,41,7.3,15.6
0,Bronx County,2025-03-23T03:00,39.5,41.8,5.7,15.1
0,Bronx County,2025-03-23T04:00,40.3,42.1,4.5,14.8
0,Bronx County,2025-03-23T05:00,43.4,44.8,3.1,13.8
0,Bronx County,2025-03-23T06:00,45.5,46.6,2.4,13.1
0,Bronx County,2025-03-23T07:00,45.9,47.6,3.7,13
0,Bronx County,2025-03-23T08:00,45.8,48.4,5.7,13
0,Bronx County,2025-03-23T09:00,45.3,49.2,8.7,13.2
0,Bronx County,2025-03-23T10:00,42.6,49,15,14
0,Bronx County,2025-03-23T11:00,39.9,48.7,21.9,15
0,Bronx County,2025-03-23T12:00,37.9,47.8,26,15.8
0,Bronx County,2025-03-23T13:00,36.1,47.2,30.5,16.5
0,Bronx County,2025-03-23T14:00,33.6,46.3,37.7,17.8
0,Bronx County,2025-03-23T15:00,33.2,46.1,38.8,18
0,Bronx County,2025-03-23T16:00,32.6,45.8,40.1,18.3
0,Bronx County,2025-03-23T17:00,33.7,45.5,35.1,17.7
0,Bronx County,2025-03-23T18:00,34.4,45.8,33,17.3
0,Bronx County,2025-03-23T19:00,35.4,45.3,28.1,16.9
0,Bronx County,2025-03-23T20:00,36.5,44.7,22.4,16.4
0,Bronx County,2025-03-23T21:00,37.8,44.9,18.7,15.8
0,Bronx County,2025-03-23T22:00,39.4,44.4,12.7,15.2
0,Bronx County,2025-03-23T23:00,39.4,43.1,9.4,15.1
0,Bronx County,2025-03-24T00:00,39.1,42,7.2,15.3
0,Bronx County,2025-03-24T01:00,38,40.4,6.3,15.7
0,Bronx County,2025-03-24T02:00,38.3,40.2,5.1,15.6
0,Bronx County,2025-03-24T03:00,41.2,43.1,4.6,14.5
0,Bronx County,2025-03-24T04:00,45.3,47.5,4.8,13.2
0,Bronx County,2025-03-24T05:00,46.5,51.4,10.4,12.8
0,Bronx County,2025-03-24T06:00,33.6,46.5,38.4,17.8
0,Bronx County,2025-03-24T07:00,24.7,40.3,62.7,24.2
0,Bronx County,2025-03-24T08:00,23.2,39,67.8,25.8
0,Bronx County,2025-03-24T09:00,26.6,40.1,50.9,22.5
0,Bronx County,2025-03-24T10:00,27.7,40.7,46.8,21.6
0,Bronx County,2025-03-24T11:00,27.1,40.4,48.7,22
0,Bronx County,2025-03-24T12:00,28,40.8,45.6,21.3
0,Bronx County,2025-03-24T13:00,26.7,40.1,49.9,22.4
0,Bronx County,2025-03-24T14:00,24.2,39,61.1,24.7
0,Bronx County,2025-03-24T15:00,22.4,38.7,72.5,26.7
0,Bronx County,2025-03-24T16:00,21.2,38.3,80.9,28.2
0,Bronx County,2025-03-24T17:00,23.1,39,68.9,25.9
0,Bronx County,2025-03-24T18:00,29.4,41.4,40.9,20.3
0,Bronx County,2025-03-24T19:00,34.5,42.5,22.9,17.3
0,Bronx County,2025-03-24T20:00,35.9,42.5,18.2,16.6
0,Bronx County,2025-03-24T21:00,37.7,43.1,14.1,15.8
0,Bronx County,2025-03-24T22:00,37.7,42.9,13.9,15.9
0,Bronx County,2025-03-24T23:00,38,42.4,11.5,15.7
0,Bronx County,2025-03-25T00:00,38.3,41.9,9.1,15.6
0,Bronx County,2025-03-25T01:00,37.4,40.4,7.9,16
0,Bronx County,2025-03-25T02:00,38.5,40.7,5.6,15.5
0,Bronx County,2025-03-25T03:00,43.1,44.7,3.7,13.9
0,Bronx County,2025-03-25T04:00,47.6,48.3,1.3,12.5
0,Bronx County,2025-03-25T05:00,48.1,51.4,6.8,12.4
0,Bronx County,2025-03-25T06:00,36.6,46.6,27.1,16.3
0,Bronx County,2025-03-25T07:00,25.6,40.2,56.6,23.3
0,Bronx County,2025-03-25T08:00,23.5,39.1,65.9,25.4
0,Bronx County,2025-03-25T09:00,26.4,40.1,51.8,22.6
0,Bronx County,2025-03-25T10:00,28.5,40.9,43.4,21
0,Bronx County,2025-03-25T11:00,27.7,40.4,45.4,21.5
0,Bronx County,2025-03-25T12:00,27.5,40,45.3,21.7
0,Bronx County,2025-03-25T13:00,26.4,39.5,49.6,22.6
0,Bronx County,2025-03-25T14:00,24.1,39.2,62.5,24.8
0,Bronx County,2025-03-25T15:00,22.1,38.7,74.7,27
0,Bronx County,2025-03-25T16:00,21.6,38.6,78,27.6
0,Bronx County,2025-03-25T17:00,22,38.3,74,27.2
0,Bronx County,2025-03-25T18:00,28.2,40.6,43.8,21.2
0,Bronx County,2025-03-25T19:00,33,42.1,27.4,18.1
0,Bronx County,2025-03-25T20:00,34.2,41.9,22.2,17.4
0,Bronx County,2025-03-25T21:00,37.2,43,15.4,16
0,Bronx County,2025-03-25T22:00,36.8,43.3,17.5,16.2
0,Bronx County,2025-03-25T23:00,37,42,13.5,16.1
0,Bronx County,2025-03-26T00:00,35.3,40.4,14.5,16.9
0,Bronx County,2025-03-26T01:00,36.4,39.7,9,16.4
0,Bronx County,2025-03-26T02:00,38,40.5,6.7,15.7
0,Bronx County,2025-03-26T03:00,42.2,43.8,3.7,14.1
0,Bronx County,2025-03-26T04:00,47.6,48.5,1.7,12.5
0,Bronx County,2025-03-26T05:00,48.3,51.7,6.9,12.4
0,Bronx County,2025-03-26T06:00,36.9,46.8,26.8,16.2
0,Bronx County,2025-03-26T07:00,27.1,40.7,50,22
0,Bronx County,2025-03-26T08:00,25.8,39.8,54.3,23.2
0,Bronx County,2025-03-26T09:00,29.1,40.8,40.3,20.5
0,Bronx County,2025-03-26T10:00,29.6,41.3,39.5,20.2
0,Bronx County,2025-03-26T11:00,29.5,41,38.9,20.2
0,Bronx County,2025-03-26T12:00,28.5,40.4,41.8,21
0,Bronx County,2025-03-26T13:00,27.2,40.1,47.4,22
0,Bronx County,2025-03-26T14:00,22,39.1,77.1,27.1
0,Bronx County,2025-03-26T15:00,19.1,37.6,96.2,31.2
0,Bronx County,2025-03-26T16:00,20.6,38.6,86.7,29
0,Bronx County,2025-03-26T17:00,22.1,38.9,75.7,27
0,Bronx County,2025-03-26T18:00,27.3,40.7,48.7,21.8
0,Bronx County,2025-03-26T19:00,32.6,42.1,29,18.3
0,Bronx County,2025-03-26T20:00,34.3,42.2,23,17.4
0,Bronx County,2025-03-26T21:00,37.2,43.1,15.7,16
0,Bronx County,2025-03-26T22:00,38.3,44.2,15.2,15.6
0,Bronx County,2025-03-26T23:00,37.9,42.9,12.9,15.7
0,Bronx County,2025-03-27T00:00,38,41.5,9.3,15.7
0,Bronx County,2025-03-27T01:00,37.4,40.9,9.1,16
0,Bronx County,2025-03-27T02:00,37.8,40.5,7,15.8
0,Bronx County,2025-03-27T03:00,41.9,44,5.1,14.3
0,Bronx County,2025-03-27T04:00,48.2,49.3,2.2,12.4
0,Bronx County,2025-03-27T05:00,48.7,51.8,6.4,12.3
0,Bronx County,2025-03-27T06:00,37,46.7,26.2,16.1
0,Bronx County,2025-03-27T07:00,26.8,40.5,50.7,22.3
0,Bronx County,2025-03-27T08:00,24.2,39.2,61.5,24.6
0,Bronx County,2025-03-27T09:00,27.1,40.3,48.5,22.1
0,Bronx County,2025-03-27T10:00,28.4,41.1,44.6,21
0,Bronx County,2025-03-27T11:00,27.7,40.3,45.4,21.6
0,Bronx County,2025-03-27T12:00,26.3,39.9,51.7,22.8
0,Bronx County,2025-03-27T13:00,24.7,39.8,60.6,24.1
0,Bronx County,2025-03-27T14:00,22.6,39,72,26.4
0,Bronx County,2025-03-27T15:00,20.9,38.8,84.9,28.5
0,Bronx County,2025-03-27T16:00,21.9,39.2,79.1,27.3
0,Bronx County,2025-03-27T17:00,22.5,39.4,74.9,26.6
0,Bronx County,2025-03-27T18:00,25.2,40.4,60.2,23.7
0,Bronx County,2025-03-27T19:00,27.8,41.7,49.9,21.5
0,Bronx County,2025-03-27T20:00,31.7,42.2,33.3,18.9
0,Bronx County,2025-03-27T21:00,36,43,19.5,16.6
0,Bronx County,2025-03-27T22:00,37,43.6,17.5,16.1
0,Bronx County,2025-03-27T23:00,37.4,43.4,16,16
0,Bronx County,2025-03-28T00:00,38.3,42.6,11.1,15.6
0,Bronx County,2025-03-28T01:00,39.4,42.4,7.7,15.2
0,Bronx County,2025-03-28T02:00,39.4,42.1,6.6,15.1
0,Bronx County,2025-03-28T03:00,42.2,43.9,4.1,14.1
0,Bronx County,2025-03-28T04:00,47.3,48.4,2.1,12.6
0,Bronx County,2025-03-28T05:00,47.7,50.8,6.4,12.5
0,Bronx County,2025-03-28T06:00,35.5,46,29.3,16.8
0,Bronx County,2025-03-28T07:00,28.2,40.8,44.6,21.2
0,Bronx County,2025-03-28T08:00,26.5,39.9,50.4,22.6
0,Bronx County,2025-03-28T09:00,28.4,40.6,42.7,21
0,Bronx County,2025-03-28T10:00,28.4,40.8,43.4,21
0,Bronx County,2025-03-28T11:00,27.6,41,48.2,21.6
0,Bronx County,2025-03-28T12:00,26.3,40.8,54.9,22.7
0,Bronx County,2025-03-28T13:00,25.8,40.9,58.6,23.2
0,Bronx County,2025-03-28T14:00,23.4,40.3,71.6,25.5
0,Bronx County,2025-03-28T15:00,21.1,39.3,86.3,28.4
0,Bronx County,2025-03-28T16:00,21.4,39.4,84,27.9
0,Bronx County,2025-03-28T17:00,23.3,40.3,72.8,25.7
0,Bronx County,2025-03-28T18:00,25.7,40.7,57.8,23.2
0,Bronx County,2025-03-28T19:00,30.9,42.5,37.4,19.4
0,Bronx County,2025-03-28T20:00,30.9,41.7,34.9,19.3
0,Bronx County,2025-03-28T21:00,32.6,42,28.8,18.3
0,Bronx County,2025-03-28T22:00,34.3,42.5,23.9,17.4
0,Bronx County,2025-03-28T23:00,35.5,42.1,18.6,16.8
0,Bronx County,2025-03-29T00:00,36.1,41.5,14.9,16.5
0,Bronx County,2025-03-29T01:00,36.7,41,11.6,16.3
0,Bronx County,2025-03-29T02:00,36.4,40.4,10.9,16.4
0,Bronx County,2025-03-29T03:00,37.7,41,8.8,15.8
0,Bronx County,2025-03-29T04:00,37.9,42.2,11.1,15.8
0,Bronx County,2025-03-29T05:00,44.6,46.5,4.2,13.4
0,Bronx County,2025-03-29T06:00,45.4,48.2,6,13.1
0,Bronx County,2025-03-29T07:00,43.6,48.1,10.1,13.7
0,Bronx County,2025-03-29T08:00,40.4,47.2,16.6,14.8
0,Bronx County,2025-03-29T09:00,38.7,47.1,21.5,15.4
0,Bronx County,2025-03-29T10:00,36.1,46.3,28.1,16.5
0,Bronx County,2025-03-29T11:00,33.1,45.7,38.1,18.1
0,Bronx County,2025-03-29T12:00,29.1,44.1,51.2,20.5
0,Bronx County,2025-03-29T13:00,28.7,43.5,51.1,20.8
0,Bronx County,2025-03-29T14:00,27.5,43.3,57.4,21.8
0,Bronx County,2025-03-29T15:00,26.6,42.9,61.5,22.5
0,Bronx County,2025-03-29T16:00,25.2,43,70.8,23.7
0,Bronx County,2025-03-29T17:00,24.8,42.4,70.9,24.1
0,Bronx County,2025-03-29T18:00,26.1,42.4,62.1,22.9
0,Bronx County,2025-03-29T19:00,29.7,43.3,45.8,20.1
0,Bronx County,2025-03-29T20:00,32.5,42.5,30.6,18.4
0,Bronx County,2025-03-29T21:00,33.7,42.9,27.1,17.7
0,Bronx County,2025-03-29T22:00,35.9,43.6,21.4,16.6
0,Bronx County,2025-03-29T23:00,37.9,43.8,15.4,15.7
0,Bronx County,2025-03-30T00:00,37.8,43.1,13.9,15.8
0,Bronx County,2025-03-30T01:00,38.3,42.1,9.6,15.6
0,Bronx County,2025-03-30T02:00,38,41.2,8.3,15.7
0,Bronx County,2025-03-30T03:00,39.4,42,6.5,15.2
0,Bronx County,2025-03-30T04:00,40.3,42.2,4.6,14.8
0,Bronx County,2025-03-30T05:00,43.5,44.8,2.8,13.7
0,Bronx County,2025-03-30T06:00,46.3,47.1,1.7,12.9
0,Bronx County,2025-03-30T07:00,45.4,47,3.5,13.1
0,Bronx County,2025-03-30T08:00,43.6,46.7,7.2,13.7
0,Bronx County,2025-03-30T09:00,43.3,47.7,10,13.8
0,Bronx County,2025-03-30T10:00,41.6,48.1,15.4,14.3
0,Bronx County,2025-03-30T11:00,38.4,48,24.9,15.6
0,Bronx County,2025-03-30T12:00,36.7,47.4,29,16.3
0,Bronx County,2025-03-30T13:00,35.1,46.7,33.1,17
0,Bronx County,2025-03-30T14:00,34.6,46.3,33.7,17.3
0,Bronx County,2025-03-30T15:00,33.5,46.5,38.7,17.8
0,Bronx County,2025-03-30T16:00,32.1,46.2,43.8,18.6
0,Bronx County,2025-03-30T17:00,33.5,46,37.1,17.8
0,Bronx County,2025-03-30T18:00,36.4,45.5,24.8,16.4
0,Bronx County,2025-03-30T19:00,36.4,45.2,24.2,16.4
0,Bronx County,2025-03-30T20:00,36.3,44.7,23.1,16.5
0,Bronx County,2025-03-30T21:00,37.2,44.7,20.1,16.1
0,Bronx County,2025-03-30T22:00,35.6,43.6,22.2,16.8
0,Bronx County,2025-03-30T23:00,37,42.6,15,16.1
0,Bronx County,2025-03-31T00:00,37.8,41.9,10.8,15.8
0,Bronx County,2025-03-31T01:00,38.6,41.6,7.7,15.5
0,Bronx County,2025-03-31T02:00,38.8,41.3,6.4,15.4
0,Bronx County,2025-03-31T03:00,42.5,44.1,3.7,14.1
0,Bronx County,2025-03-31T04:00,46.7,48.3,3.3,12.8
0,Bronx County,2025-03-31T05:00,49.8,52.7,5.7,12
0,Bronx County,2025-03-31T06:00,40.8,49.5,21.3,14.7
0,Bronx County,2025-03-31T07:00,35.6,45,26.2,16.8
0,Bronx County,2025-03-31T08:00,34.8,43.5,24.8,17.1
0,Bronx County,2025-03-31T09:00,33.8,43.1,27.3,17.7
0,Bronx County,2025-03-31T10:00,33,42.8,29.6,18.1
0,Bronx County,2025-03-31T11:00,30.8,42,36.2,19.4
0,Bronx County,2025-03-31T12:00,29.9,41.5,38.7,20
0,Bronx County,2025-03-31T13:00,28.2,41,45,21.2
0,Bronx County,2025-03-31T14:00,28.6,41.1,43.4,20.9
0,Bronx County,2025-03-31T15:00,28.9,41.6,43.7,20.7
0,Bronx County,2025-03-31T16:00,28.3,41.2,45.3,21.1
0,Bronx County,2025-03-31T17:00,26.4,40.4,53.1,22.7
0,Bronx County,2025-03-31T18:00,28.2,40.9,44.9,21.2
0,Bronx County,2025-03-31T19:00,31.7,42,32.4,18.8
0,Bronx County,2025-03-31T20:00,34.8,42.2,21.3,17.2
0,Bronx County,2025-03-31T21:00,34.5,42.2,22.4,17.3
0,Bronx County,2025-03-31T22:00,35.2,42.3,19.9,17
0,Bronx County,2025-03-31T23:00,36,41.3,14.7,16.6
0,Bronx County,2025-04-01T00:00,36.3,41,13,16.5
0,Bronx County,2025-04-01T01:00,35.7,40.2,12.6,16.8
0,Bronx County,2025-04-01T02:00,38.4,42.1,9.6,15.6
0,Bronx County,2025-04-01T03:00,41.7,44.6,6.9,14.3
0,Bronx County,2025-04-01T04:00,46.9,48.9,4,12.7
0,Bronx County,2025-04-01T05:00,47.7,51.6,8,12.5
0,Bronx County,2025-04-01T06:00,36.5,47.2,29.2,16.4
0,Bronx County,2025-04-01T07:00,26.6,40.9,53.6,22.5
0,Bronx County,2025-04-01T08:00,24.2,39.3,62.2,24.7
0,Bronx County,2025-04-01T09:00,27.8,40.6,45.9,21.5
0,Bronx County,2025-04-01T10:00,28.8,40.9,41.9,20.8
0,Bronx County,2025-04-01T11:00,28.1,40.1,42.7,21.3
0,Bronx County,2025-04-01T12:00,27.8,40.4,45.3,21.5
0,Bronx County,2025-04-01T13:00,27.9,40.3,44.3,21.4
0,Bronx County,2025-04-01T14:00,25.3,39.8,57.4,23.7
0,Bronx County,2025-04-01T15:00,24,39.8,65.6,24.9
0,Bronx County,2025-04-01T16:00,23.7,39.4,66.3,25.2
0,Bronx County,2025-04-01T17:00,23.5,39.2,66.5,25.4
0,Bronx County,2025-04-01T18:00,27,40.7,50.9,22.2
0,Bronx County,2025-04-01T19:00,31.8,41.2,29.6,18.8
0,Bronx County,2025-04-01T20:00,34.3,41.8,21.8,17.4
0,Bronx County,2025-04-01T21:00,36.7,43,17,16.3
0,Bronx County,2025-04-01T22:00,38.2,44,15,15.6
0,Bronx County,2025-04-01T23:00,37.3,42.5,13.6,16
0,Bronx County,2025-04-02T00:00,38.1,41.6,9.1,15.7
0,Bronx County,2025-04-02T01:00,38.2,40.8,6.9,15.6
0,Bronx County,2025-04-02T02:00,39,41.2,5.7,15.3
0,Bronx County,2025-04-02T03:00,42.3,44.1,4.2,14.1
0,Bronx County,2025-04-02T04:00,47.6,48.6,2.1,12.5
0,Bronx County,2025-04-02T05:00,47.4,51.5,8.6,12.6
0,Bronx County,2025-04-02T06:00,36.9,46.9,27,16.2
0,Bronx County,2025-04-02T07:00,27,40.8,50.8,22.1
0,Bronx County,2025-04-02T08:00,24.9,39.6,58.7,24
0,Bronx County,2025-04-02T09:00,28.9,41,41.8,20.7
0,Bronx County,2025-04-02T10:00,30.2,41.4,37.2,19.8
0,Bronx County,2025-04-02T11:00,29.1,41,40.8,20.5
0,Bronx County,2025-04-02T12:00,28.7,40.5,41,20.8
0,Bronx County,2025-04-02T13:00,28.5,40.4,41.8,21
0,Bronx County,2025-04-02T14:00,25.7,40.3,56.9,23.3
0,Bronx County,2025-04-02T15:00,23.8,39.7,66.2,25.1
0,Bronx County,2025-04-02T16:00,23.5,39.4,67.3,25.4
0,Bronx County,2025-04-02T17:00,25.3,39.9,57.7,23.6
0,Bronx County,2025-04-02T18:00,28.5,41.1,44.2,21
0,Bronx County,2025-04-02T19:00,31.6,41.6,31.7,18.9
0,Bronx County,2025-04-02T20:00,34.9,42.4,21.5,17.1
0,Bronx County,2025-04-02T21:00,36.9,43.4,17.7,16.2
0,Bronx County,2025-04-02T22:00,37.9,44,15.9,15.8
0,Bronx County,2025-04-02T23:00,37.6,42.5,12.9,15.9
0,Bronx County,2025-04-03T00:00,38.3,41.9,9.2,15.6
0,Bronx County,2025-04-03T01:00,37.9,40.7,7.2,15.7
0,Bronx County,2025-04-03T02:00,37.9,41,8.3,15.8
0,Bronx County,2025-04-03T03:00,41.1,44.2,7.6,14.5
0,Bronx County,2025-04-03T04:00,45.2,48.7,7.7,13.2
0,Bronx County,2025-04-03T05:00,44.7,50.9,13.8,13.3
0,Bronx County,2025-04-03T06:00,34.9,46.6,33.4,17.1
0,Bronx County,2025-04-03T07:00,24.8,40.2,62,24.1
0,Bronx County,2025-04-03T08:00,23,39.2,70.7,26
0,Bronx County,2025-04-03T09:00,26.4,40.4,52.7,22.6
0,Bronx County,2025-04-03T10:00,27.9,40.9,46.6,21.4
0,Bronx County,2025-04-03T11:00,27.1,40.1,47.6,22
0,Bronx County,2025-04-03T12:00,26.9,39.8,47.7,22.2
0,Bronx County,2025-04-03T13:00,27.6,40.7,47.1,21.6
0,Bronx County,2025-04-03T14:00,25.3,40.3,58.8,23.6
0,Bronx County,2025-04-03T15:00,23.6,39.8,68.2,25.3
0,Bronx County,2025-04-03T16:00,23.1,39.3,70,25.9
0,Bronx County,2025-04-03T17:00,22.6,39.2,73.1,26.4
0,Bronx County,2025-04-03T18:00,25.8,40.3,56,23.2
0,Bronx County,2025-04-03T19:00,30.1,41.1,36.3,19.9
0,Bronx County,2025-04-03T20:00,34,42.2,24.1,17.6
0,Bronx County,2025-04-03T21:00,36.4,43.5,19.4,16.4
0,Bronx County,2025-04-03T22:00,36.4,43.9,20.5,16.4
0,Bronx County,2025-04-03T23:00,37.6,43.1,14.6,15.9
0,Bronx County,2025-04-04T00:00,38,42,10.5,15.7
0,Bronx County,2025-04-04T01:00,38.4,41.5,8.1,15.6
0,Bronx County,2025-04-04T02:00,39.3,41.6,5.9,15.2
0,Bronx County,2025-04-04T03:00,42.7,44.4,4,14
0,Bronx County,2025-04-04T04:00,46.9,48.4,3.1,12.7
0,Bronx County,2025-04-04T05:00,45.4,50.8,11.7,13.1
0,Bronx County,2025-04-04T06:00,35.2,46.4,31.6,17
0,Bronx County,2025-04-04T07:00,26.3,40.5,53.8,22.7
0,Bronx County,2025-04-04T08:00,25.4,39.8,56.9,23.5
0,Bronx County,2025-04-04T09:00,29.4,41,39.5,20.3
0,Bronx County,2025-04-04T10:00,30,41.7,38.9,19.9
0,Bronx County,2025-04-04T11:00,29.4,41.6,41.7,20.3
0,Bronx County,2025-04-04T12:00,28.3,41.5,46.6,21.1
0,Bronx County,2025-04-04T13:00,24.6,40.9,66.1,24.3
0,Bronx County,2025-04-04T14:00,21.3,39.6,85.9,28.1
0,Bronx County,2025-04-04T15:00,19.2,38.5,100.1,31.1
0,Bronx County,2025-04-04T16:00,19.6,38.6,96.7,30.5
0,Bronx County,2025-04-04T17:00,21.9,39.4,79.5,27.3
0,Bronx County,2025-04-04T18:00,26.1,40.8,56.5,22.9
0,Bronx County,2025-04-04T19:00,29.7,42.2,42,20.1
0,Bronx County,2025-04-04T20:00,32.1,42.1,31.1,18.6
0,Bronx County,2025-04-04T21:00,34.4,42.2,22.7,17.4
0,Bronx County,2025-04-04T22:00,36,42.6,18.3,16.6
0,Bronx County,2025-04-04T23:00,34.6,41.4,19.5,17.3
0,Bronx County,2025-04-05T00:00,35.1,40.7,15.8,17
0,Bronx County,2025-04-05T01:00,36,40.4,12.1,16.6
0,Bronx County,2025-04-05T02:00,37.9,40.8,7.6,15.8
0,Bronx County,2025-04-05T03:00,39.1,41.3,5.7,15.3
0,Bronx County,2025-04-05T04:00,41.7,43.7,4.7,14.3
0,Bronx County,2025-04-05T05:00,45.9,47.4,3.1,13
0,Bronx County,2025-04-05T06:00,47.1,49.1,4.2,12.7
0,Bronx County,2025-04-05T07:00,41.3,47.7,15.5,14.5
0,Bronx County,2025-04-05T08:00,37.7,46,21.9,15.9
0,Bronx County,2025-04-05T09:00,34.6,45.3,30.7,17.2
0,Bronx County,2025-04-05T10:00,35.1,45.3,28.8,17
0,Bronx County,2025-04-05T11:00,33.3,45.4,36.1,17.9
0,Bronx County,2025-04-05T12:00,32.7,44.7,36.9,18.3
0,Bronx County,2025-04-05T13:00,31.2,44.3,41.9,19.2
0,Bronx County,2025-04-05T14:00,29.6,43.7,47.4,20.2
0,Bronx County,2025-04-05T15:00,29.5,43.5,47.5,20.3
0,Bronx County,2025-04-05T16:00,29.1,43.3,48.7,20.5
0,Bronx County,2025-04-05T17:00,28.3,43.3,53,21.1
0,Bronx County,2025-04-05T18:00,28.7,43.4,51.3,20.8
0,Bronx County,2025-04-05T19:00,31.7,43.6,37.4,18.8
0,Bronx County,2025-04-05T20:00,32.2,42.4,31.5,18.6
0,Bronx County,2025-04-05T21:00,34.9,42.7,22.2,17.1
0,Bronx County,2025-04-05T22:00,37.8,44.2,16.6,15.8
0,Bronx County,2025-04-05T23:00,39.2,44.6,13.7,15.2
0,Bronx County,2025-04-06T00:00,37.2,43,15.6,16.1
0,Bronx County,2025-04-06T01:00,34.6,41.3,19.2,17.3
0,Bronx County,2025-04-06T02:00,35,40.3,15,17.1
0,Bronx County,2025-04-06T03:00,37.9,41.3,9.1,15.8
0,Bronx County,2025-04-06T04:00,39.5,42.2,6.7,15.1
0,Bronx County,2025-04-06T05:00,43.3,45.2,4.2,13.8
0,Bronx County,2025-04-06T06:00,46,47.2,2.6,13
0,Bronx County,2025-04-06T07:00,46.1,48.4,4.9,13
0,Bronx County,2025-04-06T08:00,43.6,48,10.1,13.7
0,Bronx County,2025-04-06T09:00,44.9,49.5,10.2,13.3
0,Bronx County,2025-04-06T10:00,41.8,48.9,17,14.3
0,Bronx County,2025-04-06T11:00,40.8,48.9,19.6,14.6
0,Bronx County,2025-04-06T12:00,39.5,48.2,22,15.1
0,Bronx County,2025-04-06T13:00,36,47.1,30.7,16.6
0,Bronx County,2025-04-06T14:00,34.1,46.3,35.8,17.5
0,Bronx County,2025-04-06T15:00,34.4,45.8,32.9,17.4
0,Bronx County,2025-04-06T16:00,35.8,46.6,29.9,16.7
0,Bronx County,2025-04-06T17:00,34.7,46.8,34.6,17.2
0,Bronx County,2025-04-06T18:00,34.9,45.6,30.6,17.1
0,Bronx County,2025-04-06T19:00,36,44.8,24.5,16.6
0,Bronx County,2025-04-06T20:00,36.5,44.7,22.4,16.4
0,Bronx County,2025-04-06T21:00,37.6,44.3,17.7,15.9
0,Bronx County,2025-04-06T22:00,38.8,43.8,13,15.4
0,Bronx County,2025-04-06T23:00,39.3,42.9,9.1,15.2
0,Bronx County,2025-04-07T00:00,38.5,41.5,7.7,15.5
0,Bronx County,2025-04-07T01:00,38.5,40.7,5.8,15.5
0,Bronx County,2025-04-07T02:00,38.6,40.8,5.7,15.5
0,Bronx County,2025-04-07T03:00,40.9,43.3,5.8,14.6
0,Bronx County,2025-04-07T04:00,45.6,48.1,5.4,13.1
0,Bronx County,2025-04-07T05:00,47.2,51.5,9,12.6
0,Bronx County,2025-04-07T06:00,36,47,30.4,16.6
0,Bronx County,2025-04-07T07:00,25.1,40.5,60.8,23.8
0,Bronx County,2025-04-07T08:00,21.5,38.3,77.7,27.8
0,Bronx County,2025-04-07T09:00,24.9,39.9,60.2,24
0,Bronx County,2025-04-07T10:00,27.6,41,48.1,21.6
0,Bronx County,2025-04-07T11:00,27.5,40.6,47.1,21.7
0,Bronx County,2025-04-07T12:00,25.7,39.7,54.4,23.3
0,Bronx County,2025-04-07T13:00,26.2,39.6,51.1,22.8
0,Bronx County,2025-04-07T14:00,23.8,38.9,63.5,25.1
0,Bronx County,2025-04-07T15:00,21.9,38.5,75.6,27.3
0,Bronx County,2025-04-07T16:00,21.4,38.5,79.7,27.9
0,Bronx County,2025-04-07T17:00,21.6,38,75.9,27.7
0,Bronx County,2025-04-07T18:00,25.9,39.4,52.4,23.1
0,Bronx County,2025-04-07T19:00,31,40.9,31.9,19.3
0,Bronx County,2025-04-07T20:00,34,41.7,22.6,17.6
0,Bronx County,2025-04-07T21:00,37.5,42.8,14.2,15.9
0,Bronx County,2025-04-07T22:00,38.4,43.4,13,15.6
0,Bronx County,2025-04-07T23:00,38.6,42.3,9.7,15.5
0,Bronx County,2025-04-08T00:00,38.9,42,8,15.4
0,Bronx County,2025-04-08T01:00,37.9,40.5,6.6,15.7
0,Bronx County,2025-04-08T02:00,39.4,41.8,5.9,15.1
0,Bronx County,2025-04-08T03:00,43.2,44.8,3.7,13.8
0,Bronx County,2025-04-08T04:00,48.3,49.1,1.5,12.4
0,Bronx County,2025-04-08T05:00,48.1,51.5,7,12.4
0,Bronx County,2025-04-08T06:00,37.1,47,26.7,16.1
0,Bronx County,2025-04-08T07:00,26.4,40.7,54,22.6
0,Bronx County,2025-04-08T08:00,24.6,39.6,60.7,24.3
0,Bronx County,2025-04-08T09:00,27.9,40.5,45,21.4
0,Bronx County,2025-04-08T10:00,30.4,41.4,35.8,19.6
0,Bronx County,2025-04-08T11:00,30.3,41.3,36.4,19.7
0,Bronx County,2025-04-08T12:00,29.4,40.7,38.6,20.4
0,Bronx County,2025-04-08T13:00,28.3,40.6,43.2,21.1
0,Bronx County,2025-04-08T14:00,27,40.7,50.8,22.2
0,Bronx County,2025-04-08T15:00,24.5,40.1,63.7,24.4
0,Bronx County,2025-04-08T16:00,23.8,39.3,65,25.1
0,Bronx County,2025-04-08T17:00,25,39.7,58.5,23.9
0,Bronx County,2025-04-08T18:00,28.9,40.9,41.3,20.7
0,Bronx County,2025-04-08T19:00,33,41.5,25.9,18.1
0,Bronx County,2025-04-08T20:00,34.6,41.8,20.8,17.3
0,Bronx County,2025-04-08T21:00,36.4,43.1,18.5,16.4
0,Bronx County,2025-04-08T22:00,36.2,42.7,17.9,16.5
0,Bronx County,2025-04-08T23:00,36.2,42.1,16.4,16.5
0,Bronx County,2025-04-09T00:00,38.2,42,9.9,15.7
0,Bronx County,2025-04-09T01:00,37.7,40.8,8.2,15.9
0,Bronx County,2025-04-09T02:00,38.4,41.3,7.6,15.6
0,Bronx County,2025-04-09T03:00,42.4,44.9,5.7,14.1
0,Bronx County,2025-04-09T04:00,49.4,50.2,1.5,12.1
0,Bronx County,2025-04-09T05:00,48.6,52,7,12.3
0,Bronx County,2025-04-09T06:00,37.1,47.5,27.9,16.1
0,Bronx County,2025-04-09T07:00,26.3,40.8,55,22.7
0,Bronx County,2025-04-09T08:00,24.3,39.5,62.3,24.6
0,Bronx County,2025-04-09T09:00,27.8,40.7,46,21.5
0,Bronx County,2025-04-09T10:00,29.1,41.2,41.3,20.5
0,Bronx County,2025-04-09T11:00,28.4,41.1,44.7,21.1
0,Bronx County,2025-04-09T12:00,27.9,40.5,44.8,21.4
0,Bronx County,2025-04-09T13:00,28,40.8,45.3,21.3
0,Bronx County,2025-04-09T14:00,25,40.1,60.4,23.9
0,Bronx County,2025-04-09T15:00,23.8,39.9,67.3,25.1
0,Bronx County,2025-04-09T16:00,23.7,39.4,66.3,25.2
0,Bronx County,2025-04-09T17:00,23.8,39.6,66.4,25.1
0,Bronx County,2025-04-09T18:00,27.1,40.9,50.5,22
0,Bronx County,2025-04-09T19:00,31.7,41.5,31,18.8
0,Bronx County,2025-04-09T20:00,34.2,42.4,23.7,17.5
0,Bronx County,2025-04-09T21:00,36.8,43.3,17.7,16.2
0,Bronx County,2025-04-09T22:00,36.7,43.5,18.5,16.3
0,Bronx County,2025-04-09T23:00,36.3,42.4,16.9,16.5
0,Bronx County,2025-04-10T00:00,37.8,41.9,10.5,15.8
0,Bronx County,2025-04-10T01:00,38,40.9,7.5,15.7
0,Bronx County,2025-04-10T02:00,38.5,41,6.6,15.5
0,Bronx County,2025-04-10T03:00,43.1,45,4.2,13.9
0,Bronx County,2025-04-10T04:00,49.1,50.2,2.2,12.2
0,Bronx County,2025-04-10T05:00,48.5,52.2,7.5,12.3
0,Bronx County,2025-04-10T06:00,38.2,47.4,24,15.6
0,Bronx County,2025-04-10T07:00,27.2,40.8,49.9,22
0,Bronx County,2025-04-10T08:00,25.5,39.6,54.8,23.4
0,Bronx County,2025-04-10T09:00,28.9,40.9,41.6,20.7
0,Bronx County,2025-04-10T10:00,29.7,41.4,39.6,20.1
0,Bronx County,2025-04-10T11:00,29.2,41.2,40.9,20.5
0,Bronx County,2025-04-10T12:00,29.1,40.8,40,20.5
0,Bronx County,2025-04-10T13:00,27.8,40.9,47.1,21.5
0,Bronx County,2025-04-10T14:00,24.7,40.2,62.4,24.2
0,Bronx County,2025-04-10T15:00,22.6,39.5,74.6,26.4
0,Bronx County,2025-04-10T16:00,22.4,39.1,74.2,26.6
0,Bronx County,2025-04-10T17:00,22,39,76.9,27.2
0,Bronx County,2025-04-10T18:00,26.1,40.9,56.7,22.9
0,Bronx County,2025-04-10T19:00,31.5,42.4,34.6,19
0,Bronx County,2025-04-10T20:00,35.1,42.9,21.9,17
0,Bronx County,2025-04-10T21:00,37.9,44.5,17.3,15.7
0,Bronx County,2025-04-10T22:00,37.8,44,16.6,15.8
0,Bronx County,2025-04-10T23:00,38.5,43.3,12.6,15.5
0,Bronx County,2025-04-11T00:00,39,43,10.1,15.3
0,Bronx County,2025-04-11T01:00,39.1,42.2,7.8,15.3
0,Bronx County,2025-04-11T02:00,39.8,42.1,5.8,15
0,Bronx County,2025-04-11T03:00,43.5,45.4,4.3,13.7
0,Bronx County,2025-04-11T04:00,47.2,49.8,5.5,12.7
0,Bronx County,2025-04-11T05:00,47.2,51.6,9.3,12.7
0,Bronx County,2025-04-11T06:00,36.3,46.8,28.8,16.5
0,Bronx County,2025-04-11T07:00,27.2,40.7,49.6,22
0,Bronx County,2025-04-11T08:00,26.5,39.5,49.1,22.6
0,Bronx County,2025-04-11T09:00,30.3,41.1,35.2,19.7
0,Bronx County,2025-04-11T10:00,30.2,41.5,37.1,19.8
0,Bronx County,2025-04-11T11:00,29,41.6,43.5,20.6
0,Bronx County,2025-04-11T12:00,28.4,41.5,46.2,21.1
0,Bronx County,2025-04-11T13:00,26.3,41.2,56.6,22.7
0,Bronx County,2025-04-11T14:00,22.8,40,75.1,26.2
0,Bronx County,2025-04-11T15:00,21.3,39.8,86.8,28.1
0,Bronx County,2025-04-11T16:00,21.6,39.8,84.4,27.7
0,Bronx County,2025-04-11T17:00,22.7,39.9,75.3,26.3
0,Bronx County,2025-04-11T18:00,23.6,40.1,69.6,25.3
0,Bronx County,2025-04-11T19:00,27.3,41.5,52,21.9
0,Bronx County,2025-04-11T20:00,29.8,42.2,41.7,20.1
0,Bronx County,2025-04-11T21:00,32.1,42.1,31,18.6
0,Bronx County,2025-04-11T22:00,34.1,42.6,25.1,17.5
0,Bronx County,2025-04-11T23:00,35,43,22.6,17.1
0,Bronx County,2025-04-12T00:00,35.2,42,19.3,17
0,Bronx County,2025-04-12T01:00,35.8,41.6,16.1,16.7
0,Bronx County,2025-04-12T02:00,37.1,41.6,12.2,16.1
0,Bronx County,2025-04-12T03:00,39.5,43.5,10.1,15.1
0,Bronx County,2025-04-12T04:00,42.7,46.4,8.7,14
0,Bronx County,2025-04-12T05:00,45.2,49.1,8.6,13.2
0,Bronx County,2025-04-12T06:00,46.2,49.7,7.4,12.9
0,Bronx County,2025-04-12T07:00,42.6,48.3,13.3,14
0,Bronx County,2025-04-12T08:00,40.2,47.8,19,14.9
0,Bronx County,2025-04-12T09:00,38.6,46.7,20.8,15.5
0,Bronx County,2025-04-12T10:00,36.3,46.6,28.2,16.5
0,Bronx County,2025-04-12T11:00,33.7,46.3,37.2,17.7
0,Bronx County,2025-04-12T12:00,32.6,45.6,39.8,18.3
0,Bronx County,2025-04-12T13:00,30.9,45,45.2,19.3
0,Bronx County,2025-04-12T14:00,27.2,43.5,59.5,22
0,Bronx County,2025-04-12T15:00,26.1,42.9,64.4,22.9
0,Bronx County,2025-04-12T16:00,26.1,43.4,65.9,22.9
0,Bronx County,2025-04-12T17:00,26.5,43,62.2,22.6
0,Bronx County,2025-04-12T18:00,28.6,43.1,50.3,20.9
0,Bronx County,2025-04-12T19:00,31.8,42.8,34.6,18.8
0,Bronx County,2025-04-12T20:00,33.7,44,30.3,17.7
0,Bronx County,2025-04-12T21:00,36.2,44.8,23.6,16.5
0,Bronx County,2025-04-12T22:00,37,45.2,22.1,16.2
0,Bronx County,2025-04-12T23:00,37.4,44.2,18.1,16
0,Bronx County,2025-04-13T00:00,38.1,42.7,11.9,15.7
0,Bronx County,2025-04-13T01:00,38.7,42.1,8.9,15.4
0,Bronx County,2025-04-13T02:00,38.8,41.7,7.3,15.4
0,Bronx County,2025-04-13T03:00,40.8,43,5.4,14.7
0,Bronx County,2025-04-13T04:00,41.8,44.1,5.5,14.3
0,Bronx County,2025-04-13T05:00,45.2,46.7,3.1,13.2
0,Bronx County,2025-04-13T06:00,47.4,48.2,1.7,12.6
0,Bronx County,2025-04-13T07:00,46.6,48.1,3.3,12.8
0,Bronx County,2025-04-13T08:00,45.7,48.4,5.7,13.1
0,Bronx County,2025-04-13T09:00,45.3,49.2,8.6,13.2
0,Bronx County,2025-04-13T10:00,42.4,48.7,14.8,14.1
0,Bronx County,2025-04-13T11:00,40.4,48.5,19.9,14.8
0,Bronx County,2025-04-13T12:00,38,48,26.2,15.7
0,Bronx County,2025-04-13T13:00,35.4,47.2,33.2,16.9
0,Bronx County,2025-04-13T14:00,33.2,46.4,39.6,18
0,Bronx County,2025-04-13T15:00,32.2,45.8,42.3,18.6
0,Bronx County,2025-04-13T16:00,33.2,46.3,39.3,18
0,Bronx County,2025-04-13T17:00,34,45.4,33.4,17.6
0,Bronx County,2025-04-13T18:00,36,45.1,25.3,16.6
0,Bronx County,2025-04-13T19:00,36.6,45.2,23.1,16.3
0,Bronx County,2025-04-13T20:00,37,45.7,23.3,16.1
0,Bronx County,2025-04-13T21:00,38.7,45.6,17.7,15.4
0,Bronx County,2025-04-13T22:00,39.2,44.7,14,15.2
0,Bronx County,2025-04-13T23:00,38.8,42.9,10.5,15.4
0,Bronx County,2025-04-14T00:00,38.6,41.9,8.7,15.5
0,Bronx County,2025-04-14T01:00,37.9,40.5,6.8,15.8
0,Bronx County,2025-04-14T02:00,38.6,40.7,5.5,15.5
0,Bronx County,2025-04-14T03:00,42.4,43.8,3.3,14.1
0,Bronx County,2025-04-14T04:00,48.3,49,1.3,12.4
0,Bronx County,2025-04-14T05:00,50.9,53.3,4.6,11.7
0,Bronx County,2025-04-14T06:00,44.6,50.2,12.4,13.4
0,Bronx County,2025-04-14T07:00,37.4,45.2,20.9,16
0,Bronx County,2025-04-14T08:00,34.5,43.6,26,17.3
0,Bronx County,2025-04-14T09:00,33.8,43.1,27.5,17.7
0,Bronx County,2025-04-14T10:00,31.4,43.7,39,19
0,Bronx County,2025-04-14T11:00,29.5,42.4,43.5,20.3
0,Bronx County,2025-04-14T12:00,28.5,41.7,46,21
0,Bronx County,2025-04-14T13:00,28.3,41.7,47.4,21.1
0,Bronx County,2025-04-14T14:00,27.6,41.7,50.8,21.6
0,Bronx County,2025-04-14T15:00,28.6,41.8,45.8,20.9
0,Bronx County,2025-04-14T16:00,28.4,41.4,45.5,21
0,Bronx County,2025-04-14T17:00,28.7,41.5,44.6,20.8
0,Bronx County,2025-04-14T18:00,31.7,42.4,33.8,18.9
0,Bronx County,2025-04-14T19:00,33.5,41.9,25,17.8
0,Bronx County,2025-04-14T20:00,34.8,42.5,21.8,17.2
0,Bronx County,2025-04-14T21:00,36.7,43.6,18.8,16.3
0,Bronx County,2025-04-14T22:00,37.4,43.5,16.2,16
0,Bronx County,2025-04-14T23:00,34.9,41,17.6,17.1
0,Bronx County,2025-04-15T00:00,36.4,40.8,12.2,16.4
0,Bronx County,2025-04-15T01:00,35.7,39.7,11.2,16.8
0,Bronx County,2025-04-15T02:00,38.1,41,7.5,15.7
0,Bronx County,2025-04-15T03:00,43.1,45.1,4.4,13.8
0,Bronx County,2025-04-15T04:00,48,49.1,2.3,12.4
0,Bronx County,2025-04-15T05:00,49.5,52.2,5.4,12
0,Bronx County,2025-04-15T06:00,40.5,48.6,20,14.8
0,Bronx County,2025-04-15T07:00,35.1,44,25.5,17
0,Bronx County,2025-04-15T08:00,33.6,43.1,27.9,17.8
0,Bronx County,2025-04-15T09:00,33.1,42.7,29,18.1
0,Bronx County,2025-04-15T10:00,29.9,42.7,42.4,20
0,Bronx County,2025-04-15T11:00,28.7,41.7,44.9,20.8
0,Bronx County,2025-04-15T12:00,29.5,41.7,41.2,20.3
0,Bronx County,2025-04-15T13:00,29.1,41.8,43.6,20.5
0,Bronx County,2025-04-15T14:00,27.5,41.6,51.5,21.8
0,Bronx County,2025-04-15T15:00,27.8,41.6,49.5,21.5
0,Bronx County,2025-04-15T16:00,27,41.2,52.4,22.1
0,Bronx County,2025-04-15T17:00,26.7,41,53.4,22.4
0,Bronx County,2025-04-15T18:00,28.5,41.5,45.4,20.9
0,Bronx County,2025-04-15T19:00,31.6,41.8,32.1,18.9
0,Bronx County,2025-04-15T20:00,33.9,42.2,24.4,17.6
0,Bronx County,2025-04-15T21:00,35.9,43.1,20,16.7
0,Bronx County,2025-04-15T22:00,37,44,18.8,16.1
0,Bronx County,2025-04-15T23:00,36.1,42.3,17.1,16.6
0,Bronx County,2025-04-16T00:00,37.7,41.9,10.9,15.8
0,Bronx County,2025-04-16T01:00,37.3,40.4,8.1,16
0,Bronx County,2025-04-16T02:00,39,41.4,6,15.3
0,Bronx County,2025-04-16T03:00,42.8,44.6,4.3,14
0,Bronx County,2025-04-16T04:00,48.6,49.7,2.2,12.3
0,Bronx County,2025-04-16T05:00,50,52.4,4.6,11.9
0,Bronx County,2025-04-16T06:00,43.8,49.5,12.8,13.6
0,Bronx County,2025-04-16T07:00,37,44.9,21.3,16.1
0,Bronx County,2025-04-16T08:00,34.3,43.6,27,17.4
0,Bronx County,2025-04-16T09:00,33.3,42.9,28.7,17.9
0,Bronx County,2025-04-16T10:00,30.8,42.6,38.1,19.4
0,Bronx County,2025-04-16T11:00,29.6,42.1,41.9,20.2
0,Bronx County,2025-04-16T12:00,27.7,41.1,48.3,21.6
0,Bronx County,2025-04-16T13:00,26.5,41.1,54.9,22.6
0,Bronx County,2025-04-16T14:00,26,41.1,58,23
0,Bronx County,2025-04-16T15:00,25.4,41,61.3,23.5
0,Bronx County,2025-04-16T16:00,26.2,41.2,56.9,22.8
0,Bronx County,2025-04-16T17:00,26.7,41.3,54.7,22.4
0,Bronx County,2025-04-16T18:00,29.1,42.2,44.7,20.5
0,Bronx County,2025-04-16T19:00,33.3,42.8,28.4,17.9
0,Bronx County,2025-04-16T20:00,34.9,43,23.2,17.1
0,Bronx County,2025-04-16T21:00,36.1,43.8,21.5,16.6
0,Bronx County,2025-04-16T22:00,38.1,44.8,17.4,15.7
0,Bronx County,2025-04-16T23:00,35.7,42.3,18.6,16.7
0,Bronx County,2025-04-17T00:00,35.8,41.2,14.9,16.7
0,Bronx County,2025-04-17T01:00,38.9,41.8,7.3,15.3
0,Bronx County,2025-04-17T02:00,39.4,41.9,6.3,15.2
0,Bronx County,2025-04-17T03:00,43,44.8,4.2,13.9
0,Bronx County,2025-04-17T04:00,48.3,49.7,2.7,12.4
0,Bronx County,2025-04-17T05:00,46.8,51.9,10.8,12.7
0,Bronx County,2025-04-17T06:00,44.5,49.9,11.9,13.4
0,Bronx County,2025-04-17T07:00,35.7,44.9,25.8,16.7
0,Bronx County,2025-04-17T08:00,33,43.2,30.8,18.1
0,Bronx County,2025-04-17T09:00,31.1,42.4,36.1,19.2
0,Bronx County,2025-04-17T10:00,28.6,42.2,47.5,20.9
0,Bronx County,2025-04-17T11:00,27.6,42.2,52.9,21.7
0,Bronx County,2025-04-17T12:00,26.8,41.2,53.4,22.3
0,Bronx County,2025-04-17T13:00,26.2,41.5,58.3,22.8
0,Bronx County,2025-04-17T14:00,24.7,41,65.7,24.2
0,Bronx County,2025-04-17T15:00,25,40.9,63.6,23.9
0,Bronx County,2025-04-17T16:00,24.3,41.1,68.8,24.6
0,Bronx County,2025-04-17T17:00,23.1,40.7,75.8,25.8
0,Bronx County,2025-04-17T18:00,23.8,40.9,71.5,25.1
0,Bronx County,2025-04-17T19:00,28,42.6,52.3,21.4
0,Bronx County,2025-04-17T20:00,31.8,43.8,37.6,18.8
0,Bronx County,2025-04-17T21:00,35,44.3,26.8,17.1
0,Bronx County,2025-04-17T22:00,35.6,44.6,25.3,16.8
0,Bronx County,2025-04-17T23:00,33.5,42.4,26.7,17.9
0,Bronx County,2025-04-18T00:00,34.5,42.1,22,17.3
0,Bronx County,2025-04-18T01:00,35.9,41,14,16.6
0,Bronx County,2025-04-18T02:00,38.8,41.4,6.6,15.4
0,Bronx County,2025-04-18T03:00,41.9,44,4.8,14.2
0,Bronx County,2025-04-18T04:00,47.6,48.7,2.3,12.5
0,Bronx County,2025-04-18T05:00,50.2,51.9,3.4,11.9
0,Bronx County,2025-04-18T06:00,46.5,50.2,7.9,12.8
0,Bronx County,2025-04-18T07:00,40.2,46.4,15.4,14.8
0,Bronx County,2025-04-18T08:00,37.8,45,19,15.8
0,Bronx County,2025-04-18T09:00,36.5,45.2,23.8,16.4
0,Bronx County,2025-04-18T10:00,32.8,45,37,18.2
0,Bronx County,2025-04-18T11:00,29.9,44.3,48,20
0,Bronx County,2025-04-18T12:00,29.5,43.9,48.7,20.3
0,Bronx County,2025-04-18T13:00,29.2,44.1,50.5,20.4
0,Bronx County,2025-04-18T14:00,27.4,42.9,56.5,21.8
0,Bronx County,2025-04-18T15:00,26.3,42.4,61.2,22.7
0,Bronx County,2025-04-18T16:00,26.2,42,60.5,22.8
0,Bronx County,2025-04-18T17:00,27.2,42.3,55.2,22
0,Bronx County,2025-04-18T18:00,29.7,42.9,44.6,20.1
0,Bronx County,2025-04-18T19:00,31.1,43.4,39.5,19.2
0,Bronx County,2025-04-18T20:00,33.6,43.2,28.5,17.8
0,Bronx County,2025-04-18T21:00,35.6,43.9,23.3,16.8
0,Bronx County,2025-04-18T22:00,34.4,43.5,26.5,17.4
0,Bronx County,2025-04-18T23:00,34.9,42.1,20.5,17.1
0,Bronx County,2025-04-19T00:00,38.1,42.3,11.1,15.7
0,Bronx County,2025-04-19T01:00,37.8,41.4,9.5,15.8
0,Bronx County,2025-04-19T02:00,38.9,41.6,6.8,15.3
0,Bronx County,2025-04-19T03:00,40.3,42.6,5.5,14.8
0,Bronx County,2025-04-19T04:00,42.7,44.4,3.9,14
0,Bronx County,2025-04-19T05:00,45.9,47.2,2.9,13
0,Bronx County,2025-04-19T06:00,47.2,48.7,3.1,12.6
0,Bronx County,2025-04-19T07:00,45.6,48.3,5.9,13.1
0,Bronx County,2025-04-19T08:00,43.2,48,11,13.8
0,Bronx County,2025-04-19T09:00,41.4,48.3,16.8,14.4
0,Bronx County,2025-04-19T10:00,37.3,47.8,27.9,16
0,Bronx County,2025-04-19T11:00,35.7,47.6,33.2,16.7
0,Bronx County,2025-04-19T12:00,33.4,46.5,39.1,17.9
0,Bronx County,2025-04-19T13:00,31.5,45.4,44.2,19
0,Bronx County,2025-04-19T14:00,29.4,44.6,51.6,20.3
0,Bronx County,2025-04-19T15:00,27.4,43.5,58.5,21.8
0,Bronx County,2025-04-19T16:00,27.7,43.7,57.5,21.6
0,Bronx County,2025-04-19T17:00,29.9,44.3,48,20
0,Bronx County,2025-04-19T18:00,30.9,44.2,42.8,19.3
0,Bronx County,2025-04-19T19:00,32.5,44.8,37.6,18.4
0,Bronx County,2025-04-19T20:00,32.4,44,35.8,18.4
0,Bronx County,2025-04-19T21:00,35,44.1,25.8,17.1
0,Bronx County,2025-04-19T22:00,36.6,44.6,21.8,16.3
0,Bronx County,2025-04-19T23:00,36.3,43.5,19.7,16.5
0,Bronx County,2025-04-20T00:00,36.2,42.3,16.9,16.5
0,Bronx County,2025-04-20T01:00,38,41.8,9.9,15.7
0,Bronx County,2025-04-20T02:00,37.8,41,8.2,15.8
0,Bronx County,2025-04-20T03:00,38.8,41.5,7.1,15.4
0,Bronx County,2025-04-20T04:00,39.7,42,5.6,15
0,Bronx County,2025-04-20T05:00,41.8,43.4,3.7,14.3
0,Bronx County,2025-04-20T06:00,45.1,45.5,0.9,13.3
0,Bronx County,2025-04-20T07:00,45.2,46.2,2.4,13.2
0,Bronx County,2025-04-20T08:00,45.3,47.5,4.9,13.2
0,Bronx County,2025-04-20T09:00,45.8,49.2,7.3,13
0,Bronx County,2025-04-20T10:00,43.8,49.3,12.3,13.6
0,Bronx County,2025-04-20T11:00,41.2,49.4,19.9,14.5
0,Bronx County,2025-04-20T12:00,37.5,48.8,29.9,15.9
0,Bronx County,2025-04-20T13:00,33.9,47.9,41.3,17.6
0,Bronx County,2025-04-20T14:00,31.6,46.1,45.6,18.9
0,Bronx County,2025-04-20T15:00,31.9,45.7,43.3,18.7
0,Bronx County,2025-04-20T16:00,35.2,46.6,32.3,17
0,Bronx County,2025-04-20T17:00,36.3,46.9,29.3,16.5
0,Bronx County,2025-04-20T18:00,35.4,46.8,32,16.9
0,Bronx County,2025-04-20T19:00,33.5,46.4,38.5,17.8
0,Bronx County,2025-04-20T20:00,34.4,46.8,35.9,17.4
0,Bronx County,2025-04-20T21:00,36.5,47.3,29.7,16.4
0,Bronx County,2025-04-20T22:00,38,46.7,22.7,15.7
0,Bronx County,2025-04-20T23:00,38.4,44.1,14.6,15.6
0,Bronx County,2025-04-21T00:00,39.1,42.5,8.6,15.3
0,Bronx County,2025-04-21T01:00,38.8,41.6,7.1,15.4
0,Bronx County,2025-04-21T02:00,38.9,41.2,5.8,15.3
0,Bronx County,2025-04-21T03:00,42.5,43.9,3.3,14.1
0,Bronx County,2025-04-21T04:00,48.2,48.9,1.4,12.4
0,Bronx County,2025-04-21T05:00,50.4,53,5.1,11.9
0,Bronx County,2025-04-21T06:00,39.4,48,21.6,15.2
0,Bronx County,2025-04-21T07:00,28.9,41.6,44.1,20.7
0,Bronx County,2025-04-21T08:00,26.5,40.7,53.2,22.5
0,Bronx County,2025-04-21T09:00,30,41.6,38.6,19.9
0,Bronx County,2025-04-21T10:00,30.3,42.4,40,19.7
0,Bronx County,2025-04-21T11:00,30.3,42.4,40,19.7
0,Bronx County,2025-04-21T12:00,29.1,41.5,42.1,20.5
0,Bronx County,2025-04-21T13:00,28.1,41.8,48.6,21.2
0,Bronx County,2025-04-21T14:00,24.6,40.8,65.3,24.3
0,Bronx County,2025-04-21T15:00,23.4,40.5,72.9,25.5
0,Bronx County,2025-04-21T16:00,20.8,39.3,88.7,28.8
0,Bronx County,2025-04-21T17:00,22.4,39.6,76.9,26.7
0,Bronx County,2025-04-21T18:00,26.4,41.2,55.7,22.6
0,Bronx County,2025-04-21T19:00,34.2,43.3,26.6,17.5
0,Bronx County,2025-04-21T20:00,36.2,43.3,19.4,16.5
0,Bronx County,2025-04-21T21:00,38.5,44.5,15.3,15.5
0,Bronx County,2025-04-21T22:00,37.8,44.1,16.7,15.8
0,Bronx County,2025-04-21T23:00,36.8,42.8,16.1,16.2
0,Bronx County,2025-04-22T00:00,38.6,42.2,9.2,15.5
0,Bronx County,2025-04-22T01:00,38.8,41.6,7.1,15.4
0,Bronx County,2025-04-22T02:00,39.8,42.1,5.5,15
0,Bronx County,2025-04-22T03:00,44.8,46.3,3.1,13.3
0,Bronx County,2025-04-22T04:00,48.9,49.9,2,12.2
0,Bronx County,2025-04-22T05:00,48.6,52.1,6.9,12.3
0,Bronx County,2025-04-22T06:00,37,46.8,26.6,16.2
0,Bronx County,2025-04-22T07:00,26.8,41.3,54.1,22.3
0,Bronx County,2025-04-22T08:00,25.5,40.2,57.6,23.4
0,Bronx County,2025-04-22T09:00,28.8,41.2,42.8,20.7
0,Bronx County,2025-04-22T10:00,28.9,41.4,43,20.7
0,Bronx County,2025-04-22T11:00,28,41,46.5,21.4
0,Bronx County,2025-04-22T12:00,27.4,40.4,47.6,21.8
0,Bronx County,2025-04-22T13:00,26.4,40.2,52.4,22.7
0,Bronx County,2025-04-22T14:00,23.6,39.4,66.7,25.3
0,Bronx County,2025-04-22T15:00,21.7,38.9,79,27.5
0,Bronx County,2025-04-22T16:00,21.6,39.3,81.1,27.6
0,Bronx County,2025-04-22T17:00,23.1,39.6,71,25.9
0,Bronx County,2025-04-22T18:00,28.1,41.4,47.3,21.3
0,Bronx County,2025-04-22T19:00,31.7,41.9,32,18.9
0,Bronx County,2025-04-22T20:00,34.5,42,21.7,17.3
0,Bronx County,2025-04-22T21:00,36.9,43.4,17.7,16.2
0,Bronx County,2025-04-22T22:00,35.9,43.1,19.9,16.6
0,Bronx County,2025-04-22T23:00,36.9,42.5,15.2,16.2
0,Bronx County,2025-04-23T00:00,37.2,41.5,11.5,16
0,Bronx County,2025-04-23T01:00,38.1,41.2,8.2,15.7
0,Bronx County,2025-04-23T02:00,39.4,41.9,6.4,15.2
0,Bronx County,2025-04-23T03:00,42.2,44,4.1,14.2
0,Bronx County,2025-04-23T04:00,47.6,48.8,2.7,12.6
0,Bronx County,2025-04-23T05:00,48,51.7,7.6,12.4
0,Bronx County,2025-04-23T06:00,37.4,47.2,25.9,16
0,Bronx County,2025-04-23T07:00,26.4,41,54.8,22.6
0,Bronx County,2025-04-23T08:00,24.9,39.7,59.4,24
0,Bronx County,2025-04-23T09:00,29.2,41.3,41.4,20.5
0,Bronx County,2025-04-23T10:00,30.5,42.2,37.9,19.6
0,Bronx County,2025-04-23T11:00,30.8,42.2,36.7,19.4
0,Bronx County,2025-04-23T12:00,29.4,41.6,41.2,20.3
0,Bronx County,2025-04-23T13:00,27.7,41,48,21.6
0,Bronx County,2025-04-23T14:00,26,40.6,55.9,23
0,Bronx County,2025-04-23T15:00,23.7,40,68.7,25.2
0,Bronx County,2025-04-23T16:00,22.5,39.3,74.1,26.5
0,Bronx County,2025-04-23T17:00,22.6,39.6,75.6,26.5
0,Bronx County,2025-04-23T18:00,26.3,40.9,55.8,22.8
0,Bronx County,2025-04-23T19:00,30.2,41.5,37.5,19.8
0,Bronx County,2025-04-23T20:00,33.4,42.2,26.4,17.9
0,Bronx County,2025-04-23T21:00,36.3,43.8,20.7,16.5
0,Bronx County,2025-04-23T22:00,37.4,43.4,16.2,16
0,Bronx County,2025-04-23T23:00,38.1,43.1,13,15.7
0,Bronx County,2025-04-24T00:00,38.5,42.6,10.6,15.5
0,Bronx County,2025-04-24T01:00,37.3,40.5,8.5,16
0,Bronx County,2025-04-24T02:00,38.8,41.5,6.9,15.4
0,Bronx County,2025-04-24T03:00,42.7,44.8,4.8,14
0,Bronx County,2025-04-24T04:00,48.1,49.3,2.4,12.4
0,Bronx County,2025-04-24T05:00,48.6,51.8,6.6,12.3
0,Bronx County,2025-04-24T06:00,37.5,47.2,25.7,15.9
0,Bronx County,2025-04-24T07:00,27.3,41,50.2,21.9
0,Bronx County,2025-04-24T08:00,25.6,39.9,55.5,23.3
0,Bronx County,2025-04-24T09:00,28.1,41.7,48.1,21.2
0,Bronx County,2025-04-24T10:00,28.2,41.6,47.2,21.2
0,Bronx County,2025-04-24T11:00,27.7,40.9,47.7,21.6
0,Bronx County,2025-04-24T12:00,27.9,40.5,44.9,21.4
0,Bronx County,2025-04-24T13:00,28.6,41.2,43.8,20.9
0,Bronx County,2025-04-24T14:00,26.1,40.9,56.9,22.9
0,Bronx County,2025-04-24T15:00,23.6,40.2,69.9,25.3
0,Bronx County,2025-04-24T16:00,22,39.5,79.5,27.2
0,Bronx County,2025-04-24T17:00,22.6,39.6,74.7,26.4
0,Bronx County,2025-04-24T18:00,27,41.1,52.2,22.2
0,Bronx County,2025-04-24T19:00,31.4,42.1,33.9,19
0,Bronx County,2025-04-24T20:00,33.6,43,27.8,17.8
0,Bronx County,2025-04-24T21:00,33.6,43.3,28.8,17.8
0,Bronx County,2025-04-24T22:00,34.3,43.5,26.7,17.4
0,Bronx County,2025-04-24T23:00,36.1,43.3,19.6,16.5
0,Bronx County,2025-04-25T00:00,37.2,42.4,14,16.1
0,Bronx County,2025-04-25T01:00,38.6,42.2,9.4,15.5
0,Bronx County,2025-04-25T02:00,38.1,41.5,8.7,15.7
0,Bronx County,2025-04-25T03:00,42.6,44.6,4.6,14
0,Bronx County,2025-04-25T04:00,47,48.9,4,12.7
0,Bronx County,2025-04-25T05:00,47.8,51.3,7.3,12.5
0,Bronx County,2025-04-25T06:00,38.7,47.7,23,15.4
0,Bronx County,2025-04-25T07:00,27.8,41.2,48.1,21.5
0,Bronx County,2025-04-25T08:00,26.8,40.3,50.2,22.3
0,Bronx County,2025-04-25T09:00,29.8,41.7,39.6,20
0,Bronx County,2025-04-25T10:00,29.6,41.9,41.3,20.2
0,Bronx County,2025-04-25T11:00,29,41.8,44.1,20.6
0,Bronx County,2025-04-25T12:00,28.5,41.3,44.8,21
0,Bronx County,2025-04-25T13:00,27.4,41.2,50.4,21.8
0,Bronx County,2025-04-25T14:00,25.1,41.1,63.8,23.8
0,Bronx County,2025-04-25T15:00,22.1,40.1,81.2,27
0,Bronx County,2025-04-25T16:00,21.1,39.5,86.4,28.3
0,Bronx County,2025-04-25T17:00,22.2,39.8,79.5,27
0,Bronx County,2025-04-25T18:00,25.9,41.1,58.5,23.1
0,Bronx County,2025-04-25T19:00,29,41.9,44.5,20.6
0,Bronx County,2025-04-25T20:00,31.2,42,34.6,19.2
0,Bronx County,2025-04-25T21:00,31.9,42.1,31.7,18.7
0,Bronx County,2025-04-25T22:00,30.2,42,38.7,19.8
0,Bronx County,2025-04-25T23:00,33.4,41.9,25.4,17.9
0,Bronx County,2025-04-26T00:00,33.8,41,20.9,17.7
0,Bronx County,2025-04-26T01:00,36.6,41.2,12.6,16.3
0,Bronx County,2025-04-26T02:00,37.8,41.2,8.7,15.8
0,Bronx County,2025-04-26T03:00,37.4,42.2,12.7,16
0,Bronx County,2025-04-26T04:00,39.6,43.6,10.2,15.1
0,Bronx County,2025-04-26T05:00,42.7,46.7,9.3,14
0,Bronx County,2025-04-26T06:00,46.9,49.1,4.7,12.7
0,Bronx County,2025-04-26T07:00,43.3,48.4,11.5,13.8
0,Bronx County,2025-04-26T08:00,40.7,47.7,17.1,14.7
0,Bronx County,2025-04-26T09:00,37.9,46.6,23.1,15.8
0,Bronx County,2025-04-26T10:00,37.4,46.7,24.6,16
0,Bronx County,2025-04-26T11:00,35.5,46.6,31.3,16.8
0,Bronx County,2025-04-26T12:00,31.9,45.4,42.1,18.7
0,Bronx County,2025-04-26T13:00,30.1,44.5,47.7,19.9
0,Bronx County,2025-04-26T14:00,30.1,44.1,46.5,19.9
0,Bronx County,2025-04-26T15:00,31.2,44.2,41.8,19.2
0,Bronx County,2025-04-26T16:00,31.3,44.3,41.6,19.1
0,Bronx County,2025-04-26T17:00,31.4,44.4,41.3,19
0,Bronx County,2025-04-26T18:00,33.7,44.8,32.8,17.7
0,Bronx County,2025-04-26T19:00,31,43.2,39.2,19.3
0,Bronx County,2025-04-26T20:00,33.2,43.2,29.9,18
0,Bronx County,2025-04-26T21:00,35.6,44.2,24.2,16.8
0,Bronx County,2025-04-26T22:00,37.6,45.1,19.8,15.9
0,Bronx County,2025-04-26T23:00,39.4,44.9,13.9,15.2
0,Bronx County,2025-04-27T00:00,39.4,44,11.5,15.1
0,Bronx County,2025-04-27T01:00,39,42.6,9.3,15.3
0,Bronx County,2025-04-27T02:00,39.3,42.1,7,15.2
0,Bronx County,2025-04-27T03:00,39.7,42.1,6,15
0,Bronx County,2025-04-27T04:00,41.6,43.5,4.5,14.4
0,Bronx County,2025-04-27T05:00,44.1,46,4.1,13.5
0,Bronx County,2025-04-27T06:00,48.9,48.9,0.1,12.2
0,Bronx County,2025-04-27T07:00,48.8,50,2.4,12.2
0,Bronx County,2025-04-27T08:00,47.6,50.1,5.1,12.5
0,Bronx County,2025-04-27T09:00,46.2,50.4,9.1,12.9
0,Bronx County,2025-04-27T10:00,41.9,49.3,17.6,14.2
0,Bronx County,2025-04-27T11:00,39.3,49.1,24.8,15.2
0,Bronx County,2025-04-27T12:00,35.6,47.9,34.7,16.8
0,Bronx County,2025-04-27T13:00,32.8,46.5,41.6,18.2
0,Bronx County,2025-04-27T14:00,32.4,46.1,42.3,18.5
0,Bronx County,2025-04-27T15:00,33,45.9,39,18.1
0,Bronx County,2025-04-27T16:00,34,46.5,36.5,17.5
0,Bronx County,2025-04-27T17:00,33.6,46.4,38,17.8
0,Bronx County,2025-04-27T18:00,34,45.8,34.7,17.6
0,Bronx County,2025-04-27T19:00,33.7,45.6,35.1,17.7
0,Bronx County,2025-04-27T20:00,35.8,45.5,26.9,16.7
0,Bronx County,2025-04-27T21:00,37.6,45.2,20.3,15.9
0,Bronx County,2025-04-27T22:00,37.7,44.4,17.8,15.9
0,Bronx County,2025-04-27T23:00,39,43.3,11,15.3
0,Bronx County,2025-04-28T00:00,38.9,42.3,8.6,15.4
0,Bronx County,2025-04-28T01:00,38.8,41.2,6.2,15.4
0,Bronx County,2025-04-28T02:00,38.7,40.8,5.2,15.4
0,Bronx County,2025-04-28T03:00,42.6,44.2,3.7,14
0,Bronx County,2025-04-28T04:00,46.9,48.2,2.7,12.7
0,Bronx County,2025-04-28T05:00,49,52,6,12.2
0,Bronx County,2025-04-28T06:00,37.9,47.5,25.1,15.8
0,Bronx County,2025-04-28T07:00,26.7,41.3,54.7,22.4
0,Bronx County,2025-04-28T08:00,23.7,39.6,67.3,25.3
0,Bronx County,2025-04-28T09:00,28.2,41.3,46.2,21.2
0,Bronx County,2025-04-28T10:00,29.8,41.9,40.4,20.1
0,Bronx County,2025-04-28T11:00,29,41.2,42,20.6
0,Bronx County,2025-04-28T12:00,28.7,40.8,42,20.8
0,Bronx County,2025-04-28T13:00,28.2,40.8,44.6,21.2
0,Bronx County,2025-04-28T14:00,26.3,40.7,54.6,22.7
0,Bronx County,2025-04-28T15:00,25.1,40.4,60.9,23.8
0,Bronx County,2025-04-28T16:00,23.3,40,71.1,25.6
0,Bronx County,2025-04-28T17:00,23.2,39.3,69.1,25.7
0,Bronx County,2025-04-28T18:00,28,41.1,46.8,21.3
0,Bronx County,2025-04-28T19:00,30.9,41.4,33.8,19.3
0,Bronx County,2025-04-28T20:00,33.9,42,23.6,17.6
0,Bronx County,2025-04-28T21:00,35.8,42.5,18.6,16.7
0,Bronx County,2025-04-28T22:00,36.1,42.5,17.9,16.6
0,Bronx County,2025-04-28T23:00,37.3,42.6,14.3,16
0,Bronx County,2025-04-29T00:00,37.6,41.6,10.3,15.9
0,Bronx County,2025-04-29T01:00,38.3,41.1,7.4,15.6
0,Bronx County,2025-04-29T02:00,39.8,42.3,6.3,15
0,Bronx County,2025-04-29T03:00,43,44.7,3.9,13.9
0,Bronx County,2025-04-29T04:00,47,48.7,3.7,12.7
0,Bronx County,2025-04-29T05:00,47.6,51,7.1,12.5
0,Bronx County,2025-04-29T06:00,37.1,46.6,25.3,16.1
0,Bronx County,2025-04-29T07:00,25,40.5,61.9,23.9
0,Bronx County,2025-04-29T08:00,22.1,39.1,76.8,27.1
0,Bronx County,2025-04-29T09:00,25.4,40.1,57.8,23.5
0,Bronx County,2025-04-29T10:00,28.5,41.6,45.6,20.9
0,Bronx County,2025-04-29T11:00,29.2,41,40.3,20.5
0,Bronx County,2025-04-29T12:00,29.1,41.1,40.8,20.5
0,Bronx County,2025-04-29T13:00,28.5,41.1,44.1,21
0,Bronx County,2025-04-29T14:00,26.3,40.8,54.8,22.7
0,Bronx County,2025-04-29T15:00,23.8,39.6,65.9,25.1
0,Bronx County,2025-04-29T16:00,23,39.2,70.4,26
0,Bronx County,2025-04-29T17:00,22.6,39,72.4,26.4
0,Bronx County,2025-04-29T18:00,27.1,40.8,50.3,22
0,Bronx County,2025-04-29T19:00,31.6,41.6,31.6,18.9
0,Bronx County,2025-04-29T20:00,33.2,41.8,26.1,18
0,Bronx County,2025-04-29T21:00,35.9,42.9,19.7,16.7
0,Bronx County,2025-04-29T22:00,35.6,43,20.5,16.8
0,Bronx County,2025-04-29T23:00,35,42.4,20.9,17.1
0,Bronx County,2025-04-30T00:00,35.5,41.4,16.7,16.8
0,Bronx County,2025-04-30T01:00,37.7,41.1,9,15.9
0,Bronx County,2025-04-30T02:00,38.9,41.5,6.5,15.4
0,Bronx County,2025-04-30T03:00,42.5,44.4,4.3,14
0,Bronx County,2025-04-30T04:00,47.4,48.9,3.1,12.6
0,Bronx County,2025-04-30T05:00,47.9,51.4,7.2,12.5
0,Bronx County,2025-04-30T06:00,36.1,46.9,29.8,16.5
0,Bronx County,2025-04-30T07:00,24.5,40.2,64.2,24.4
0,Bronx County,2025-04-30T08:00,24.1,39.8,64.8,24.8
0,Bronx County,2025-04-30T09:00,27.8,40.9,47,21.5
0,Bronx County,2025-04-30T10:00,28.5,41.5,45.9,21
0,Bronx County,2025-04-30T11:00,28.2,41.2,45.9,21.2
0,Bronx County,2025-04-30T12:00,27.9,40.8,46,21.4
0,Bronx County,2025-04-30T13:00,26.4,40.5,53.2,22.6
0,Bronx County,2025-04-30T14:00,22.9,39.5,72.6,26.1
0,Bronx County,2025-04-30T15:00,19.8,38.2,93,30.2
0,Bronx County,2025-04-30T16:00,19.9,38.5,93.8,30.1
0,Bronx County,2025-04-30T17:00,20.6,38.8,87.8,29
0,Bronx County,2025-04-30T18:00,24.3,40.2,64.9,24.5
0,Bronx County,2025-04-30T19:00,29.7,41.5,39.9,20.2
0,Bronx County,2025-04-30T20:00,32.8,42,28.1,18.2
0,Bronx County,2025-04-30T21:00,35.1,43.1,22.7,17
0,Bronx County,2025-04-30T22:00,34,43.3,27.3,17.6
0,Bronx County,2025-04-30T23:00,35.1,42.7,21.4,17
0,Bronx County,2025-05-01T00:00,37.4,42.2,12.8,16
0,Bronx County,2025-05-01T01:00,37.9,41.3,8.9,15.8
0,Bronx County,2025-05-01T02:00,38.9,41.8,7.4,15.3
0,Bronx County,2025-05-01T03:00,42.5,44.7,5.2,14.1
0,Bronx County,2025-05-01T04:00,47.1,48.7,3.4,12.7
0,Bronx County,2025-05-01T05:00,48.5,51.6,6.5,12.3
0,Bronx County,2025-05-01T06:00,38,47.5,24.8,15.7
0,Bronx County,2025-05-01T07:00,26.2,40.9,55.7,22.8
0,Bronx County,2025-05-01T08:00,24.4,39.8,62.9,24.5
0,Bronx County,2025-05-01T09:00,28.6,41.5,44.9,20.9
0,Bronx County,2025-05-01T10:00,31,42.4,36.7,19.3
0,Bronx County,2025-05-01T11:00,30.5,42.2,38.6,19.6
0,Bronx County,2025-05-01T12:00,28.8,41.7,44.8,20.8
0,Bronx County,2025-05-01T13:00,25.7,41.1,60,23.3
0,Bronx County,2025-05-01T14:00,22.8,39.9,74.9,26.2
0,Bronx County,2025-05-01T15:00,20.6,39,89.2,29
0,Bronx County,2025-05-01T16:00,20.1,38.6,91.6,29.7
0,Bronx County,2025-05-01T17:00,21.2,39.3,84.8,28.2
0,Bronx County,2025-05-01T18:00,24.7,40.6,64.1,24.2
0,Bronx County,2025-05-01T19:00,29.9,41.7,39.5,20
0,Bronx County,2025-05-01T20:00,32.3,42.4,31,18.5
0,Bronx County,2025-05-01T21:00,34.3,42.7,24.4,17.4
0,Bronx County,2025-05-01T22:00,33.2,42.4,27.7,18
0,Bronx County,2025-05-01T23:00,34.1,42.3,24.1,17.5
0,Bronx County,2025-05-02T00:00,35.3,41.5,17.4,16.9
0,Bronx County,2025-05-02T01:00,37.4,41.4,10.8,16
0,Bronx County,2025-05-02T02:00,39,42.3,8.5,15.3
0,Bronx County,2025-05-02T03:00,41.2,44.2,7.4,14.5
0,Bronx County,2025-05-02T04:00,46.3,48.6,5,12.9
0,Bronx County,2025-05-02T05:00,48.3,51.4,6.2,12.4
0,Bronx County,2025-05-02T06:00,38.1,47.1,23.6,15.7
0,Bronx County,2025-05-02T07:00,27.5,40.7,47.7,21.7
0,Bronx County,2025-05-02T08:00,25.4,39.6,55.9,23.5
0,Bronx County,2025-05-02T09:00,28.8,41.2,42.8,20.7
0,Bronx County,2025-05-02T10:00,29.7,42.2,42.2,20.1
0,Bronx County,2025-05-02T11:00,28.9,41.8,44.7,20.7
0,Bronx County,2025-05-02T12:00,27.5,41.5,50.5,21.7
0,Bronx County,2025-05-02T13:00,26.8,41.6,55.1,22.3
0,Bronx County,2025-05-02T14:00,22.7,40.3,77.1,26.3
0,Bronx County,2025-05-02T15:00,19.7,39,97.8,30.4
0,Bronx County,2025-05-02T16:00,19.4,38.6,98.6,30.8
0,Bronx County,2025-05-02T17:00,21,39,85.2,28.4
0,Bronx County,2025-05-02T18:00,24.8,40.7,64.1,24.1
0,Bronx County,2025-05-02T19:00,28.5,41.6,45.9,21
0,Bronx County,2025-05-02T20:00,30.9,41.7,35,19.3
0,Bronx County,2025-05-02T21:00,33,42.7,29.5,18.1
0,Bronx County,2025-05-02T22:00,32,42.2,31.8,18.7
0,Bronx County,2025-05-02T23:00,34,41.7,22.4,17.5
0,Bronx County,2025-05-03T00:00,35.6,41,15.1,16.8
0,Bronx County,2025-05-03T01:00,36.7,41.2,12.1,16.3
0,Bronx County,2025-05-03T02:00,38,41.3,8.7,15.7
0,Bronx County,2025-05-03T03:00,38.8,41.6,7.4,15.4
0,Bronx County,2025-05-03T04:00,41.3,43.9,6.1,14.5
0,Bronx County,2025-05-03T05:00,44.9,46.7,4,13.3
0,Bronx County,2025-05-03T06:00,47.6,49.3,3.5,12.5
0,Bronx County,2025-05-03T07:00,44.5,48.6,9.3,13.4
0,Bronx County,2025-05-03T08:00,40.9,47.4,15.9,14.6
0,Bronx County,2025-05-03T09:00,37.6,47,24.8,15.9
0,Bronx County,2025-05-03T10:00,35.1,46.4,31.9,17
0,Bronx County,2025-05-03T11:00,32.8,45.9,39.8,18.2
0,Bronx County,2025-05-03T12:00,29.4,44.8,52.2,20.3
0,Bronx County,2025-05-03T13:00,29,44,51.7,20.6
0,Bronx County,2025-05-03T14:00,29.9,44.2,47.7,20
0,Bronx County,2025-05-03T15:00,28.1,43.6,55.3,21.3
0,Bronx County,2025-05-03T16:00,25.9,43.3,67.3,23.1
0,Bronx County,2025-05-03T17:00,27.7,43.4,56.4,21.6
0,Bronx County,2025-05-03T18:00,29.1,43.8,50.4,20.5
0,Bronx County,2025-05-03T19:00,30.3,43.1,42.4,19.7
0,Bronx County,2025-05-03T20:00,31.9,43.5,36.3,18.7
0,Bronx County,2025-05-03T21:00,34.5,43.9,27.1,17.3
0,Bronx County,2025-05-03T22:00,35.3,44.2,25.1,16.9
0,Bronx County,2025-05-03T23:00,34.3,43.4,26.6,17.4
0,Bronx County,2025-05-04T00:00,37.1,42.8,15.3,16.1
0,Bronx County,2025-05-04T01:00,38.8,42.9,10.4,15.4
0,Bronx County,2025-05-04T02:00,38.5,41.7,8.2,15.5
0,Bronx County,2025-05-04T03:00,38.9,41.7,7.4,15.4
0,Bronx County,2025-05-04T04:00,41.1,43.1,5,14.5
0,Bronx County,2025-05-04T05:00,44.9,46,2.3,13.3
0,Bronx County,2025-05-04T06:00,47.2,48.1,1.9,12.7
0,Bronx County,2025-05-04T07:00,47.2,49.5,4.7,12.6
0,Bronx County,2025-05-04T08:00,46.7,49.6,6.2,12.8
0,Bronx County,2025-05-04T09:00,42.9,49.4,15.2,13.9
0,Bronx County,2025-05-04T10:00,37.7,48,27.1,15.8
0,Bronx County,2025-05-04T11:00,34.4,47.4,37.8,17.4
0,Bronx County,2025-05-04T12:00,30.6,46.1,50.2,19.5
0,Bronx County,2025-05-04T13:00,29.3,45.2,54.4,20.4
0,Bronx County,2025-05-04T14:00,30.3,45.5,50.4,19.7
0,Bronx County,2025-05-04T15:00,30.2,45.2,49.8,19.8
0,Bronx County,2025-05-04T16:00,29.7,45.2,52.2,20.1
0,Bronx County,2025-05-04T17:00,27.3,44.3,61.8,21.9
0,Bronx County,2025-05-04T18:00,29.2,44.7,53.1,20.5
0,Bronx County,2025-05-04T19:00,31.2,44.8,43.4,19.2
0,Bronx County,2025-05-04T20:00,34.8,45,29.1,17.2
0,Bronx County,2025-05-04T21:00,36.5,44.7,22.4,16.4
0,Bronx County,2025-05-04T22:00,38.8,44.7,15,15.4
0,Bronx County,2025-05-04T23:00,39.7,44,10.8,15.1
0,Bronx County,2025-05-05T00:00,39,42.4,8.7,15.3
0,Bronx County,2025-05-05T01:00,39.6,42.2,6.5,15.1
0,Bronx County,2025-05-05T02:00,40.2,42.4,5.6,14.9
0,Bronx County,2025-05-05T03:00,43.1,44.9,4,13.9
0,Bronx County,2025-05-05T04:00,47.6,48.7,2.2,12.5
0,Bronx County,2025-05-05T05:00,48.8,51.9,6.2,12.2
0,Bronx County,2025-05-05T06:00,37.1,47.4,27.6,16.1
0,Bronx County,2025-05-05T07:00,26.6,41.3,55.2,22.5
0,Bronx County,2025-05-05T08:00,24.9,39.9,60.1,24
0,Bronx County,2025-05-05T09:00,29,41.2,41.8,20.6
0,Bronx County,2025-05-05T10:00,29.7,41.4,39.4,20.1
0,Bronx County,2025-05-05T11:00,29.4,40.8,39,20.3
0,Bronx County,2025-05-05T12:00,27.8,40.7,46.5,21.5
0,Bronx County,2025-05-05T13:00,27.4,41,49.4,21.8
0,Bronx County,2025-05-05T14:00,25.4,40.3,58.4,23.5
0,Bronx County,2025-05-05T15:00,23.3,39.5,69,25.6
0,Bronx County,2025-05-05T16:00,21.1,39,84.6,28.3
0,Bronx County,2025-05-05T17:00,21.2,38.5,81.6,28.3
0,Bronx County,2025-05-05T18:00,25.1,40.1,59.7,23.8
0,Bronx County,2025-05-05T19:00,30.6,41.9,36.8,19.5
0,Bronx County,2025-05-05T20:00,32.5,41.6,28,18.4
0,Bronx County,2025-05-05T21:00,35.2,42.6,21.1,17
0,Bronx County,2025-05-05T22:00,36.5,42.8,17.4,16.4
0,Bronx County,2025-05-05T23:00,35.9,42.3,17.6,16.6
0,Bronx County,2025-05-06T00:00,37.2,41.9,12.7,16.1
