date_time,temp_k,rain_1h,snow_1h,clouds_all,weather_main,weather_description,traffic_volume
2012-10-02 09:00:00,288.28,0.0,0.0,40,Clouds,scattered clouds,5545
2012-10-02 10:00:00,289.36,0.0,0.0,75,Clouds,broken clouds,4516
2012-10-02 11:00:00,289.58,0.0,0.0,90,Clouds,overcast clouds,4767
2012-10-02 12:00:00,290.13,0.0,0.0,90,Clouds,overcast clouds,5026
2012-10-02 13:00:00,291.14,0.0,0.0,75,Clouds,broken clouds,4918
2012-10-02 14:00:00,291.72,0.0,0.0,1,Clear,sky is clear,5181
2012-10-02 15:00:00,293.17,0.0,0.0,1,Clear,sky is clear,5584
2012-10-02 16:00:00,293.86,0.0,0.0,1,Clear,sky is clear,6015
2012-10-02 17:00:00,294.14,0.0,0.0,20,Clouds,few clouds,5791
2012-10-02 18:00:00,293.1,0.0,0.0,20,Clouds,few clouds,4770
2012-10-02 19:00:00,290.97,0.0,0.0,20,Clouds,few clouds,3539
2012-10-02 20:00:00,289.38,0.0,0.0,1,Clear,sky is clear,2784
2012-10-02 21:00:00,288.61,0.0,0.0,1,Clear,sky is clear,2361
2012-10-02 22:00:00,287.16,0.0,0.0,1,Clear,sky is clear,1529
2012-10-02 23:00:00,285.45,0.0,0.0,1,Clear,sky is clear,963
2012-10-03 00:00:00,284.63,0.0,0.0,1,Clear,sky is clear,506
2012-10-03 01:00:00,283.47,0.0,0.0,1,Clear,sky is clear,321
2012-10-03 02:00:00,281.18,0.0,0.0,1,Clear,sky is clear,273
2012-10-03 03:00:00,281.09,0.0,0.0,1,Clear,sky is clear,367
2012-10-03 04:00:00,279.53,0.0,0.0,1,Clear,sky is clear,814
2012-10-03 05:00:00,278.62,0.0,0.0,1,Clear,sky is clear,2718
2012-10-03 06:00:00,278.23,0.0,0.0,1,Clear,sky is clear,5673
2012-10-03 08:00:00,278.12,0.0,0.0,1,Clear,sky is clear,6511
2012-10-03 09:00:00,282.48,0.0,0.0,1,Clear,sky is clear,5471
2012-10-03 12:00:00,291.97,0.0,0.0,1,Clear,sky is clear,5097
2012-10-03 13:00:00,293.23,0.0,0.0,1,Clear,sky is clear,4887
2012-10-03 14:00:00,294.31,0.0,0.0,1,Clear,sky is clear,5337
2012-10-03 15:00:00,295.17,0.0,0.0,1,Clear,sky is clear,5692
2012-10-03 16:00:00,295.13,0.0,0.0,1,Clear,sky is clear,6137
2012-10-03 18:00:00,293.66,0.0,0.0,20,Clouds,few clouds,4623
2012-10-03 19:00:00,290.65,0.0,0.0,20,Clouds,few clouds,3591
2012-10-03 20:00:00,288.19,0.0,0.0,20,Clouds,few clouds,2898
2012-10-03 21:00:00,287.1,0.0,0.0,1,Clear,sky is clear,2637
2012-10-03 22:00:00,286.25,0.0,0.0,1,Clear,sky is clear,1777
2012-10-03 23:00:00,285.26,0.0,0.0,1,Clear,sky is clear,1015
2012-10-04 00:00:00,284.55,0.0,0.0,1,Clear,sky is clear,598
2012-10-04 01:00:00,283.47,0.0,0.0,1,Clear,sky is clear,369
2012-10-04 02:00:00,283.17,0.0,0.0,1,Clear,sky is clear,312
2012-10-04 03:00:00,282.04,0.0,0.0,1,Clear,sky is clear,367
2012-10-04 04:00:00,281.69,0.0,0.0,1,Clear,sky is clear,835
2012-10-04 05:00:00,281.32,0.0,0.0,1,Clear,sky is clear,2726
2012-10-04 06:00:00,280.74,0.0,0.0,1,Clear,sky is clear,5689
2012-10-04 07:00:00,280.57,0.0,0.0,1,Clear,sky is clear,6990
2012-10-04 08:00:00,281.86,0.0,0.0,1,Clear,sky is clear,5985
2012-10-04 09:00:00,284.98,0.0,0.0,1,Clear,sky is clear,5309
2012-10-04 10:00:00,289.18,0.0,0.0,1,Clear,sky is clear,4603
2012-10-04 11:00:00,291.55,0.0,0.0,1,Clear,sky is clear,4884
2012-10-04 12:00:00,294.97,0.0,0.0,1,Clear,sky is clear,5104
2012-10-04 13:00:00,296.38,0.0,0.0,1,Clear,sky is clear,5178
2012-10-04 14:00:00,297.32,0.0,0.0,1,Clear,sky is clear,5501
2012-10-04 15:00:00,298.17,0.0,0.0,1,Clear,sky is clear,5713
2012-10-04 16:00:00,298.06,0.0,0.0,20,Clouds,few clouds,6292
2012-10-04 17:00:00,297.67,0.0,0.0,20,Clouds,few clouds,6057
2012-10-04 18:00:00,296.36,0.0,0.0,40,Clouds,scattered clouds,4907
2012-10-04 19:00:00,293.85,0.0,0.0,40,Clouds,scattered clouds,3503
2012-10-04 20:00:00,292.43,0.0,0.0,40,Clouds,scattered clouds,3037
2012-10-04 21:00:00,291.77,0.0,0.0,75,Clouds,broken clouds,2822
2012-10-04 22:00:00,291.36,0.0,0.0,75,Clouds,broken clouds,1992
2012-10-04 23:00:00,291.12,0.0,0.0,75,Clouds,broken clouds,1166
2012-10-05 00:00:00,290.63,0.0,0.0,75,Clouds,broken clouds,627
2012-10-05 01:00:00,290.46,0.0,0.0,40,Clouds,scattered clouds,388
2012-10-05 03:00:00,289.26,0.0,0.0,0,Clear,sky is clear,368
2012-10-05 05:00:00,283.21,0.0,0.0,75,Clouds,broken clouds,2489
2012-10-05 06:00:00,282.24,0.0,0.0,90,Clouds,overcast clouds,5537
2012-10-05 07:00:00,281.69,0.0,0.0,90,Clouds,overcast clouds,6628
2012-10-05 08:00:00,280.57,0.0,0.0,90,Clouds,overcast clouds,5534
2012-10-05 09:00:00,280.02,0.0,0.0,75,Clouds,broken clouds,5403
2012-10-05 10:00:00,280.11,0.0,0.0,75,Clouds,broken clouds,4770
2012-10-05 11:00:00,280.0,0.0,0.0,90,Clouds,overcast clouds,5217
2012-10-05 12:00:00,280.53,0.0,0.0,90,Clouds,overcast clouds,5870
2012-10-05 13:00:00,281.43,0.0,0.0,75,Clouds,broken clouds,5967
2012-10-05 14:00:00,281.78,0.0,0.0,90,Clouds,overcast clouds,6108
2012-10-05 15:00:00,281.91,0.0,0.0,90,Clouds,overcast clouds,6128
2012-10-05 16:00:00,281.73,0.0,0.0,90,Clouds,overcast clouds,6069
2012-10-05 17:00:00,281.42,0.0,0.0,90,Clouds,overcast clouds,6169
2012-10-05 18:00:00,280.87,0.0,0.0,90,Clouds,overcast clouds,5384
2012-10-05 19:00:00,280.15,0.0,0.0,90,Clouds,overcast clouds,4063
2012-10-05 20:00:00,279.78,0.0,0.0,90,Clouds,overcast clouds,3364
2012-10-05 21:00:00,279.65,0.0,0.0,75,Clouds,broken clouds,2971
2012-10-05 22:00:00,279.22,0.0,0.0,40,Clouds,scattered clouds,2450
2012-10-05 23:00:00,279.06,0.0,0.0,40,Clouds,scattered clouds,1832
2012-10-06 00:00:00,278.81,0.0,0.0,90,Clouds,overcast clouds,1231
2012-10-06 01:00:00,278.55,0.0,0.0,90,Clouds,overcast clouds,718
2012-10-06 02:00:00,278.59,0.0,0.0,90,Clouds,overcast clouds,545
2012-10-06 04:00:00,276.99,0.0,0.0,75,Clouds,broken clouds,411
2012-10-06 05:00:00,276.35,0.0,0.0,20,Clouds,few clouds,688
2012-10-06 06:00:00,275.4,0.0,0.0,1,Clear,sky is clear,1352
2012-10-06 07:00:00,275.17,0.0,0.0,1,Clear,sky is clear,2072
2012-10-06 08:00:00,274.99,0.0,0.0,1,Clear,sky is clear,3342
2012-10-06 09:00:00,275.09,0.0,0.0,40,Clouds,scattered clouds,4258
2012-10-06 10:00:00,276.88,0.0,0.0,20,Clouds,few clouds,4861
2012-10-06 11:00:00,278.04,0.0,0.0,20,Clouds,few clouds,5191
2012-10-06 12:00:00,279.08,0.0,0.0,40,Clouds,scattered clouds,5669
2012-10-06 13:00:00,280.12,0.0,0.0,75,Clouds,broken clouds,5074
2012-10-06 14:00:00,280.25,0.0,0.0,75,Clouds,broken clouds,5025
2012-10-06 15:00:00,280.0,0.0,0.0,75,Clouds,broken clouds,5153
2012-10-06 16:00:00,279.06,0.0,0.0,90,Clouds,overcast clouds,5024
2012-10-06 17:00:00,278.91,0.0,0.0,90,Clouds,overcast clouds,4779
2012-10-06 18:00:00,278.39,0.0,0.0,90,Clouds,overcast clouds,4362
2012-10-06 19:00:00,278.16,0.0,0.0,90,Clouds,overcast clouds,3860
2012-10-06 20:00:00,278.16,0.0,0.0,90,Clouds,overcast clouds,3160
2012-10-06 21:00:00,277.93,0.0,0.0,90,Clouds,overcast clouds,2992
2012-10-06 22:00:00,276.9,0.0,0.0,90,Clouds,overcast clouds,3202
2012-10-06 23:00:00,276.34,0.0,0.0,75,Clouds,broken clouds,1941
2012-10-07 00:00:00,276.11,0.0,0.0,75,Clouds,broken clouds,1233
2012-10-07 03:00:00,275.73,0.0,0.0,90,Clouds,overcast clouds,323
2012-10-07 04:00:00,275.65,0.0,0.0,90,Clouds,overcast clouds,312
2012-10-07 05:00:00,275.51,0.0,0.0,75,Clouds,broken clouds,627
2012-10-07 06:00:00,275.05,0.0,0.0,90,Clouds,overcast clouds,1508
2012-10-07 07:00:00,274.77,0.0,0.0,90,Clouds,overcast clouds,1539
2012-10-07 08:00:00,274.77,0.0,0.0,75,Clouds,broken clouds,2232
2012-10-07 09:00:00,275.55,0.0,0.0,75,Clouds,broken clouds,4568
2012-10-07 10:00:00,276.24,0.0,0.0,75,Clouds,broken clouds,4624
2012-10-07 11:00:00,277.01,0.0,0.0,90,Clouds,overcast clouds,4529
2012-10-07 12:00:00,277.43,0.0,0.0,90,Clouds,overcast clouds,5139
2012-10-07 13:00:00,278.45,0.0,0.0,90,Clouds,overcast clouds,6640
2012-10-07 14:00:00,279.27,0.0,0.0,90,Clouds,overcast clouds,6589
2012-10-07 15:00:00,279.27,0.0,0.0,90,Clouds,overcast clouds,4429
2012-10-07 16:00:00,279.44,0.0,0.0,90,Clouds,overcast clouds,4329
2012-10-07 17:00:00,279.32,0.0,0.0,90,Clouds,overcast clouds,3833
2012-10-07 18:00:00,279.27,0.0,0.0,90,Clouds,overcast clouds,4015
2012-10-07 19:00:00,278.11,0.0,0.0,90,Clouds,overcast clouds,3382
2012-10-07 20:00:00,276.79,0.0,0.0,75,Clouds,broken clouds,2815
2012-10-07 21:00:00,275.73,0.0,0.0,90,Clouds,overcast clouds,2110
2012-10-07 22:00:00,274.88,0.0,0.0,75,Clouds,broken clouds,1555
2012-10-07 23:00:00,273.92,0.0,0.0,20,Clouds,few clouds,959
2012-10-08 00:00:00,273.08,0.0,0.0,20,Clouds,few clouds,455
2012-10-08 01:00:00,272.62,0.0,0.0,20,Clouds,few clouds,336
2012-10-08 02:00:00,271.78,0.0,0.0,1,Clear,sky is clear,265
2012-10-08 03:00:00,271.05,0.0,0.0,1,Clear,sky is clear,314
2012-10-08 04:00:00,270.63,0.0,0.0,1,Clear,sky is clear,779
2012-10-08 05:00:00,270.33,0.0,0.0,1,Clear,sky is clear,2571
2012-10-08 06:00:00,269.61,0.0,0.0,20,Clouds,few clouds,5563
2012-10-08 07:00:00,270.01,0.0,0.0,20,Clouds,few clouds,6676
2012-10-08 08:00:00,271.23,0.0,0.0,20,Clouds,few clouds,5966
2012-10-08 09:00:00,273.71,0.0,0.0,20,Clouds,few clouds,4832
2012-10-08 10:00:00,276.77,0.0,0.0,20,Clouds,few clouds,4395
2012-10-08 11:00:00,279.47,0.0,0.0,20,Clouds,few clouds,4411
2012-10-08 12:00:00,279.84,0.0,0.0,1,Clear,sky is clear,4648
2012-10-08 13:00:00,282.34,0.0,0.0,40,Clouds,scattered clouds,4602
2012-10-08 14:00:00,282.94,0.0,0.0,40,Clouds,scattered clouds,5125
2012-10-08 15:00:00,283.48,0.0,0.0,1,Clear,sky is clear,5502
2012-10-08 16:00:00,284.33,0.0,0.0,1,Clear,sky is clear,5979
2012-10-08 17:00:00,284.48,0.0,0.0,40,Clouds,scattered clouds,5663
2012-10-08 18:00:00,284.23,0.0,0.0,40,Clouds,scattered clouds,4259
2012-10-08 19:00:00,281.99,0.0,0.0,20,Clouds,few clouds,3069
2012-10-08 20:00:00,279.81,0.0,0.0,1,Clear,sky is clear,2378
2012-10-08 21:00:00,279.35,0.0,0.0,1,Clear,sky is clear,2030
2012-10-08 22:00:00,278.9,0.0,0.0,1,Clear,sky is clear,1400
2012-10-08 23:00:00,278.46,0.0,0.0,1,Clear,sky is clear,917
2012-10-09 00:00:00,277.78,0.0,0.0,1,Clear,sky is clear,515
2012-10-09 01:00:00,277.27,0.0,0.0,1,Clear,sky is clear,302
2012-10-09 02:00:00,277.47,0.0,0.0,1,Clear,sky is clear,251
2012-10-09 04:00:00,276.97,0.0,0.0,20,Clouds,few clouds,798
2012-10-09 05:00:00,276.52,0.0,0.0,40,Clouds,scattered clouds,2678
2012-10-09 06:00:00,276.6,0.0,0.0,40,Clouds,scattered clouds,5733
2012-10-09 07:00:00,277.31,0.0,0.0,75,Clouds,broken clouds,6449
2012-10-09 08:00:00,278.38,0.0,0.0,90,Clouds,overcast clouds,5765
2012-10-09 09:00:00,279.35,0.0,0.0,90,Clouds,overcast clouds,5599
2012-10-09 10:00:00,281.37,0.0,0.0,90,Clouds,overcast clouds,4534
2012-10-09 11:00:00,283.11,0.0,0.0,90,Clouds,overcast clouds,4691
2012-10-09 12:00:00,284.08,0.0,0.0,75,Clouds,broken clouds,5067
2012-10-09 13:00:00,285.14,0.0,0.0,75,Clouds,broken clouds,5030
2012-10-09 14:00:00,286.35,0.0,0.0,90,Clouds,overcast clouds,5300
2012-10-09 15:00:00,287.23,0.0,0.0,100,Rain,light rain,5777
2012-10-09 16:00:00,288.53,0.0,0.0,90,Clouds,overcast clouds,6349
2012-10-09 17:00:00,290.37,0.0,0.0,90,Clouds,overcast clouds,6127
2012-10-09 18:00:00,290.13,0.0,0.0,90,Clouds,overcast clouds,4460
2012-10-09 19:00:00,288.86,0.0,0.0,75,Clouds,broken clouds,3418
2012-10-09 20:00:00,287.36,0.0,0.0,90,Clouds,overcast clouds,2775
2012-10-09 21:00:00,285.11,0.0,0.0,90,Clouds,overcast clouds,2306
2012-10-09 22:00:00,283.46,0.0,0.0,90,Clouds,overcast clouds,1846
2012-10-09 23:00:00,282.45,0.0,0.0,90,Clouds,overcast clouds,947
2012-10-10 00:00:00,281.88,0.0,0.0,90,Clouds,overcast clouds,494
2012-10-10 01:00:00,281.78,0.0,0.0,90,Clouds,overcast clouds,332
2012-10-10 02:00:00,281.09,0.0,0.0,75,Clouds,broken clouds,261
2012-10-10 03:00:00,281.17,0.0,0.0,90,Clouds,overcast clouds,361
2012-10-10 06:00:00,281.25,0.0,0.0,92,Clear,sky is clear,5875
2012-10-10 07:00:00,281.25,0.0,0.0,99,Rain,light rain,6793
2012-10-10 07:00:00,281.25,0.0,0.0,99,Drizzle,light intensity drizzle,6793
2012-10-10 08:00:00,280.1,0.0,0.0,99,Rain,light rain,6283
2012-10-10 08:00:00,280.1,0.0,0.0,99,Drizzle,light intensity drizzle,6283
2012-10-10 09:00:00,279.61,0.0,0.0,99,Rain,light rain,5680
2012-10-10 09:00:00,279.61,0.0,0.0,99,Drizzle,light intensity drizzle,5680
2012-10-10 10:00:00,279.67,0.0,0.0,99,Clear,sky is clear,4632
2012-10-10 11:00:00,280.19,0.0,0.0,1,Clear,sky is clear,4887
2012-10-10 12:00:00,282.09,0.0,0.0,75,Clouds,broken clouds,5030
2012-10-10 13:00:00,282.26,0.0,0.0,75,Clouds,broken clouds,5067
2012-10-10 14:00:00,282.05,0.0,0.0,90,Clouds,overcast clouds,5227
2012-10-10 15:00:00,281.59,0.0,0.0,90,Clouds,overcast clouds,5610
2012-10-10 16:00:00,281.23,0.0,0.0,81,Clear,sky is clear,6286
2012-10-10 18:00:00,282.6,0.0,0.0,81,Clear,sky is clear,4775
2012-10-10 19:00:00,282.6,0.0,0.0,81,Clear,sky is clear,3340
2012-10-10 20:00:00,282.6,0.0,0.0,81,Clear,sky is clear,3013
2012-10-10 21:00:00,282.6,0.0,0.0,81,Clear,sky is clear,2603
2012-10-10 22:00:00,282.6,0.0,0.0,81,Clear,sky is clear,1910
2012-10-10 23:00:00,282.6,0.0,0.0,81,Clear,sky is clear,1037
2012-10-11 01:00:00,273.9,0.0,0.0,1,Clear,sky is clear,347
2012-10-11 03:00:00,274.4,0.0,0.0,75,Clouds,broken clouds,350
2012-10-11 04:00:00,274.05,0.0,0.0,75,Clouds,broken clouds,850
2012-10-11 05:00:00,273.71,0.0,0.0,40,Clouds,scattered clouds,2791
2012-10-11 06:00:00,272.66,0.0,0.0,1,Clear,sky is clear,5809
2012-10-11 07:00:00,272.65,0.0,0.0,1,Clear,sky is clear,6798
2012-10-11 08:00:00,272.52,0.0,0.0,1,Clear,sky is clear,6304
2012-10-11 09:00:00,275.19,0.0,0.0,20,Clouds,few clouds,5291
2012-10-11 10:00:00,275.34,0.0,0.0,1,Clear,sky is clear,4638
2012-10-11 14:00:00,284.1,0.0,0.0,50,Clear,sky is clear,5557
2012-10-11 15:00:00,284.1,0.0,0.0,50,Clear,sky is clear,5818
2012-10-11 16:00:00,283.78,0.0,0.0,75,Clouds,broken clouds,6272
2012-10-11 17:00:00,283.52,0.0,0.0,75,Clouds,broken clouds,5944
2012-10-11 18:00:00,283.32,0.0,0.0,90,Clouds,overcast clouds,4949
2012-10-11 19:00:00,282.06,0.0,0.0,90,Clouds,overcast clouds,3511
2012-10-11 20:00:00,281.95,0.0,0.0,90,Clouds,overcast clouds,3039
2012-10-11 21:00:00,281.81,0.0,0.0,90,Clouds,overcast clouds,2679
2012-10-11 22:00:00,282.16,0.0,0.0,90,Clouds,overcast clouds,2094
2012-10-11 23:00:00,282.53,0.0,0.0,90,Clouds,overcast clouds,1284
2012-10-12 00:00:00,283.91,0.0,0.0,90,Clouds,overcast clouds,630
2012-10-12 01:00:00,284.64,0.0,0.0,90,Clouds,overcast clouds,410
2012-10-12 02:00:00,284.61,0.0,0.0,90,Clouds,overcast clouds,331
2012-10-12 03:00:00,283.18,0.0,0.0,72,Drizzle,light intensity drizzle,372
2012-10-12 04:00:00,282.26,0.0,0.0,72,Rain,light rain,739
2012-10-12 05:00:00,280.77,0.0,0.0,72,Drizzle,light intensity drizzle,2561
2012-10-12 06:00:00,278.53,0.0,0.0,75,Clouds,broken clouds,5586
2012-10-12 07:00:00,277.64,0.0,0.0,75,Clouds,broken clouds,6992
2012-10-12 08:00:00,277.9,0.0,0.0,90,Clouds,overcast clouds,5860
2012-10-12 09:00:00,278.18,0.0,0.0,90,Clouds,overcast clouds,5230
2012-10-12 10:00:00,279.29,0.0,0.0,75,Clouds,broken clouds,4864
2012-10-12 11:00:00,280.45,0.0,0.0,75,Clouds,broken clouds,5146
2012-10-12 12:00:00,280.95,0.0,0.0,40,Clouds,scattered clouds,5526
2012-10-12 13:00:00,281.74,0.0,0.0,40,Clouds,scattered clouds,5383
2012-10-12 14:00:00,281.84,0.0,0.0,75,Clouds,broken clouds,5758
2012-10-12 15:00:00,282.45,0.0,0.0,75,Clouds,broken clouds,5889
2012-10-12 16:00:00,282.2,0.0,0.0,75,Clouds,broken clouds,6057
2012-10-12 17:00:00,281.54,0.0,0.0,40,Clouds,scattered clouds,6028
2012-10-12 18:00:00,280.21,0.0,0.0,20,Clouds,few clouds,5257
2012-10-12 23:00:00,282.2,0.0,0.0,56,Clear,sky is clear,1897
2012-10-13 00:00:00,272.58,0.0,0.0,1,Clear,sky is clear,1335
2012-10-13 01:00:00,272.06,0.0,0.0,1,Clear,sky is clear,769
2012-10-13 02:00:00,270.99,0.0,0.0,1,Clear,sky is clear,570
2012-10-13 03:00:00,270.29,0.0,0.0,20,Clouds,few clouds,413
2012-10-13 04:00:00,269.48,0.0,0.0,1,Clear,sky is clear,399
2012-10-13 05:00:00,269.27,0.0,0.0,1,Clear,sky is clear,740
2012-10-13 06:00:00,268.91,0.0,0.0,1,Clear,sky is clear,1420
2012-10-13 07:00:00,268.98,0.0,0.0,75,Clouds,broken clouds,2220
2012-10-13 08:00:00,269.23,0.0,0.0,40,Clouds,scattered clouds,3479
2012-10-13 09:00:00,272.61,0.0,0.0,40,Clouds,scattered clouds,4546
2012-10-13 10:00:00,276.78,0.0,0.0,20,Clouds,few clouds,4579
2012-10-13 11:00:00,279.22,0.0,0.0,1,Clear,sky is clear,4438
2012-10-13 12:00:00,280.35,0.0,0.0,1,Clear,sky is clear,4623
2012-10-13 13:00:00,281.81,0.0,0.0,1,Clear,sky is clear,4440
2012-10-13 14:00:00,283.05,0.0,0.0,1,Clear,sky is clear,4495
2012-10-13 15:00:00,283.96,0.0,0.0,1,Clear,sky is clear,4483
2012-10-13 16:00:00,284.53,0.0,0.0,1,Clear,sky is clear,4591
2012-10-13 17:00:00,284.44,0.0,0.0,1,Clear,sky is clear,4477
2012-10-13 18:00:00,283.64,0.0,0.0,1,Clear,sky is clear,4221
2012-10-13 19:00:00,281.85,0.0,0.0,20,Clouds,few clouds,3672
2012-10-13 20:00:00,281.38,0.0,0.0,1,Clear,sky is clear,3015
2012-10-13 21:00:00,281.84,0.0,0.0,75,Clouds,broken clouds,2769
2012-10-13 22:00:00,282.23,0.0,0.0,90,Clouds,overcast clouds,2875
2012-10-13 23:00:00,282.18,0.0,0.0,90,Clouds,overcast clouds,1931
2012-10-14 00:00:00,282.49,0.0,0.0,90,Clouds,overcast clouds,1309
2012-10-14 01:00:00,282.54,0.0,0.0,90,Clouds,overcast clouds,870
2012-10-14 02:00:00,282.58,0.0,0.0,90,Clouds,overcast clouds,654
2012-10-14 03:00:00,282.23,0.0,0.0,90,Clouds,overcast clouds,364
2012-10-14 04:00:00,282.08,0.0,0.0,90,Clouds,overcast clouds,262
2012-10-14 05:00:00,282.23,0.0,0.0,90,Clouds,overcast clouds,505
2012-10-14 06:00:00,282.24,0.0,0.0,90,Clouds,overcast clouds,861
2012-10-14 07:00:00,282.24,0.0,0.0,90,Clouds,overcast clouds,1132
2012-10-14 08:00:00,282.24,0.0,0.0,57,Mist,mist,1797
2012-10-14 09:00:00,282.43,0.0,0.0,57,Drizzle,light intensity drizzle,2685
2012-10-14 09:00:00,282.43,0.0,0.0,57,Mist,mist,2685
2012-10-14 09:00:00,282.43,0.0,0.0,57,Haze,haze,2685
2012-10-14 10:00:00,282.33,0.0,0.0,57,Drizzle,light intensity drizzle,3370
2012-10-14 10:00:00,282.33,0.0,0.0,57,Mist,mist,3370
2012-10-14 11:00:00,282.82,0.0,0.0,57,Drizzle,light intensity drizzle,3662
2012-10-14 11:00:00,282.82,0.0,0.0,57,Mist,mist,3662
2012-10-14 12:00:00,283.33,0.0,0.0,57,Mist,mist,4076
2012-10-14 12:00:00,283.33,0.0,0.0,57,Rain,light rain,4076
2012-10-14 12:00:00,283.33,0.0,0.0,57,Drizzle,light intensity drizzle,4076
2012-10-14 13:00:00,283.75,0.0,0.0,93,Rain,light rain,4128
2012-10-14 13:00:00,283.75,0.0,0.0,93,Mist,mist,4128
2012-10-14 13:00:00,283.75,0.0,0.0,93,Drizzle,light intensity drizzle,4128
2012-10-14 14:00:00,284.09,0.0,0.0,93,Mist,mist,4358
2012-10-14 14:00:00,284.09,0.0,0.0,93,Rain,light rain,4358
2012-10-14 14:00:00,284.09,0.0,0.0,93,Drizzle,light intensity drizzle,4358
2012-10-14 15:00:00,284.55,0.0,0.0,93,Mist,mist,4342
2012-10-14 15:00:00,284.55,0.0,0.0,93,Rain,light rain,4342
2012-10-14 16:00:00,284.68,0.0,0.0,93,Mist,mist,4234
2012-10-14 17:00:00,284.64,0.0,0.0,93,Rain,light rain,4271
2012-10-14 17:00:00,284.64,0.0,0.0,93,Mist,mist,4271
2012-10-14 18:00:00,284.4,0.0,0.0,93,Mist,mist,4080
2012-10-14 19:00:00,284.17,0.0,0.0,93,Mist,mist,3453
2012-10-14 20:00:00,284.03,0.0,0.0,93,Mist,mist,2718
2012-10-14 21:00:00,283.58,0.0,0.0,93,Mist,mist,2439
2012-10-14 22:00:00,283.04,0.0,0.0,93,Mist,mist,1819
2012-10-14 23:00:00,281.95,0.0,0.0,93,Mist,mist,1002
2012-10-14 23:00:00,281.95,0.0,0.0,93,Fog,fog,1002
2012-10-15 00:00:00,281.61,0.0,0.0,93,Mist,mist,542
2012-10-15 00:00:00,281.61,0.0,0.0,93,Fog,fog,542
2012-10-15 01:00:00,281.57,0.0,0.0,85,Fog,fog,303
2012-10-15 02:00:00,281.42,0.0,0.0,85,Fog,fog,239
2012-10-15 03:00:00,281.29,0.0,0.0,85,Mist,mist,335
2012-10-15 03:00:00,281.29,0.0,0.0,85,Fog,fog,335
2012-10-15 04:00:00,281.02,0.0,0.0,85,Mist,mist,810
2012-10-15 04:00:00,281.02,0.0,0.0,85,Fog,fog,810
2012-10-15 05:00:00,280.82,0.0,0.0,85,Mist,mist,2606
2012-10-15 05:00:00,280.82,0.0,0.0,85,Fog,fog,2606
2012-10-15 06:00:00,280.39,0.0,0.0,85,Mist,mist,5714
2012-10-15 07:00:00,280.19,0.0,0.0,100,Mist,mist,6798
2012-10-15 08:00:00,279.82,0.0,0.0,100,Mist,mist,6114
2012-10-15 09:00:00,279.75,0.0,0.0,100,Mist,mist,5094
2012-10-15 10:00:00,280.07,0.0,0.0,100,Mist,mist,4473
2012-10-15 11:00:00,280.32,0.0,0.0,90,Clouds,overcast clouds,4529
2012-10-15 12:00:00,281.72,0.0,0.0,100,Clear,sky is clear,4823
2012-10-15 13:00:00,284.01,0.0,0.0,40,Clouds,scattered clouds,4872
2012-10-15 14:00:00,285.88,0.0,0.0,1,Clear,sky is clear,5238
2012-10-15 15:00:00,286.87,0.0,0.0,1,Clear,sky is clear,5584
2012-10-15 16:00:00,287.6,0.0,0.0,20,Clouds,few clouds,6246
2012-10-15 17:00:00,287.27,0.0,0.0,20,Clouds,few clouds,5957
2012-10-15 18:00:00,286.18,0.0,0.0,20,Clouds,few clouds,4535
2012-10-15 19:00:00,285.2,0.0,0.0,75,Clouds,broken clouds,3234
2012-10-15 20:00:00,284.68,0.0,0.0,75,Clouds,broken clouds,2677
2012-10-15 21:00:00,284.49,0.0,0.0,90,Clouds,overcast clouds,2077
2012-10-15 22:00:00,283.54,0.0,0.0,20,Clouds,few clouds,1380
2012-10-15 23:00:00,282.33,0.0,0.0,75,Clouds,broken clouds,927
2012-10-16 00:00:00,281.21,0.0,0.0,20,Clouds,few clouds,500
2012-10-16 01:00:00,279.87,0.0,0.0,1,Clear,sky is clear,324
2012-10-16 02:00:00,278.93,0.0,0.0,1,Clear,sky is clear,257
2012-10-16 03:00:00,277.91,0.0,0.0,1,Clear,sky is clear,354
2012-10-16 04:00:00,277.21,0.0,0.0,1,Clear,sky is clear,769
2012-10-16 05:00:00,276.61,0.0,0.0,1,Clear,sky is clear,2769
2012-10-16 06:00:00,276.11,0.0,0.0,1,Clear,sky is clear,5789
2012-10-16 07:00:00,274.81,0.0,0.0,20,Clouds,few clouds,7055
2012-10-16 08:00:00,274.99,0.0,0.0,20,Clouds,few clouds,6408
2012-10-16 09:00:00,277.91,0.0,0.0,20,Clouds,few clouds,5254
2012-10-16 10:00:00,280.71,0.0,0.0,20,Clouds,few clouds,4547
2012-10-16 11:00:00,283.85,0.0,0.0,20,Clouds,few clouds,4784
2012-10-16 12:00:00,286.01,0.0,0.0,40,Clouds,scattered clouds,5015
2012-10-16 13:00:00,286.31,0.0,0.0,1,Clear,sky is clear,5057
2012-10-16 14:00:00,288.15,0.0,0.0,75,Clouds,broken clouds,5430
2012-10-16 15:00:00,289.15,0.0,0.0,75,Clouds,broken clouds,5813
2012-10-16 16:00:00,288.99,0.0,0.0,75,Clouds,broken clouds,6496
2012-10-16 17:00:00,288.86,0.0,0.0,75,Clouds,broken clouds,6429
2012-10-16 18:00:00,288.16,0.0,0.0,90,Clouds,overcast clouds,5142
2012-10-16 19:00:00,287.28,0.0,0.0,68,Rain,light rain,3311
2012-10-16 20:00:00,287.04,0.0,0.0,90,Clouds,overcast clouds,2777
2012-10-16 21:00:00,286.9,0.0,0.0,90,Clouds,overcast clouds,2331
2012-10-16 22:00:00,287.09,0.0,0.0,90,Clouds,overcast clouds,1767
2012-10-16 23:00:00,287.09,0.0,0.0,90,Clouds,overcast clouds,1093
2012-10-17 00:00:00,286.89,0.0,0.0,75,Clouds,broken clouds,554
2012-10-17 01:00:00,286.93,0.0,0.0,75,Clouds,broken clouds,333
2012-10-17 02:00:00,286.93,0.0,0.0,90,Clouds,overcast clouds,267
2012-10-17 03:00:00,287.07,0.0,0.0,90,Clouds,overcast clouds,358
2012-10-17 04:00:00,286.56,0.0,0.0,75,Clouds,broken clouds,777
2012-10-17 05:00:00,285.91,0.0,0.0,90,Clouds,overcast clouds,2732
2012-10-17 06:00:00,285.29,0.0,0.0,90,Clouds,overcast clouds,5637
2012-10-17 07:00:00,284.92,0.0,0.0,75,Clouds,broken clouds,5564
2012-10-17 08:00:00,285.35,0.0,0.0,75,Clouds,broken clouds,6274
2012-10-17 09:00:00,285.72,0.0,0.0,100,Rain,proximity shower rain,5403
2012-10-17 09:00:00,285.72,0.0,0.0,100,Rain,light rain,5403
2012-10-17 10:00:00,287.09,0.0,0.0,75,Clouds,broken clouds,4680
2012-10-17 11:00:00,288.31,0.0,0.0,75,Clouds,broken clouds,4642
2012-10-17 12:00:00,288.61,0.0,0.0,1,Clear,sky is clear,4979
2012-10-17 13:00:00,290.32,0.0,0.0,1,Clear,sky is clear,4851
2012-10-17 14:00:00,291.36,0.0,0.0,1,Clear,sky is clear,4291
2012-10-17 15:00:00,292.01,0.0,0.0,1,Clear,sky is clear,4714
2012-10-17 16:00:00,292.61,0.0,0.0,1,Clear,sky is clear,6723
2012-10-17 17:00:00,292.65,0.0,0.0,1,Clear,sky is clear,6180
2012-10-17 18:00:00,290.52,0.0,0.0,40,Clouds,scattered clouds,4843
2012-10-17 19:00:00,288.35,0.0,0.0,40,Clouds,scattered clouds,3435
2012-10-17 20:00:00,286.72,0.0,0.0,40,Clouds,scattered clouds,2921
2012-10-17 21:00:00,285.49,0.0,0.0,40,Clouds,scattered clouds,2763
2012-10-17 22:00:00,284.22,0.0,0.0,20,Clouds,few clouds,1930
2012-10-17 23:00:00,283.8,0.0,0.0,20,Clouds,few clouds,1160
2012-10-18 00:00:00,283.72,0.0,0.0,20,Clouds,few clouds,654
2012-10-18 01:00:00,282.8,0.0,0.0,40,Clouds,scattered clouds,374
2012-10-18 02:00:00,282.32,0.0,0.0,99,Mist,mist,301
2012-10-18 03:00:00,282.38,0.0,0.0,99,Mist,mist,397
2012-10-18 04:00:00,282.76,0.0,0.0,90,Clouds,overcast clouds,794
2012-10-18 05:00:00,282.88,0.0,0.0,99,Mist,mist,2564
2012-10-18 06:00:00,284.18,0.0,0.0,75,Clouds,broken clouds,5358
2012-10-18 07:00:00,284.69,0.0,0.0,90,Clouds,overcast clouds,6441
2012-10-18 08:00:00,285.0,0.0,0.0,90,Clouds,overcast clouds,5536
2012-10-18 09:00:00,286.9,0.0,0.0,99,Rain,light rain,5256
2012-10-18 10:00:00,288.35,0.0,0.0,90,Clouds,overcast clouds,4619
2012-10-18 11:00:00,289.59,0.0,0.0,90,Clouds,overcast clouds,5107
2012-10-18 12:00:00,288.27,0.0,0.0,99,Rain,light rain,5147
2012-10-18 13:00:00,286.41,0.0,0.0,90,Clouds,overcast clouds,5283
2012-10-18 14:00:00,285.96,0.0,0.0,90,Clouds,overcast clouds,5704
2012-10-18 15:00:00,287.04,0.0,0.0,90,Clouds,overcast clouds,5887
2012-10-18 16:00:00,287.18,0.0,0.0,90,Clouds,overcast clouds,6307
2012-10-18 17:00:00,286.94,0.0,0.0,90,Clouds,overcast clouds,5953
2012-10-18 18:00:00,286.01,0.0,0.0,90,Clouds,overcast clouds,4519
2012-10-18 19:00:00,284.67,0.0,0.0,100,Drizzle,light intensity drizzle,3427
2012-10-18 20:00:00,283.44,0.0,0.0,100,Rain,light rain,2921
2012-10-18 21:00:00,282.51,0.0,0.0,100,Drizzle,light intensity drizzle,2649
2012-10-18 22:00:00,281.9,0.0,0.0,90,Clouds,overcast clouds,2005
2012-10-18 23:00:00,281.85,0.0,0.0,90,Clouds,overcast clouds,1177
2012-10-19 00:00:00,281.28,0.0,0.0,90,Clouds,overcast clouds,699
2012-10-19 01:00:00,280.97,0.0,0.0,87,Mist,mist,436
2012-10-19 02:00:00,280.44,0.0,0.0,87,Drizzle,light intensity drizzle,353
2012-10-19 02:00:00,280.44,0.0,0.0,87,Mist,mist,353
2012-10-19 03:00:00,280.02,0.0,0.0,87,Mist,mist,399
2012-10-19 04:00:00,279.79,0.0,0.0,87,Drizzle,light intensity drizzle,720
2012-10-19 04:00:00,279.79,0.0,0.0,87,Mist,mist,720
2012-10-19 04:00:00,279.79,0.0,0.0,87,Rain,light rain,720
2012-10-19 04:00:00,279.79,0.0,0.0,87,Drizzle,drizzle,720
2012-10-19 05:00:00,279.74,0.0,0.0,87,Mist,mist,2370
2012-10-19 05:00:00,279.74,0.0,0.0,87,Rain,light rain,2370
2012-10-19 06:00:00,279.65,0.0,0.0,87,Drizzle,light intensity drizzle,5162
2012-10-19 06:00:00,279.65,0.0,0.0,87,Mist,mist,5162
2012-10-19 06:00:00,279.65,0.0,0.0,87,Rain,light rain,5162
2012-10-19 07:00:00,279.45,0.0,0.0,91,Mist,mist,5777
2012-10-19 07:00:00,279.45,0.0,0.0,91,Rain,moderate rain,5777
2012-10-19 08:00:00,279.22,0.0,0.0,91,Drizzle,light intensity drizzle,5235
2012-10-19 08:00:00,279.22,0.0,0.0,91,Mist,mist,5235
2012-10-19 08:00:00,279.22,0.0,0.0,91,Rain,light rain,5235
2012-10-19 09:00:00,279.35,0.0,0.0,91,Rain,light rain,4606
2012-10-19 09:00:00,279.35,0.0,0.0,91,Mist,mist,4606
2012-10-19 10:00:00,279.92,0.0,0.0,91,Mist,mist,4328
2012-10-19 11:00:00,280.44,0.0,0.0,90,Clouds,overcast clouds,4282
2012-10-19 12:00:00,281.0,0.0,0.0,90,Clouds,overcast clouds,4489
2012-10-19 13:00:00,281.51,0.0,0.0,90,Clouds,overcast clouds,4908
2012-10-19 14:00:00,281.93,0.0,0.0,92,Mist,mist,5620
2012-10-19 15:00:00,281.94,0.0,0.0,92,Mist,mist,5849
2012-10-19 15:00:00,281.94,0.0,0.0,92,Drizzle,light intensity drizzle,5849
2012-10-19 16:00:00,282.27,0.0,0.0,92,Rain,moderate rain,4945
2012-10-19 17:00:00,282.41,0.0,0.0,92,Rain,light rain,4619
2012-10-19 18:00:00,282.21,0.0,0.0,90,Clouds,overcast clouds,4479
2012-10-19 19:00:00,281.69,0.0,0.0,75,Clouds,broken clouds,3804
2012-10-19 20:00:00,281.26,0.0,0.0,90,Clouds,overcast clouds,2908
2012-10-19 21:00:00,280.66,0.0,0.0,92,Mist,mist,2942
2012-10-19 22:00:00,280.43,0.0,0.0,92,Drizzle,drizzle,3077
2012-10-19 22:00:00,280.43,0.0,0.0,92,Drizzle,light intensity drizzle,3077
2012-10-19 23:00:00,280.1,0.0,0.0,92,Mist,mist,2051
2012-10-19 23:00:00,280.1,0.0,0.0,92,Rain,light rain,2051
2012-10-19 23:00:00,280.1,0.0,0.0,92,Drizzle,light intensity drizzle,2051
2012-10-20 00:00:00,280.06,0.0,0.0,92,Rain,light rain,1270
2012-10-20 00:00:00,280.06,0.0,0.0,92,Rain,moderate rain,1270
2012-10-20 01:00:00,280.28,0.0,0.0,96,Drizzle,drizzle,773
2012-10-20 01:00:00,280.28,0.0,0.0,96,Rain,light rain,773
2012-10-20 02:00:00,280.38,0.0,0.0,96,Drizzle,light intensity drizzle,589
2012-10-20 03:00:00,280.62,0.0,0.0,96,Drizzle,light intensity drizzle,432
2012-10-20 03:00:00,280.62,0.0,0.0,96,Mist,mist,432
2012-10-20 04:00:00,280.91,0.0,0.0,96,Mist,mist,401
2012-10-20 04:00:00,280.91,0.0,0.0,96,Drizzle,drizzle,401
2012-10-20 04:00:00,280.91,0.0,0.0,96,Rain,light rain,401
2012-10-20 05:00:00,280.96,0.0,0.0,96,Rain,light rain,759
2012-10-20 05:00:00,280.96,0.0,0.0,96,Mist,mist,759
2012-10-20 05:00:00,280.96,0.0,0.0,96,Drizzle,drizzle,759
2012-10-20 06:00:00,281.13,0.0,0.0,96,Rain,light rain,1313
2012-10-20 06:00:00,281.13,0.0,0.0,96,Mist,mist,1313
2012-10-20 06:00:00,281.13,0.0,0.0,96,Drizzle,light intensity drizzle,1313
2012-10-20 07:00:00,281.28,0.0,0.0,100,Rain,light rain,1824
2012-10-20 07:00:00,281.28,0.0,0.0,100,Mist,mist,1824
2012-10-20 07:00:00,281.28,0.0,0.0,100,Drizzle,drizzle,1824
2012-10-20 08:00:00,281.19,0.0,0.0,100,Rain,light rain,2787
2012-10-20 08:00:00,281.19,0.0,0.0,100,Mist,mist,2787
2012-10-20 08:00:00,281.19,0.0,0.0,100,Drizzle,drizzle,2787
2012-10-20 09:00:00,281.7,0.0,0.0,100,Rain,light rain,3713
2012-10-20 09:00:00,281.7,0.0,0.0,100,Drizzle,drizzle,3713
2012-10-20 09:00:00,281.7,0.0,0.0,100,Mist,mist,3713
2012-10-20 09:00:00,281.7,0.0,0.0,100,Drizzle,light intensity drizzle,3713
2012-10-20 10:00:00,282.02,0.0,0.0,100,Rain,light rain,3815
2012-10-20 10:00:00,282.02,0.0,0.0,100,Drizzle,drizzle,3815
2012-10-20 10:00:00,282.02,0.0,0.0,100,Mist,mist,3815
2012-10-20 10:00:00,282.02,0.0,0.0,100,Rain,moderate rain,3815
2012-10-20 11:00:00,282.35,0.0,0.0,100,Rain,light rain,4339
2012-10-20 11:00:00,282.35,0.0,0.0,100,Mist,mist,4339
2012-10-20 11:00:00,282.35,0.0,0.0,100,Drizzle,drizzle,4339
2012-10-20 12:00:00,282.71,0.0,0.0,100,Rain,heavy intensity rain,4613
2012-10-20 12:00:00,282.71,0.0,0.0,100,Mist,mist,4613
2012-10-20 12:00:00,282.71,0.0,0.0,100,Rain,light rain,4613
2012-10-20 12:00:00,282.71,0.0,0.0,100,Rain,moderate rain,4613
2012-10-20 13:00:00,283.31,0.0,0.0,48,Rain,light rain,4507
2012-10-20 14:00:00,283.79,0.0,0.0,90,Clouds,overcast clouds,4452
2012-10-20 15:00:00,284.2,0.0,0.0,75,Clouds,broken clouds,4636
2012-10-20 16:00:00,284.32,0.0,0.0,90,Clouds,overcast clouds,4810
2012-10-20 17:00:00,284.13,0.0,0.0,75,Clouds,broken clouds,5125
2012-10-20 18:00:00,283.14,0.0,0.0,40,Clouds,scattered clouds,4337
2012-10-20 19:00:00,281.4,0.0,0.0,40,Clouds,scattered clouds,3644
2012-10-20 20:00:00,280.47,0.0,0.0,20,Clouds,few clouds,3107
2012-10-20 21:00:00,279.52,0.0,0.0,20,Clouds,few clouds,2929
2012-10-20 22:00:00,278.85,0.0,0.0,48,Mist,mist,2865
2012-10-20 23:00:00,278.12,0.0,0.0,48,Fog,fog,2340
2012-10-21 00:00:00,277.94,0.0,0.0,48,Mist,mist,1372
2012-10-21 08:00:00,275.93,0.0,0.0,60,Fog,fog,1928
2012-10-21 08:00:00,275.93,0.0,0.0,60,Mist,mist,1928
2012-10-21 17:00:00,284.09,0.0,0.0,75,Clouds,broken clouds,4695
2012-10-21 18:00:00,282.6,0.0,0.0,75,Clouds,broken clouds,4335
2012-10-21 22:00:00,281.72,0.0,0.0,90,Clouds,overcast clouds,1583
2012-10-21 23:00:00,281.26,0.0,0.0,90,Clouds,overcast clouds,959
2012-10-22 00:00:00,281.29,0.0,0.0,75,Clouds,broken clouds,498
2012-10-22 01:00:00,281.01,0.0,0.0,75,Clouds,broken clouds,306
2012-10-22 02:00:00,280.57,0.0,0.0,40,Clouds,scattered clouds,259
2012-10-22 03:00:00,280.54,0.0,0.0,75,Clouds,broken clouds,324
2012-10-22 04:00:00,279.37,0.0,0.0,8,Mist,mist,806
2012-10-22 05:00:00,279.18,0.0,0.0,8,Mist,mist,2622
2012-10-22 06:00:00,279.05,0.0,0.0,8,Mist,mist,5456
2012-10-22 10:00:00,282.7,0.0,0.0,38,Clear,sky is clear,4324
2012-10-22 11:00:00,286.17,0.0,0.0,40,Clouds,scattered clouds,4378
2012-10-22 12:00:00,288.61,0.0,0.0,75,Clouds,broken clouds,4639
2012-10-22 13:00:00,290.59,0.0,0.0,20,Clouds,few clouds,4546
2012-10-22 14:00:00,292.21,0.0,0.0,75,Clouds,broken clouds,5006
2012-10-22 15:00:00,293.56,0.0,0.0,75,Clouds,broken clouds,5361
2012-10-22 16:00:00,293.43,0.0,0.0,40,Clouds,scattered clouds,6101
2012-10-22 17:00:00,293.4,0.0,0.0,40,Clouds,scattered clouds,5781
2012-10-22 18:00:00,291.47,0.0,0.0,20,Clouds,few clouds,4272
2012-10-22 19:00:00,289.17,0.0,0.0,20,Clouds,few clouds,3091
2012-10-22 20:00:00,287.28,0.0,0.0,1,Clear,sky is clear,2434
2012-10-22 21:00:00,286.1,0.0,0.0,1,Clear,sky is clear,1984
2012-10-22 22:00:00,285.45,0.0,0.0,75,Clouds,broken clouds,1383
2012-10-22 23:00:00,285.33,0.0,0.0,90,Clouds,overcast clouds,959
2012-10-23 00:00:00,285.07,0.0,0.0,90,Clouds,overcast clouds,511
2012-10-23 01:00:00,284.58,0.0,0.0,90,Clouds,overcast clouds,346
2012-10-23 02:00:00,283.88,0.0,0.0,75,Clouds,broken clouds,253
2012-10-23 03:00:00,283.55,0.0,0.0,75,Clouds,broken clouds,349
2012-10-23 04:00:00,282.85,0.0,0.0,20,Clouds,few clouds,807
2012-10-23 05:00:00,282.42,0.0,0.0,20,Clouds,few clouds,2669
2012-10-23 06:00:00,282.13,0.0,0.0,75,Clouds,broken clouds,5210
2012-10-23 07:00:00,281.85,0.0,0.0,40,Clouds,scattered clouds,6083
2012-10-23 08:00:00,281.85,0.0,0.0,20,Clouds,few clouds,5790
2012-10-23 09:00:00,283.07,0.0,0.0,75,Clouds,broken clouds,5484
2012-10-23 10:00:00,284.53,0.0,0.0,90,Clouds,overcast clouds,4407
2012-10-23 11:00:00,285.6,0.0,0.0,75,Clouds,broken clouds,4725
2012-10-23 12:00:00,286.63,0.0,0.0,90,Clouds,overcast clouds,4826
2012-10-23 13:00:00,286.75,0.0,0.0,99,Rain,moderate rain,4945
2012-10-23 14:00:00,287.97,0.0,0.0,90,Clouds,overcast clouds,5065
2012-10-23 15:00:00,288.54,0.0,0.0,99,Thunderstorm,proximity thunderstorm,5618
2012-10-23 16:00:00,288.72,0.0,0.0,90,Clouds,overcast clouds,6094
2012-10-23 17:00:00,288.53,0.0,0.0,90,Clouds,overcast clouds,5844
2012-10-23 18:00:00,288.16,0.0,0.0,90,Clouds,overcast clouds,4649
2012-10-23 19:00:00,287.59,0.0,0.0,90,Clouds,overcast clouds,3180
2012-10-23 20:00:00,287.21,0.0,0.0,90,Clouds,overcast clouds,2963
2012-10-23 21:00:00,286.29,0.0,0.0,90,Clouds,overcast clouds,2450
2012-10-23 22:00:00,285.7,0.0,0.0,90,Clouds,overcast clouds,1613
2012-10-23 23:00:00,285.61,0.0,0.0,90,Clouds,overcast clouds,1021
2012-10-24 00:00:00,285.37,0.0,0.0,99,Drizzle,light intensity drizzle,580
2012-10-24 00:00:00,285.37,0.0,0.0,99,Mist,mist,580
2012-10-24 01:00:00,285.51,0.0,0.0,90,Clouds,overcast clouds,298
2012-10-24 02:00:00,285.6,0.0,0.0,100,Haze,haze,261
2012-10-24 03:00:00,285.99,0.0,0.0,100,Mist,mist,408
2012-10-24 03:00:00,285.99,0.0,0.0,100,Haze,haze,408
2012-10-24 04:00:00,285.94,0.0,0.0,100,Mist,mist,793
2012-10-24 04:00:00,285.94,0.0,0.0,100,Thunderstorm,proximity thunderstorm,793
2012-10-24 05:00:00,285.97,0.0,0.0,90,Mist,mist,2643
2012-10-24 05:00:00,285.97,0.0,0.0,90,Rain,light rain,2643
2012-10-24 05:00:00,285.97,0.0,0.0,90,Thunderstorm,proximity thunderstorm,2643
2012-10-24 06:00:00,285.73,0.0,0.0,90,Mist,mist,5593
2012-10-24 06:00:00,285.73,0.0,0.0,90,Thunderstorm,thunderstorm with light rain,5593
2012-10-24 06:00:00,285.73,0.0,0.0,90,Rain,moderate rain,5593
2012-10-24 06:00:00,285.73,0.0,0.0,90,Thunderstorm,proximity thunderstorm,5593
2012-10-24 07:00:00,285.5,0.0,0.0,90,Rain,light rain,5722
2012-10-24 07:00:00,285.5,0.0,0.0,90,Mist,mist,5722
2012-10-24 08:00:00,285.55,0.0,0.0,90,Drizzle,light intensity drizzle,5607
2012-10-24 08:00:00,285.55,0.0,0.0,90,Mist,mist,5607
2012-10-24 08:00:00,285.55,0.0,0.0,90,Rain,light rain,5607
2012-10-24 08:00:00,285.55,0.0,0.0,90,Thunderstorm,proximity thunderstorm,5607
2012-10-24 09:00:00,285.93,0.0,0.0,90,Drizzle,light intensity drizzle,5492
2012-10-24 09:00:00,285.93,0.0,0.0,90,Mist,mist,5492
2012-10-24 09:00:00,285.93,0.0,0.0,90,Rain,moderate rain,5492
2012-10-24 10:00:00,286.34,0.0,0.0,90,Mist,mist,4542
2012-10-24 11:00:00,286.82,0.0,0.0,90,Mist,mist,4720
2012-10-24 11:00:00,286.82,0.0,0.0,90,Fog,fog,4720
2012-10-24 12:00:00,288.36,0.0,0.0,90,Mist,mist,4982
2012-10-24 12:00:00,288.36,0.0,0.0,90,Haze,haze,4982
2012-10-24 12:00:00,288.36,0.0,0.0,90,Fog,fog,4982
2012-10-24 13:00:00,289.08,0.0,0.0,90,Haze,haze,5032
2012-10-24 13:00:00,289.08,0.0,0.0,90,Mist,mist,5032
2012-10-24 13:00:00,289.08,0.0,0.0,90,Fog,fog,5032
2012-10-24 14:00:00,289.88,0.0,0.0,90,Mist,mist,5212
2012-10-24 14:00:00,289.88,0.0,0.0,90,Haze,haze,5212
2012-10-24 15:00:00,290.24,0.0,0.0,90,Mist,mist,5661
2012-10-24 15:00:00,290.24,0.0,0.0,90,Haze,haze,5661
2012-10-24 15:00:00,290.24,0.0,0.0,90,Rain,moderate rain,5661
2012-10-24 16:00:00,290.01,0.0,0.0,90,Mist,mist,5812
2012-10-24 17:00:00,289.62,0.0,0.0,90,Haze,haze,5855
2012-10-24 17:00:00,289.62,0.0,0.0,90,Mist,mist,5855
2012-10-24 18:00:00,289.61,0.0,0.0,90,Haze,haze,4416
2012-10-24 18:00:00,289.61,0.0,0.0,90,Mist,mist,4416
2012-10-24 19:00:00,289.06,0.0,0.0,90,Mist,mist,3118
2012-10-24 20:00:00,288.34,0.0,0.0,75,Haze,haze,2877
2012-10-24 20:00:00,288.34,0.0,0.0,75,Mist,mist,2877
2012-10-24 21:00:00,287.06,0.0,0.0,20,Mist,mist,2498
2012-10-24 22:00:00,287.41,0.0,0.0,75,Mist,mist,1701
2012-10-24 23:00:00,287.52,0.0,0.0,90,Mist,mist,1028
2012-10-25 00:00:00,287.81,0.0,0.0,90,Mist,mist,578
2012-10-25 01:00:00,287.29,0.0,0.0,75,Mist,mist,354
2012-10-25 02:00:00,287.23,0.0,0.0,90,Mist,mist,272
2012-10-25 03:00:00,286.44,0.0,0.0,90,Mist,mist,370
2012-10-25 04:00:00,285.32,0.0,0.0,90,Mist,mist,809
2012-10-25 04:00:00,285.32,0.0,0.0,90,Fog,fog,809
2012-10-25 05:00:00,285.43,0.0,0.0,90,Mist,mist,2641
2012-10-25 06:00:00,285.53,0.0,0.0,75,Mist,mist,4957
2012-10-25 07:00:00,285.2,0.0,0.0,90,Mist,mist,6036
2012-10-25 07:00:00,285.2,0.0,0.0,90,Fog,fog,6036
2012-10-25 08:00:00,285.02,0.0,0.0,90,Mist,mist,5309
2012-10-25 10:00:00,286.43,0.0,0.0,90,Mist,mist,4438
2012-10-25 11:00:00,287.36,0.0,0.0,90,Mist,mist,4723
2012-10-25 12:00:00,287.6,0.0,0.0,90,Mist,mist,4879
2012-10-25 13:00:00,287.29,0.0,0.0,90,Clouds,overcast clouds,5062
2012-10-25 14:00:00,286.41,0.0,0.0,90,Rain,light rain,5450
2012-10-25 14:00:00,286.41,0.0,0.0,90,Mist,mist,5450
2012-10-25 14:00:00,286.41,0.0,0.0,90,Drizzle,light intensity drizzle,5450
2012-10-25 14:00:00,286.41,0.0,0.0,90,Drizzle,drizzle,5450
2012-10-25 15:00:00,285.8,0.0,0.0,90,Drizzle,light intensity drizzle,5888
2012-10-25 15:00:00,285.8,0.0,0.0,90,Mist,mist,5888
2012-10-25 15:00:00,285.8,0.0,0.0,90,Rain,light rain,5888
2012-10-25 15:00:00,285.8,0.0,0.0,90,Drizzle,drizzle,5888
2012-10-25 15:00:00,285.8,0.0,0.0,90,Rain,moderate rain,5888
2012-10-25 16:00:00,285.29,0.0,0.0,90,Rain,light rain,6473
2012-10-25 16:00:00,285.29,0.0,0.0,90,Mist,mist,6473
2012-10-25 16:00:00,285.29,0.0,0.0,90,Drizzle,light intensity drizzle,6473
2012-10-25 17:00:00,284.77,0.0,0.0,90,Rain,moderate rain,6488
2012-10-25 17:00:00,284.77,0.0,0.0,90,Mist,mist,6488
2012-10-25 17:00:00,284.77,0.0,0.0,90,Rain,light rain,6488
2012-10-25 18:00:00,284.29,0.0,0.0,90,Drizzle,light intensity drizzle,5351
2012-10-25 18:00:00,284.29,0.0,0.0,90,Mist,mist,5351
2012-10-25 18:00:00,284.29,0.0,0.0,90,Rain,moderate rain,5351
2012-10-25 18:00:00,284.29,0.0,0.0,90,Rain,light rain,5351
2012-10-25 19:00:00,283.79,0.0,0.0,90,Drizzle,light intensity drizzle,3500
2012-10-25 19:00:00,283.79,0.0,0.0,90,Mist,mist,3500
2012-10-25 19:00:00,283.79,0.0,0.0,90,Rain,light rain,3500
2012-10-25 20:00:00,283.44,0.0,0.0,90,Rain,light rain,2856
2012-10-25 20:00:00,283.44,0.0,0.0,90,Mist,mist,2856
2012-10-25 20:00:00,283.44,0.0,0.0,90,Drizzle,drizzle,2856
2012-10-25 21:00:00,283.22,0.0,0.0,90,Rain,moderate rain,2587
2012-10-25 21:00:00,283.22,0.0,0.0,90,Mist,mist,2587
2012-10-25 21:00:00,283.22,0.0,0.0,90,Drizzle,light intensity drizzle,2587
2012-10-25 22:00:00,282.82,0.0,0.0,90,Clouds,overcast clouds,1979
2012-10-25 23:00:00,282.13,0.0,0.0,90,Clouds,overcast clouds,1284
2012-10-26 00:00:00,281.05,0.0,0.0,90,Rain,light rain,665
2012-10-26 00:00:00,281.05,0.0,0.0,90,Rain,moderate rain,665
2012-10-26 00:00:00,281.05,0.0,0.0,90,Drizzle,light intensity drizzle,665
2012-10-26 01:00:00,280.44,0.0,0.0,90,Drizzle,drizzle,432
2012-10-26 01:00:00,280.44,0.0,0.0,90,Rain,light rain,432
2012-10-26 02:00:00,280.07,0.0,0.0,90,Rain,light rain,326
2012-10-26 02:00:00,280.07,0.0,0.0,90,Mist,mist,326
2012-10-26 02:00:00,280.07,0.0,0.0,90,Drizzle,light intensity drizzle,326
2012-10-26 03:00:00,279.54,0.0,0.0,90,Rain,light rain,380
2012-10-26 03:00:00,279.54,0.0,0.0,90,Mist,mist,380
2012-10-26 03:00:00,279.54,0.0,0.0,90,Drizzle,light intensity drizzle,380
2012-10-26 03:00:00,279.54,0.0,0.0,90,Drizzle,drizzle,380
2012-10-26 04:00:00,278.93,0.0,0.0,90,Rain,light rain,705
2012-10-26 04:00:00,278.93,0.0,0.0,90,Mist,mist,705
2012-10-26 04:00:00,278.93,0.0,0.0,90,Rain,moderate rain,705
2012-10-26 04:00:00,278.93,0.0,0.0,90,Drizzle,light intensity drizzle,705
2012-10-26 04:00:00,278.93,0.0,0.0,90,Drizzle,drizzle,705
2012-10-26 05:00:00,278.27,0.0,0.0,90,Rain,heavy intensity rain,2430
2012-10-26 05:00:00,278.27,0.0,0.0,90,Mist,mist,2430
2012-10-26 05:00:00,278.27,0.0,0.0,90,Rain,moderate rain,2430
2012-10-26 05:00:00,278.27,0.0,0.0,90,Thunderstorm,proximity thunderstorm with rain,2430
2012-10-26 06:00:00,278.07,0.0,0.0,90,Rain,heavy intensity rain,5426
2012-10-26 06:00:00,278.07,0.0,0.0,90,Mist,mist,5426
2012-10-26 06:00:00,278.07,0.0,0.0,90,Rain,moderate rain,5426
2012-10-26 07:00:00,277.53,0.0,0.0,90,Rain,light rain,6499
2012-10-26 07:00:00,277.53,0.0,0.0,90,Rain,moderate rain,6499
2012-10-26 08:00:00,276.23,0.0,0.0,90,Rain,light rain,5856
2012-10-26 08:00:00,276.23,0.0,0.0,90,Mist,mist,5856
2012-10-26 08:00:00,276.23,0.0,0.0,90,Rain,moderate rain,5856
2012-10-26 09:00:00,275.66,0.0,0.0,90,Rain,light rain,5234
2012-10-26 09:00:00,275.66,0.0,0.0,90,Mist,mist,5234
2012-10-26 09:00:00,275.66,0.0,0.0,90,Snow,heavy snow,5234
2012-10-26 10:00:00,275.02,0.0,0.0,90,Rain,light rain,4695
2012-10-26 10:00:00,275.02,0.0,0.0,90,Mist,mist,4695
2012-10-26 10:00:00,275.02,0.0,0.0,90,Rain,moderate rain,4695
2012-10-26 10:00:00,275.02,0.0,0.0,90,Snow,heavy snow,4695
2012-10-26 11:00:00,275.03,0.0,0.0,90,Rain,light rain,5341
2012-10-26 11:00:00,275.03,0.0,0.0,90,Snow,heavy snow,5341
2012-10-26 11:00:00,275.03,0.0,0.0,90,Mist,mist,5341
2012-10-26 11:00:00,275.03,0.0,0.0,90,Rain,moderate rain,5341
2012-10-26 12:00:00,274.5,0.0,0.0,90,Mist,mist,5943
2012-10-26 12:00:00,274.5,0.0,0.0,90,Snow,heavy snow,5943
2012-10-26 13:00:00,275.01,0.0,0.0,90,Snow,heavy snow,5874
2012-10-26 14:00:00,275.38,0.0,0.0,90,Snow,heavy snow,5879
2012-10-26 14:00:00,275.38,0.0,0.0,90,Mist,mist,5879
2012-10-26 15:00:00,275.85,0.0,0.0,90,Snow,heavy snow,6060
2012-10-26 16:00:00,276.56,0.0,0.0,90,Clouds,overcast clouds,6348
2012-10-26 17:00:00,276.7,0.0,0.0,90,Clouds,overcast clouds,5955
2012-10-26 18:00:00,276.71,0.0,0.0,90,Clouds,overcast clouds,5341
2012-10-26 19:00:00,276.43,0.0,0.0,90,Clouds,overcast clouds,4144
2012-10-26 20:00:00,276.23,0.0,0.0,90,Clouds,overcast clouds,3249
2012-10-26 21:00:00,275.99,0.0,0.0,75,Clouds,broken clouds,3017
2012-10-26 22:00:00,276.28,0.0,0.0,90,Clouds,overcast clouds,2765
2012-10-26 23:00:00,276.28,0.0,0.0,90,Clouds,overcast clouds,1894
2012-10-27 00:00:00,276.01,0.0,0.0,90,Clouds,overcast clouds,1159
2012-10-27 01:00:00,275.36,0.0,0.0,90,Clouds,overcast clouds,822
2012-10-27 02:00:00,274.93,0.0,0.0,20,Clouds,few clouds,641
2012-10-27 03:00:00,274.28,0.0,0.0,20,Clouds,few clouds,411
2012-10-27 04:00:00,274.01,0.0,0.0,1,Clear,sky is clear,468
2012-10-27 05:00:00,273.71,0.0,0.0,1,Clear,sky is clear,723
2012-10-27 06:00:00,273.43,0.0,0.0,1,Clear,sky is clear,1415
2012-10-27 07:00:00,273.65,0.0,0.0,20,Clouds,few clouds,2191
2012-10-27 08:00:00,274.58,0.0,0.0,75,Clouds,broken clouds,3185
2012-10-27 09:00:00,275.39,0.0,0.0,90,Clouds,overcast clouds,4076
2012-10-27 10:00:00,275.44,0.0,0.0,0,Clear,sky is clear,4522
2012-10-27 11:00:00,276.11,0.0,0.0,90,Clouds,overcast clouds,6012
2012-10-27 12:00:00,276.48,0.0,0.0,90,Clouds,overcast clouds,5975
2012-10-27 13:00:00,276.5,0.0,0.0,90,Clouds,overcast clouds,5307
2012-10-27 14:00:00,276.56,0.0,0.0,90,Clouds,overcast clouds,4678
2012-10-27 15:00:00,276.61,0.0,0.0,90,Clouds,overcast clouds,4405
2012-10-27 16:00:00,276.9,0.0,0.0,90,Clouds,overcast clouds,4403
2012-10-27 17:00:00,276.61,0.0,0.0,90,Clouds,overcast clouds,4311
2012-10-27 18:00:00,276.34,0.0,0.0,90,Clouds,overcast clouds,4198
2012-10-27 19:00:00,275.96,0.0,0.0,90,Clouds,overcast clouds,3475
2012-10-27 20:00:00,275.6,0.0,0.0,90,Clouds,overcast clouds,3078
2012-10-27 21:00:00,274.86,0.0,0.0,90,Clouds,overcast clouds,2931
2012-10-27 22:00:00,274.05,0.0,0.0,20,Clouds,few clouds,2941
2012-10-27 23:00:00,273.62,0.0,0.0,20,Clouds,few clouds,2240
2012-10-28 00:00:00,273.52,0.0,0.0,20,Clouds,few clouds,1564
2012-10-28 01:00:00,273.54,0.0,0.0,90,Clouds,overcast clouds,795
2012-10-28 02:00:00,273.63,0.0,0.0,90,Clouds,overcast clouds,447
2012-10-28 03:00:00,273.63,0.0,0.0,90,Clouds,overcast clouds,443
2012-10-28 04:00:00,273.22,0.0,0.0,90,Clouds,overcast clouds,330
2012-10-28 05:00:00,272.75,0.0,0.0,75,Clouds,broken clouds,453
2012-10-28 06:00:00,272.16,0.0,0.0,75,Clouds,broken clouds,755
2012-10-28 07:00:00,271.06,0.0,0.0,20,Clouds,few clouds,953
2012-10-28 08:00:00,270.68,0.0,0.0,1,Clear,sky is clear,1650
2012-10-28 09:00:00,272.6,0.0,0.0,1,Clear,sky is clear,2442
2012-10-28 10:00:00,274.06,0.0,0.0,1,Clear,sky is clear,3230
2012-10-28 11:00:00,275.81,0.0,0.0,1,Clear,sky is clear,3575
2012-10-28 12:00:00,277.54,0.0,0.0,20,Clouds,few clouds,4139
2012-10-28 13:00:00,278.54,0.0,0.0,40,Clouds,scattered clouds,3892
2012-10-28 14:00:00,278.97,0.0,0.0,40,Clouds,scattered clouds,3989
2012-10-28 15:00:00,278.91,0.0,0.0,75,Clouds,broken clouds,4294
2012-10-28 16:00:00,278.81,0.0,0.0,75,Clouds,broken clouds,4521
2012-10-28 17:00:00,278.27,0.0,0.0,75,Clouds,broken clouds,4280
2012-10-28 18:00:00,276.67,0.0,0.0,75,Clouds,broken clouds,3945
2012-10-28 19:00:00,275.86,0.0,0.0,75,Clouds,broken clouds,3169
2012-10-28 20:00:00,274.29,0.0,0.0,75,Clouds,broken clouds,2772
2012-10-28 21:00:00,273.37,0.0,0.0,75,Clouds,broken clouds,2213
2012-10-28 22:00:00,272.77,0.0,0.0,75,Clouds,broken clouds,1570
2012-10-28 23:00:00,272.01,0.0,0.0,75,Clouds,broken clouds,1065
2012-10-29 00:00:00,271.78,0.0,0.0,40,Clouds,scattered clouds,530
2012-10-29 01:00:00,271.41,0.0,0.0,75,Haze,haze,331
2012-10-29 02:00:00,271.46,0.0,0.0,75,Mist,mist,270
2012-10-29 03:00:00,271.76,0.0,0.0,75,Clouds,broken clouds,316
2012-10-29 04:00:00,272.24,0.0,0.0,90,Clouds,overcast clouds,799
2012-10-29 05:00:00,271.98,0.0,0.0,90,Clouds,overcast clouds,2513
2012-10-29 06:00:00,271.53,0.0,0.0,40,Clouds,scattered clouds,5503
2012-10-29 07:00:00,271.46,0.0,0.0,40,Clouds,scattered clouds,6642
2012-10-29 08:00:00,271.7,0.0,0.0,40,Clouds,scattered clouds,6195
2012-10-29 09:00:00,273.26,0.0,0.0,75,Clouds,broken clouds,5246
2012-10-29 10:00:00,274.9,0.0,0.0,90,Clouds,overcast clouds,4460
2012-10-29 11:00:00,276.33,0.0,0.0,90,Clouds,overcast clouds,4580
2012-10-29 12:00:00,277.58,0.0,0.0,90,Snow,heavy snow,4771
2012-10-29 13:00:00,278.5,0.0,0.0,90,Clouds,overcast clouds,4836
2012-10-29 14:00:00,279.3,0.0,0.0,90,Clouds,overcast clouds,5138
2012-10-29 15:00:00,279.89,0.0,0.0,90,Clouds,overcast clouds,5606
2012-10-29 16:00:00,280.11,0.0,0.0,40,Clouds,scattered clouds,6120
2012-10-29 17:00:00,279.82,0.0,0.0,40,Clouds,scattered clouds,5985
2012-10-29 18:00:00,278.69,0.0,0.0,40,Clouds,scattered clouds,4418
2012-10-29 19:00:00,277.75,0.0,0.0,40,Clouds,scattered clouds,3089
2012-10-29 20:00:00,276.77,0.0,0.0,40,Clouds,scattered clouds,2636
2012-10-29 21:00:00,276.61,0.0,0.0,75,Clouds,broken clouds,2117
2012-10-29 22:00:00,276.06,0.0,0.0,75,Clouds,broken clouds,1437
2012-10-29 23:00:00,275.22,0.0,0.0,20,Clouds,few clouds,920
2012-10-30 00:00:00,274.75,0.0,0.0,20,Clouds,few clouds,600
2012-10-30 01:00:00,274.24,0.0,0.0,20,Clouds,few clouds,393
2012-10-30 02:00:00,273.47,0.0,0.0,20,Clouds,few clouds,298
2012-10-30 03:00:00,273.5,0.0,0.0,1,Clear,sky is clear,352
2012-10-30 04:00:00,273.15,0.0,0.0,75,Clouds,broken clouds,762
2012-10-30 05:00:00,273.0,0.0,0.0,20,Clouds,few clouds,2519
2012-10-30 06:00:00,272.69,0.0,0.0,20,Clouds,few clouds,5478
2012-10-30 07:00:00,273.08,0.0,0.0,40,Clouds,scattered clouds,6728
2012-10-30 08:00:00,273.91,0.0,0.0,75,Clouds,broken clouds,5972
2012-10-30 09:00:00,274.82,0.0,0.0,75,Clouds,broken clouds,5280
2012-10-30 10:00:00,276.16,0.0,0.0,75,Clouds,broken clouds,4626
2012-10-30 11:00:00,277.69,0.0,0.0,90,Clouds,overcast clouds,4947
2012-10-30 12:00:00,278.47,0.0,0.0,90,Clouds,overcast clouds,5125
2012-10-30 13:00:00,279.12,0.0,0.0,90,Clouds,overcast clouds,5130
2012-10-30 14:00:00,279.28,0.0,0.0,90,Clouds,overcast clouds,5394
2012-10-30 15:00:00,280.19,0.0,0.0,90,Clouds,overcast clouds,5837
2012-10-30 16:00:00,280.5,0.0,0.0,90,Clouds,overcast clouds,6222
2012-10-30 17:00:00,280.3,0.0,0.0,90,Clouds,overcast clouds,5992
2012-10-30 18:00:00,279.58,0.0,0.0,75,Clouds,broken clouds,4578
2012-10-30 19:00:00,278.78,0.0,0.0,75,Clouds,broken clouds,3246
2012-10-30 20:00:00,278.5,0.0,0.0,90,Clouds,overcast clouds,2834
2012-10-30 21:00:00,276.93,0.0,0.0,75,Clouds,broken clouds,2578
2012-10-30 22:00:00,276.03,0.0,0.0,40,Clouds,scattered clouds,1979
2012-10-30 23:00:00,275.01,0.0,0.0,40,Clouds,scattered clouds,1326
2012-10-31 00:00:00,273.87,0.0,0.0,40,Clouds,scattered clouds,541
2012-10-31 01:00:00,272.99,0.0,0.0,1,Clear,sky is clear,346
2012-10-31 02:00:00,272.41,0.0,0.0,1,Clear,sky is clear,265
2012-10-31 03:00:00,272.31,0.0,0.0,1,Clear,sky is clear,338
2012-10-31 04:00:00,272.39,0.0,0.0,1,Clear,sky is clear,765
2012-10-31 05:00:00,271.73,0.0,0.0,1,Clear,sky is clear,2611
2012-10-31 06:00:00,271.54,0.0,0.0,1,Clear,sky is clear,5577
2012-10-31 07:00:00,271.12,0.0,0.0,1,Clear,sky is clear,6908
2012-10-31 08:00:00,271.17,0.0,0.0,20,Clouds,few clouds,6079
2012-10-31 09:00:00,273.11,0.0,0.0,20,Clouds,few clouds,5309
2012-10-31 10:00:00,276.01,0.0,0.0,20,Clouds,few clouds,4567
2012-10-31 11:00:00,278.27,0.0,0.0,20,Clouds,few clouds,4804
2012-10-31 12:00:00,279.84,0.0,0.0,20,Clouds,few clouds,5041
2012-10-31 13:00:00,280.68,0.0,0.0,40,Clouds,scattered clouds,5051
2012-10-31 14:00:00,281.22,0.0,0.0,20,Clouds,few clouds,5274
2012-10-31 15:00:00,281.8,0.0,0.0,20,Clouds,few clouds,5936
2012-10-31 16:00:00,282.2,0.0,0.0,40,Clouds,scattered clouds,6128
2012-10-31 17:00:00,281.48,0.0,0.0,20,Clouds,few clouds,5821
2012-10-31 18:00:00,280.0,0.0,0.0,20,Clouds,few clouds,4040
2012-10-31 19:00:00,278.48,0.0,0.0,20,Clouds,few clouds,2711
2012-10-31 20:00:00,276.86,0.0,0.0,20,Clouds,few clouds,2690
2012-10-31 21:00:00,275.45,0.0,0.0,1,Clear,sky is clear,2539
2012-10-31 22:00:00,274.05,0.0,0.0,1,Clear,sky is clear,1925
2012-10-31 23:00:00,272.75,0.0,0.0,1,Clear,sky is clear,1471
2012-11-01 00:00:00,271.73,0.0,0.0,1,Clear,sky is clear,716
2012-11-01 01:00:00,270.91,0.0,0.0,1,Clear,sky is clear,453
2012-11-01 02:00:00,270.15,0.0,0.0,1,Clear,sky is clear,324
2012-11-01 03:00:00,269.68,0.0,0.0,1,Clear,sky is clear,390
2012-11-01 04:00:00,269.44,0.0,0.0,1,Clear,sky is clear,775
2012-11-01 05:00:00,268.96,0.0,0.0,1,Clear,sky is clear,2572
2012-11-01 06:00:00,268.61,0.0,0.0,1,Clear,sky is clear,5595
2012-11-01 07:00:00,268.74,0.0,0.0,1,Clear,sky is clear,6852
2012-11-01 08:00:00,268.45,0.0,0.0,20,Clouds,few clouds,5892
2012-11-01 09:00:00,270.9,0.0,0.0,1,Clear,sky is clear,5327
2012-11-01 10:00:00,273.45,0.0,0.0,1,Clear,sky is clear,4756
2012-11-01 11:00:00,275.9,0.0,0.0,20,Clouds,few clouds,5073
2012-11-01 12:00:00,278.7,0.0,0.0,20,Clouds,few clouds,5286
2012-11-01 13:00:00,280.25,0.0,0.0,20,Clouds,few clouds,5189
2012-11-01 14:00:00,281.67,0.0,0.0,1,Clear,sky is clear,5495
2012-11-01 15:00:00,283.03,0.0,0.0,1,Clear,sky is clear,5713
2012-11-01 16:00:00,283.13,0.0,0.0,1,Clear,sky is clear,6317
2012-11-01 17:00:00,283.04,0.0,0.0,20,Clouds,few clouds,6306
2012-11-01 18:00:00,281.3,0.0,0.0,20,Clouds,few clouds,4867
2012-11-01 19:00:00,279.84,0.0,0.0,40,Clouds,scattered clouds,3501
2012-11-01 20:00:00,278.88,0.0,0.0,40,Clouds,scattered clouds,3110
2012-11-01 21:00:00,278.51,0.0,0.0,90,Clouds,overcast clouds,2727
2012-11-01 22:00:00,279.26,0.0,0.0,90,Clouds,overcast clouds,1825
2012-11-01 23:00:00,279.21,0.0,0.0,90,Drizzle,light intensity drizzle,1222
2012-11-02 00:00:00,278.85,0.0,0.0,90,Clouds,overcast clouds,611
2012-11-02 01:00:00,277.59,0.0,0.0,75,Haze,haze,441
2012-11-02 02:00:00,277.01,0.0,0.0,40,Clouds,scattered clouds,331
2012-11-02 03:00:00,277.15,0.0,0.0,75,Clouds,broken clouds,365
2012-11-02 04:00:00,277.9,0.0,0.0,75,Clouds,broken clouds,708
2012-11-02 05:00:00,278.31,0.0,0.0,90,Clouds,overcast clouds,2379
2012-11-02 06:00:00,278.63,0.0,0.0,90,Clouds,overcast clouds,5236
2012-11-02 07:00:00,278.22,0.0,0.0,90,Clouds,overcast clouds,6509
2012-11-02 08:00:00,277.58,0.0,0.0,75,Clouds,broken clouds,5723
2012-11-02 09:00:00,278.02,0.0,0.0,40,Clouds,scattered clouds,5239
2012-11-02 10:00:00,278.37,0.0,0.0,90,Clouds,overcast clouds,4723
2012-11-02 11:00:00,278.78,0.0,0.0,90,Clouds,overcast clouds,5330
2012-11-02 12:00:00,278.78,0.0,0.0,75,Clouds,broken clouds,5403
2012-11-02 13:00:00,279.59,0.0,0.0,75,Clouds,broken clouds,5446
2012-11-02 14:00:00,279.64,0.0,0.0,1,Clear,sky is clear,5669
2012-11-02 15:00:00,280.0,0.0,0.0,40,Clouds,scattered clouds,6093
2012-11-02 16:00:00,279.76,0.0,0.0,40,Clouds,scattered clouds,6323
2012-11-02 17:00:00,278.9,0.0,0.0,40,Clouds,scattered clouds,5856
2012-11-02 18:00:00,277.06,0.0,0.0,40,Clouds,scattered clouds,4987
2012-11-02 19:00:00,275.29,0.0,0.0,40,Clouds,scattered clouds,3681
2012-11-02 20:00:00,274.98,0.0,0.0,20,Clouds,few clouds,2902
2012-11-02 21:00:00,273.31,0.0,0.0,20,Clouds,few clouds,2929
2012-11-02 22:00:00,272.77,0.0,0.0,1,Clear,sky is clear,2728
2012-11-02 23:00:00,272.06,0.0,0.0,1,Clear,sky is clear,1693
2012-11-03 00:00:00,272.01,0.0,0.0,20,Clouds,few clouds,1166
2012-11-03 01:00:00,271.8,0.0,0.0,75,Clouds,broken clouds,724
2012-11-03 02:00:00,271.3,0.0,0.0,75,Clouds,broken clouds,568
2012-11-03 03:00:00,270.41,0.0,0.0,20,Clouds,few clouds,343
2012-11-03 04:00:00,269.9,0.0,0.0,20,Clouds,few clouds,383
2012-11-03 05:00:00,269.56,0.0,0.0,1,Clear,sky is clear,703
2012-11-03 06:00:00,269.39,0.0,0.0,20,Clouds,few clouds,1229
2012-11-03 07:00:00,269.24,0.0,0.0,20,Clouds,few clouds,2057
2012-11-03 08:00:00,268.99,0.0,0.0,40,Clouds,scattered clouds,3246
2012-11-03 09:00:00,271.47,0.0,0.0,75,Clouds,broken clouds,4390
2012-11-03 10:00:00,272.85,0.0,0.0,75,Clouds,broken clouds,4573
2012-11-03 11:00:00,273.93,0.0,0.0,75,Clouds,broken clouds,4269
2012-11-03 12:00:00,274.85,0.0,0.0,75,Clouds,broken clouds,4833
2012-11-03 13:00:00,275.43,0.0,0.0,75,Clouds,broken clouds,4442
2012-11-03 14:00:00,275.73,0.0,0.0,40,Clouds,scattered clouds,4397
2012-11-03 15:00:00,275.9,0.0,0.0,40,Clouds,scattered clouds,4314
2012-11-03 16:00:00,276.29,0.0,0.0,75,Clouds,broken clouds,4413
2012-11-03 17:00:00,276.41,0.0,0.0,75,Clouds,broken clouds,4125
2012-11-03 18:00:00,276.29,0.0,0.0,75,Clouds,broken clouds,4004
2012-11-03 19:00:00,276.13,0.0,0.0,90,Clouds,overcast clouds,3404
2012-11-03 20:00:00,275.93,0.0,0.0,90,Clouds,overcast clouds,2777
2012-11-03 21:00:00,275.93,0.0,0.0,90,Clouds,overcast clouds,2579
2012-11-03 22:00:00,275.67,0.0,0.0,90,Clouds,overcast clouds,2552
2012-11-03 23:00:00,275.58,0.0,0.0,90,Clouds,overcast clouds,1952
2012-11-04 00:00:00,275.67,0.0,0.0,90,Clouds,overcast clouds,2125
2012-11-04 01:00:00,275.6,0.0,0.0,90,Clouds,overcast clouds,730
2012-11-04 01:00:00,275.77,0.0,0.0,90,Clouds,overcast clouds,730
2012-11-04 02:00:00,275.42,0.0,0.0,90,Clouds,overcast clouds,345
2012-11-04 03:00:00,275.47,0.0,0.0,90,Clouds,overcast clouds,223
2012-11-04 05:00:00,275.33,0.0,0.0,90,Clouds,overcast clouds,488
2012-11-04 06:00:00,275.08,0.0,0.0,90,Clouds,overcast clouds,710
2012-11-04 07:00:00,275.08,0.0,0.0,90,Clouds,overcast clouds,1165
2012-11-04 08:00:00,275.09,0.0,0.0,90,Rain,light rain,2067
2012-11-04 08:00:00,275.09,0.0,0.0,90,Snow,heavy snow,2067
2012-11-04 09:00:00,275.44,0.0,0.0,90,Clouds,overcast clouds,2911
2012-11-04 10:00:00,276.1,0.0,0.0,90,Clouds,overcast clouds,3527
2012-11-04 11:00:00,276.45,0.0,0.0,90,Clouds,overcast clouds,3765
2012-11-04 12:00:00,276.76,0.0,0.0,90,Clouds,overcast clouds,4063
2012-11-04 13:00:00,277.11,0.0,0.0,90,Clouds,overcast clouds,4043
2012-11-04 14:00:00,278.13,0.0,0.0,90,Clouds,overcast clouds,4200
2012-11-04 15:00:00,278.44,0.0,0.0,90,Clouds,overcast clouds,4105
2012-11-04 16:00:00,278.44,0.0,0.0,90,Clouds,overcast clouds,4015
2012-11-04 17:00:00,278.09,0.0,0.0,90,Clouds,overcast clouds,3620
2012-11-04 18:00:00,277.72,0.0,0.0,90,Clouds,overcast clouds,3652
2012-11-04 19:00:00,277.41,0.0,0.0,90,Clouds,overcast clouds,2837
2012-11-04 20:00:00,277.2,0.0,0.0,90,Clouds,overcast clouds,2446
2012-11-04 21:00:00,277.06,0.0,0.0,90,Clouds,overcast clouds,1950
2012-11-04 22:00:00,276.7,0.0,0.0,90,Clouds,overcast clouds,1451
2012-11-04 23:00:00,276.54,0.0,0.0,90,Rain,light rain,999
2012-11-05 00:00:00,276.07,0.0,0.0,90,Clouds,overcast clouds,1720
2012-11-05 01:00:00,275.67,0.0,0.0,75,Clouds,broken clouds,1299
2012-11-05 02:00:00,274.97,0.0,0.0,40,Clouds,scattered clouds,304
2012-11-05 03:00:00,274.86,0.0,0.0,20,Clouds,few clouds,412
2012-11-05 04:00:00,273.45,0.0,0.0,75,Mist,mist,753
2012-11-05 05:00:00,272.66,0.0,0.0,20,Clouds,few clouds,2562
2012-11-05 06:00:00,272.18,0.0,0.0,20,Clouds,few clouds,5658
2012-11-05 07:00:00,272.32,0.0,0.0,1,Clear,sky is clear,6877
2012-11-05 08:00:00,272.69,0.0,0.0,90,Clouds,overcast clouds,5981
2012-11-05 09:00:00,274.26,0.0,0.0,90,Clouds,overcast clouds,4999
2012-11-05 10:00:00,275.99,0.0,0.0,90,Clouds,overcast clouds,4408
2012-11-05 11:00:00,277.35,0.0,0.0,90,Clouds,overcast clouds,4575
2012-11-05 12:00:00,277.83,0.0,0.0,90,Clouds,overcast clouds,4710
2012-11-05 13:00:00,278.47,0.0,0.0,90,Clouds,overcast clouds,4648
2012-11-05 14:00:00,278.71,0.0,0.0,46,Clear,sky is clear,4968
2012-11-05 16:00:00,280.56,0.0,0.0,46,Clear,sky is clear,6124
2012-11-05 17:00:00,280.56,0.0,0.0,46,Clear,sky is clear,6134
2012-11-05 18:00:00,279.26,0.0,0.0,46,Clear,sky is clear,4265
2012-11-05 20:00:00,280.56,0.0,0.0,46,Clear,sky is clear,2415
2012-11-05 21:00:00,280.56,0.0,0.0,46,Clear,sky is clear,1963
2012-11-05 22:00:00,280.56,0.0,0.0,46,Clear,sky is clear,1454
2012-11-05 23:00:00,280.56,0.0,0.0,46,Clear,sky is clear,938
2012-11-06 00:00:00,280.56,0.0,0.0,46,Clear,sky is clear,537
2012-11-06 01:00:00,274.41,0.0,0.0,98,Clear,sky is clear,313
2012-11-06 02:00:00,274.41,0.0,0.0,98,Clear,sky is clear,256
2012-11-06 03:00:00,274.41,0.0,0.0,98,Clear,sky is clear,356
2012-11-06 04:00:00,274.41,0.0,0.0,98,Clear,sky is clear,788
2012-11-06 05:00:00,274.41,0.0,0.0,98,Clear,sky is clear,2565
2012-11-06 06:00:00,274.41,0.0,0.0,98,Clear,sky is clear,5330
2012-11-06 07:00:00,274.91,0.0,0.0,99,Clear,sky is clear,6181
2012-11-06 08:00:00,274.91,0.0,0.0,99,Clear,sky is clear,6182
2012-11-06 09:00:00,274.91,0.0,0.0,99,Clear,sky is clear,5720
2012-11-06 10:00:00,274.91,0.0,0.0,99,Clear,sky is clear,4612
2012-11-06 12:00:00,277.12,0.0,0.0,90,Mist,mist,4666
2012-11-06 13:00:00,278.04,0.0,0.0,90,Clouds,overcast clouds,5022
2012-11-06 14:00:00,278.19,0.0,0.0,90,Clouds,overcast clouds,5490
2012-11-06 15:00:00,278.38,0.0,0.0,90,Clouds,overcast clouds,5973
2012-11-06 16:00:00,278.59,0.0,0.0,90,Mist,mist,6201
2012-11-06 17:00:00,278.65,0.0,0.0,90,Mist,mist,5453
2012-11-06 18:00:00,278.74,0.0,0.0,90,Haze,haze,3921
2012-11-06 18:00:00,278.74,0.0,0.0,90,Mist,mist,3921
2012-11-06 19:00:00,278.87,0.0,0.0,90,Haze,haze,2835
2012-11-06 19:00:00,278.87,0.0,0.0,90,Mist,mist,2835
2012-11-06 20:00:00,279.02,0.0,0.0,90,Haze,haze,2450
2012-11-06 20:00:00,279.02,0.0,0.0,90,Mist,mist,2450
2012-11-06 21:00:00,278.84,0.0,0.0,90,Haze,haze,2078
2012-11-06 21:00:00,278.84,0.0,0.0,90,Drizzle,heavy intensity drizzle,2078
2012-11-06 21:00:00,278.84,0.0,0.0,90,Mist,mist,2078
2012-11-06 22:00:00,278.56,0.0,0.0,90,Haze,haze,1671
2012-11-06 22:00:00,278.56,0.0,0.0,90,Rain,light rain,1671
2012-11-06 22:00:00,278.56,0.0,0.0,90,Drizzle,drizzle,1671
2012-11-06 23:00:00,278.5,0.0,0.0,90,Haze,haze,1472
2012-11-06 23:00:00,278.5,0.0,0.0,90,Mist,mist,1472
2012-11-07 00:00:00,278.03,0.0,0.0,90,Haze,haze,792
2012-11-07 00:00:00,278.03,0.0,0.0,90,Rain,light rain,792
2012-11-07 00:00:00,278.03,0.0,0.0,90,Mist,mist,792
2012-11-07 01:00:00,277.28,0.0,0.0,90,Rain,light rain,811
2012-11-07 01:00:00,277.28,0.0,0.0,90,Mist,mist,811
2012-11-07 02:00:00,277.06,0.0,0.0,90,Rain,light rain,671
2012-11-07 02:00:00,277.06,0.0,0.0,90,Mist,mist,671
2012-11-07 02:00:00,277.06,0.0,0.0,90,Rain,moderate rain,671
2012-11-07 02:00:00,277.06,0.0,0.0,90,Snow,snow,671
2012-11-07 03:00:00,276.83,0.0,0.0,90,Rain,light rain,474
2012-11-07 03:00:00,276.83,0.0,0.0,90,Mist,mist,474
2012-11-07 03:00:00,276.83,0.0,0.0,90,Rain,moderate rain,474
2012-11-07 04:00:00,277.15,0.0,0.0,90,Rain,light rain,790
2012-11-07 04:00:00,277.15,0.0,0.0,90,Mist,mist,790
2012-11-07 05:00:00,277.57,0.0,0.0,90,Rain,light rain,2619
2012-11-07 05:00:00,277.57,0.0,0.0,90,Mist,mist,2619
2012-11-07 06:00:00,277.51,0.0,0.0,90,Rain,light rain,5788
2012-11-07 06:00:00,277.51,0.0,0.0,90,Mist,mist,5788
2012-11-07 06:00:00,277.51,0.0,0.0,90,Drizzle,light intensity drizzle,5788
2012-11-07 07:00:00,277.41,0.0,0.0,90,Drizzle,light intensity drizzle,7088
2012-11-07 07:00:00,277.41,0.0,0.0,90,Mist,mist,7088
2012-11-07 08:00:00,277.68,0.0,0.0,90,Mist,mist,6264
2012-11-07 08:00:00,277.68,0.0,0.0,90,Drizzle,drizzle,6264
2012-11-07 09:00:00,278.15,0.0,0.0,90,Clouds,overcast clouds,5230
2012-11-07 10:00:00,278.42,0.0,0.0,90,Clouds,overcast clouds,4567
2012-11-07 11:00:00,278.61,0.0,0.0,90,Clouds,overcast clouds,4769
2012-11-07 12:00:00,279.14,0.0,0.0,90,Clouds,overcast clouds,5011
2012-11-07 13:00:00,278.99,0.0,0.0,90,Clouds,overcast clouds,4889
2012-11-07 14:00:00,278.83,0.0,0.0,90,Rain,light rain,5367
2012-11-07 15:00:00,278.57,0.0,0.0,90,Rain,light rain,5678
2012-11-07 15:00:00,278.57,0.0,0.0,90,Drizzle,light intensity drizzle,5678
2012-11-07 16:00:00,278.21,0.0,0.0,90,Rain,light rain,6267
2012-11-07 16:00:00,278.21,0.0,0.0,90,Mist,mist,6267
2012-11-07 16:00:00,278.21,0.0,0.0,90,Drizzle,drizzle,6267
2012-11-07 16:00:00,278.21,0.0,0.0,90,Drizzle,light intensity drizzle,6267
2012-11-07 17:00:00,277.96,0.0,0.0,90,Mist,mist,6057
2012-11-07 17:00:00,277.96,0.0,0.0,90,Rain,moderate rain,6057
2012-11-07 18:00:00,277.51,0.0,0.0,90,Mist,mist,4883
2012-11-07 19:00:00,277.18,0.0,0.0,90,Clouds,overcast clouds,2927
2012-11-07 20:00:00,277.08,0.0,0.0,90,Clouds,overcast clouds,2594
2012-11-07 21:00:00,276.98,0.0,0.0,90,Clouds,overcast clouds,2347
2012-11-07 22:00:00,276.93,0.0,0.0,90,Rain,light rain,1544
2012-11-07 23:00:00,276.76,0.0,0.0,90,Clouds,overcast clouds,1219
2012-11-08 00:00:00,276.79,0.0,0.0,90,Clouds,overcast clouds,783
2012-11-08 01:00:00,276.64,0.0,0.0,90,Clouds,overcast clouds,357
2012-11-08 02:00:00,276.41,0.0,0.0,90,Clouds,overcast clouds,286
2012-11-08 03:00:00,276.32,0.0,0.0,90,Clouds,overcast clouds,396
2012-11-08 04:00:00,276.32,0.0,0.0,90,Clouds,overcast clouds,791
2012-11-08 05:00:00,276.29,0.0,0.0,90,Clouds,overcast clouds,2681
2012-11-08 06:00:00,276.29,0.0,0.0,90,Clouds,overcast clouds,5614
2012-11-08 07:00:00,276.38,0.0,0.0,90,Clouds,overcast clouds,6834
2012-11-08 08:00:00,276.94,0.0,0.0,90,Clouds,overcast clouds,6280
2012-11-08 09:00:00,277.39,0.0,0.0,90,Clouds,overcast clouds,5460
2012-11-08 10:00:00,278.31,0.0,0.0,90,Clouds,overcast clouds,4670
2012-11-08 11:00:00,278.71,0.0,0.0,90,Clouds,overcast clouds,5071
2012-11-08 12:00:00,279.86,0.0,0.0,90,Clouds,overcast clouds,5246
2012-11-08 13:00:00,279.97,0.0,0.0,75,Clouds,broken clouds,5039
2012-11-08 14:00:00,280.53,0.0,0.0,90,Clouds,overcast clouds,5411
2012-11-08 15:00:00,280.57,0.0,0.0,90,Clouds,overcast clouds,5866
2012-11-08 16:00:00,280.3,0.0,0.0,90,Clouds,overcast clouds,6556
2012-11-08 17:00:00,279.79,0.0,0.0,90,Clouds,overcast clouds,6204
2012-11-08 18:00:00,278.91,0.0,0.0,90,Clouds,overcast clouds,4688
2012-11-08 19:00:00,277.79,0.0,0.0,40,Clouds,scattered clouds,3326
2012-11-08 20:00:00,277.0,0.0,0.0,75,Clouds,broken clouds,3229
2012-11-08 21:00:00,276.52,0.0,0.0,75,Clouds,broken clouds,2790
2012-11-08 22:00:00,276.25,0.0,0.0,40,Clouds,scattered clouds,1946
2012-11-08 23:00:00,276.1,0.0,0.0,90,Clouds,overcast clouds,1181
2012-11-09 00:00:00,276.1,0.0,0.0,75,Clouds,broken clouds,649
2012-11-09 01:00:00,275.91,0.0,0.0,40,Clouds,scattered clouds,422
2012-11-09 02:00:00,275.69,0.0,0.0,40,Clouds,scattered clouds,340
2012-11-09 03:00:00,275.4,0.0,0.0,40,Clouds,scattered clouds,365
2012-11-09 04:00:00,275.44,0.0,0.0,20,Clouds,few clouds,683
2012-11-09 05:00:00,275.35,0.0,0.0,20,Clouds,few clouds,2471
2012-11-09 06:00:00,275.4,0.0,0.0,1,Clear,sky is clear,5538
2012-11-09 07:00:00,275.4,0.0,0.0,1,Clear,sky is clear,6880
2012-11-09 08:00:00,275.89,0.0,0.0,1,Clear,sky is clear,5906
2012-11-09 09:00:00,277.07,0.0,0.0,1,Clear,sky is clear,5234
2012-11-09 10:00:00,278.66,0.0,0.0,1,Clear,sky is clear,4719
2012-11-09 11:00:00,282.16,0.0,0.0,75,Clouds,broken clouds,5304
2012-11-09 12:00:00,282.49,0.0,0.0,1,Clear,sky is clear,5487
2012-11-09 13:00:00,284.21,0.0,0.0,40,Clouds,scattered clouds,5532
2012-11-09 14:00:00,284.57,0.0,0.0,40,Clouds,scattered clouds,5816
2012-11-09 15:00:00,284.64,0.0,0.0,75,Clouds,broken clouds,5958
2012-11-09 16:00:00,284.11,0.0,0.0,40,Clouds,scattered clouds,6455
2012-11-09 17:00:00,282.06,0.0,0.0,40,Clouds,scattered clouds,6154
2012-11-09 18:00:00,279.8,0.0,0.0,20,Clouds,few clouds,5330
2012-11-09 19:00:00,278.54,0.0,0.0,20,Clouds,few clouds,3540
2012-11-09 20:00:00,278.09,0.0,0.0,1,Clear,sky is clear,3193
2012-11-09 21:00:00,277.88,0.0,0.0,1,Clear,sky is clear,2948
2012-11-09 22:00:00,277.36,0.0,0.0,20,Clouds,few clouds,2496
2012-11-09 23:00:00,277.25,0.0,0.0,20,Clouds,few clouds,1707
2012-11-10 00:00:00,276.64,0.0,0.0,1,Clear,sky is clear,1090
2012-11-10 01:00:00,275.98,0.0,0.0,1,Clear,sky is clear,735
2012-11-10 02:00:00,275.73,0.0,0.0,1,Clear,sky is clear,537
2012-11-10 03:00:00,275.63,0.0,0.0,20,Clouds,few clouds,371
2012-11-10 04:00:00,275.29,0.0,0.0,20,Clouds,few clouds,397
2012-11-10 05:00:00,275.25,0.0,0.0,75,Clouds,broken clouds,696
2012-11-10 06:00:00,275.1,0.0,0.0,40,Mist,mist,1301
2012-11-10 07:00:00,275.23,0.0,0.0,40,Clouds,scattered clouds,1932
2012-11-10 08:00:00,276.09,0.0,0.0,20,Clouds,few clouds,2952
2012-11-10 09:00:00,277.86,0.0,0.0,20,Clouds,few clouds,3529
2012-11-10 10:00:00,280.05,0.0,0.0,20,Clouds,few clouds,3837
2012-11-10 11:00:00,281.75,0.0,0.0,20,Clouds,few clouds,4338
2012-11-10 12:00:00,283.15,0.0,0.0,20,Clouds,few clouds,4762
2012-11-10 13:00:00,283.99,0.0,0.0,75,Clouds,broken clouds,4367
2012-11-10 14:00:00,284.03,0.0,0.0,75,Clouds,broken clouds,4369
2012-11-10 15:00:00,283.98,0.0,0.0,1,Clear,sky is clear,4536
2012-11-10 16:00:00,283.0,0.0,0.0,1,Clear,sky is clear,4520
2012-11-10 17:00:00,281.46,0.0,0.0,90,Clouds,overcast clouds,4677
2012-11-10 18:00:00,280.71,0.0,0.0,90,Clouds,overcast clouds,4025
2012-11-10 19:00:00,280.24,0.0,0.0,90,Clouds,overcast clouds,3128
2012-11-10 20:00:00,280.18,0.0,0.0,90,Clouds,overcast clouds,2905
2012-11-10 21:00:00,280.08,0.0,0.0,90,Clouds,overcast clouds,2853
2012-11-10 22:00:00,280.23,0.0,0.0,90,Clouds,overcast clouds,3288
2012-11-10 23:00:00,280.33,0.0,0.0,90,Clouds,overcast clouds,2239
2012-11-11 00:00:00,280.27,0.0,0.0,90,Haze,haze,1381
2012-11-11 01:00:00,279.87,0.0,0.0,90,Drizzle,light intensity drizzle,922
2012-11-11 01:00:00,279.87,0.0,0.0,90,Rain,light rain,922
2012-11-11 01:00:00,279.87,0.0,0.0,90,Haze,haze,922
2012-11-11 01:00:00,279.87,0.0,0.0,90,Mist,mist,922
2012-11-11 02:00:00,280.01,0.0,0.0,90,Mist,mist,626
2012-11-11 02:00:00,280.01,0.0,0.0,90,Haze,haze,626
2012-11-11 02:00:00,280.01,0.0,0.0,90,Drizzle,light intensity drizzle,626
2012-11-11 03:00:00,280.26,0.0,0.0,90,Rain,light rain,331
2012-11-11 03:00:00,280.26,0.0,0.0,90,Mist,mist,331
2012-11-11 03:00:00,280.26,0.0,0.0,90,Haze,haze,331
2012-11-11 03:00:00,280.26,0.0,0.0,90,Thunderstorm,proximity thunderstorm,331
2012-11-11 04:00:00,280.1,0.0,0.0,90,Thunderstorm,thunderstorm with light rain,304
2012-11-11 04:00:00,280.1,0.0,0.0,90,Mist,mist,304
2012-11-11 04:00:00,280.1,0.0,0.0,90,Haze,haze,304
2012-11-11 04:00:00,280.1,0.0,0.0,90,Thunderstorm,thunderstorm with heavy rain,304
2012-11-11 04:00:00,280.1,0.0,0.0,90,Drizzle,light intensity drizzle,304
2012-11-11 05:00:00,279.9,0.0,0.0,90,Mist,mist,462
2012-11-11 05:00:00,279.9,0.0,0.0,90,Thunderstorm,thunderstorm with heavy rain,462
2012-11-11 05:00:00,279.9,0.0,0.0,90,Rain,light rain,462
2012-11-11 06:00:00,279.79,0.0,0.0,90,Thunderstorm,thunderstorm with light rain,793
2012-11-11 06:00:00,279.79,0.0,0.0,90,Mist,mist,793
2012-11-11 06:00:00,279.79,0.0,0.0,90,Rain,heavy intensity rain,793
2012-11-11 06:00:00,279.79,0.0,0.0,90,Rain,light rain,793
2012-11-11 07:00:00,279.95,0.0,0.0,90,Drizzle,light intensity drizzle,1120
2012-11-11 07:00:00,279.95,0.0,0.0,90,Mist,mist,1120
2012-11-11 07:00:00,279.95,0.0,0.0,90,Rain,light rain,1120
2012-11-11 08:00:00,279.91,0.0,0.0,90,Mist,mist,1797
2012-11-11 08:00:00,279.91,0.0,0.0,90,Drizzle,drizzle,1797
2012-11-11 09:00:00,280.43,0.0,0.0,90,Mist,mist,2687
2012-11-11 09:00:00,280.43,0.0,0.0,90,Rain,light rain,2687
2012-11-11 09:00:00,280.43,0.0,0.0,90,Drizzle,light intensity drizzle,2687
2012-11-11 09:00:00,280.43,0.0,0.0,90,Drizzle,drizzle,2687
2012-11-11 09:00:00,280.43,0.0,0.0,90,Rain,moderate rain,2687
2012-11-11 10:00:00,281.02,0.0,0.0,90,Mist,mist,3961
2012-11-11 10:00:00,281.02,0.0,0.0,90,Rain,light rain,3961
2012-11-11 11:00:00,282.05,0.0,0.0,90,Mist,mist,4086
2012-11-11 12:00:00,283.42,0.0,0.0,90,Mist,mist,3710
2012-11-11 12:00:00,283.42,0.0,0.0,90,Drizzle,drizzle,3710
2012-11-11 13:00:00,284.94,0.0,0.0,75,Mist,mist,3733
2012-11-11 13:00:00,284.94,0.0,0.0,75,Haze,haze,3733
2012-11-11 14:00:00,287.6,0.0,0.0,20,Haze,haze,3666
2012-11-11 14:00:00,287.6,0.0,0.0,20,Mist,mist,3666
2012-11-11 15:00:00,289.71,0.0,0.0,20,Haze,haze,4012
2012-11-11 15:00:00,289.71,0.0,0.0,20,Mist,mist,4012
2012-11-11 16:00:00,291.14,0.0,0.0,20,Mist,mist,4169
2012-11-11 17:00:00,290.28,0.0,0.0,20,Mist,mist,3636
2012-11-11 18:00:00,288.29,0.0,0.0,20,Thunderstorm,proximity thunderstorm,3390
2012-11-11 18:00:00,288.29,0.0,0.0,20,Mist,mist,3390
2012-11-11 19:00:00,289.25,0.0,0.0,40,Mist,mist,2660
2012-11-11 20:00:00,291.57,0.0,0.0,90,Clouds,overcast clouds,2173
2012-11-11 21:00:00,291.28,0.0,0.0,87,Clear,sky is clear,1924
2012-11-11 23:00:00,288.12,0.0,0.0,87,Clear,sky is clear,2863
2012-11-12 00:00:00,288.12,0.0,0.0,87,Clear,sky is clear,1000
2012-11-12 01:00:00,282.74,0.0,0.0,98,Clear,sky is clear,352
2012-11-12 02:00:00,282.74,0.0,0.0,98,Clear,sky is clear,263
2012-11-12 03:00:00,282.74,0.0,0.0,98,Clear,sky is clear,341
2012-11-12 04:00:00,282.74,0.0,0.0,98,Clear,sky is clear,761
2012-11-12 05:00:00,282.74,0.0,0.0,98,Clear,sky is clear,2467
2012-11-12 06:00:00,282.74,0.0,0.0,98,Clear,sky is clear,5242
2012-11-12 07:00:00,273.9,0.0,0.0,99,Clear,sky is clear,5390
2012-11-12 08:00:00,273.9,0.0,0.0,99,Clear,sky is clear,2029
2012-11-12 09:00:00,273.9,0.0,0.0,99,Clear,sky is clear,2096
2012-11-12 10:00:00,272.42,0.0,0.0,90,Clouds,overcast clouds,2892
2012-11-12 11:00:00,272.09,0.0,0.0,90,Snow,heavy snow,4245
2012-11-12 11:00:00,272.09,0.0,0.0,90,Mist,mist,4245
2012-11-12 12:00:00,271.94,0.0,0.0,90,Snow,heavy snow,4148
2012-11-12 13:00:00,271.85,0.0,0.0,90,Clouds,overcast clouds,4362
2012-11-12 14:00:00,271.4,0.0,0.0,90,Clouds,overcast clouds,4619
2012-11-12 15:00:00,271.25,0.0,0.0,90,Clouds,overcast clouds,4755
2012-11-12 16:00:00,270.6,0.0,0.0,90,Clouds,overcast clouds,5187
2012-11-12 17:00:00,270.07,0.0,0.0,90,Clouds,overcast clouds,5186
2012-11-12 18:00:00,269.76,0.0,0.0,90,Clouds,overcast clouds,3854
2012-11-12 19:00:00,269.71,0.0,0.0,90,Clouds,overcast clouds,2641
2012-11-12 20:00:00,269.19,0.0,0.0,90,Snow,heavy snow,2222
2012-11-12 21:00:00,268.91,0.0,0.0,90,Snow,heavy snow,1943
2012-11-12 22:00:00,268.39,0.0,0.0,90,Snow,heavy snow,1437
2012-11-12 23:00:00,267.27,0.0,0.0,90,Snow,heavy snow,2409
2012-11-13 00:00:00,267.05,0.0,0.0,90,Snow,heavy snow,905
2012-11-13 01:00:00,266.64,0.0,0.0,90,Clouds,overcast clouds,367
2012-11-13 02:00:00,266.58,0.0,0.0,90,Snow,heavy snow,290
2012-11-13 03:00:00,266.02,0.0,0.0,75,Clouds,broken clouds,317
2012-11-13 04:00:00,265.93,0.0,0.0,90,Clouds,overcast clouds,775
2012-11-13 05:00:00,266.15,0.0,0.0,20,Snow,heavy snow,2571
2012-11-13 06:00:00,266.42,0.0,0.0,75,Snow,heavy snow,5541
2012-11-13 07:00:00,266.85,0.0,0.0,90,Snow,heavy snow,6529
2012-11-13 08:00:00,266.86,0.0,0.0,90,Snow,heavy snow,6242
2012-11-13 08:00:00,266.86,0.0,0.0,90,Mist,mist,6242
2012-11-13 09:00:00,267.05,0.0,0.0,75,Snow,heavy snow,5438
2012-11-13 10:00:00,267.81,0.0,0.0,75,Snow,heavy snow,4656
2012-11-13 11:00:00,268.35,0.0,0.0,90,Snow,heavy snow,4759
2012-11-13 12:00:00,268.77,0.0,0.0,90,Snow,heavy snow,4943
2012-11-13 13:00:00,269.04,0.0,0.0,90,Clouds,overcast clouds,4924
2012-11-13 14:00:00,269.23,0.0,0.0,90,Clouds,overcast clouds,5409
2012-11-13 15:00:00,269.51,0.0,0.0,75,Clouds,broken clouds,5664
2012-11-13 16:00:00,269.24,0.0,0.0,90,Clouds,overcast clouds,6436
2012-11-13 17:00:00,269.06,0.0,0.0,90,Clouds,overcast clouds,6212
2012-11-13 18:00:00,268.35,0.0,0.0,90,Clouds,overcast clouds,4324
2012-11-13 19:00:00,268.26,0.0,0.0,90,Clouds,overcast clouds,2948
2012-11-13 20:00:00,268.21,0.0,0.0,75,Clouds,broken clouds,2604
2012-11-13 21:00:00,267.91,0.0,0.0,20,Clouds,few clouds,2192
2012-11-13 22:00:00,267.75,0.0,0.0,1,Clear,sky is clear,1563
2012-11-13 23:00:00,267.15,0.0,0.0,20,Clouds,few clouds,1346
2012-11-14 00:00:00,266.33,0.0,0.0,20,Clouds,few clouds,535
2012-11-14 01:00:00,265.99,0.0,0.0,1,Clear,sky is clear,325
2012-11-14 02:00:00,265.94,0.0,0.0,1,Clear,sky is clear,252
2012-11-14 03:00:00,265.14,0.0,0.0,1,Clear,sky is clear,361
2012-11-14 04:00:00,264.61,0.0,0.0,1,Clear,sky is clear,795
2012-11-14 05:00:00,264.67,0.0,0.0,1,Clear,sky is clear,2620
2012-11-14 06:00:00,264.82,0.0,0.0,1,Clear,sky is clear,5730
2012-11-14 07:00:00,265.1,0.0,0.0,1,Clear,sky is clear,6792
2012-11-14 08:00:00,266.4,0.0,0.0,1,Clear,sky is clear,6199
2012-11-14 09:00:00,269.25,0.0,0.0,1,Clear,sky is clear,5216
2012-11-14 10:00:00,271.89,0.0,0.0,40,Clouds,scattered clouds,4864
2012-11-14 11:00:00,272.77,0.0,0.0,1,Clear,sky is clear,5477
2012-11-14 12:00:00,275.0,0.0,0.0,1,Clear,sky is clear,5654
2012-11-14 13:00:00,277.19,0.0,0.0,1,Clear,sky is clear,5761
2012-11-14 14:00:00,277.92,0.0,0.0,1,Clear,sky is clear,6131
2012-11-14 15:00:00,278.95,0.0,0.0,75,Clouds,broken clouds,6415
2012-11-14 16:00:00,278.02,0.0,0.0,75,Clouds,broken clouds,7189
2012-11-14 17:00:00,276.5,0.0,0.0,75,Clouds,broken clouds,6968
2012-11-14 18:00:00,275.88,0.0,0.0,90,Clouds,overcast clouds,5182
2012-11-14 19:00:00,275.98,0.0,0.0,90,Clouds,overcast clouds,3536
2012-11-14 20:00:00,275.98,0.0,0.0,90,Clouds,overcast clouds,3052
2012-11-14 21:00:00,276.13,0.0,0.0,90,Clouds,overcast clouds,2665
2012-11-14 22:00:00,276.53,0.0,0.0,90,Clouds,overcast clouds,2044
2012-11-14 23:00:00,276.53,0.0,0.0,90,Clouds,overcast clouds,1841
2012-11-15 00:00:00,276.48,0.0,0.0,90,Clouds,overcast clouds,575
2012-11-15 01:00:00,276.26,0.0,0.0,90,Clouds,overcast clouds,325
2012-11-15 02:00:00,276.02,0.0,0.0,90,Clouds,overcast clouds,294
2012-11-15 03:00:00,275.87,0.0,0.0,90,Clouds,overcast clouds,371
2012-11-15 04:00:00,275.47,0.0,0.0,90,Clouds,overcast clouds,817
2012-11-15 05:00:00,274.91,0.0,0.0,90,Clouds,overcast clouds,2657
2012-11-15 06:00:00,274.34,0.0,0.0,90,Clouds,overcast clouds,5814
2012-11-15 07:00:00,273.31,0.0,0.0,75,Clouds,broken clouds,6761
2012-11-15 08:00:00,273.76,0.0,0.0,40,Clouds,scattered clouds,6171
2012-11-15 09:00:00,276.44,0.0,0.0,20,Clouds,few clouds,5387
2012-11-15 10:00:00,278.23,0.0,0.0,40,Clouds,scattered clouds,4704
2012-11-15 11:00:00,279.03,0.0,0.0,1,Clear,sky is clear,4811
2012-11-15 12:00:00,280.71,0.0,0.0,1,Clear,sky is clear,5115
2012-11-15 13:00:00,283.26,0.0,0.0,40,Clouds,scattered clouds,5114
2012-11-15 14:00:00,283.8,0.0,0.0,75,Clouds,broken clouds,5597
2012-11-15 15:00:00,283.29,0.0,0.0,75,Clouds,broken clouds,5801
2012-11-15 16:00:00,282.32,0.0,0.0,75,Clouds,broken clouds,6570
2012-11-15 17:00:00,280.33,0.0,0.0,75,Clouds,broken clouds,6396
2012-11-15 18:00:00,278.97,0.0,0.0,90,Clouds,overcast clouds,4717
2012-11-15 19:00:00,278.64,0.0,0.0,90,Clouds,overcast clouds,3398
2012-11-15 20:00:00,278.12,0.0,0.0,90,Clouds,overcast clouds,3258
2012-11-15 21:00:00,278.05,0.0,0.0,90,Clouds,overcast clouds,2681
2012-11-15 23:00:00,279.5,0.0,0.0,90,Clouds,overcast clouds,1367
2012-11-16 00:00:00,279.5,0.0,0.0,90,Clouds,overcast clouds,662
2012-11-16 01:00:00,277.1,0.0,0.0,99,Rain,light rain,435
2012-11-16 02:00:00,277.1,0.0,0.0,99,Rain,light rain,332
2012-11-16 03:00:00,277.1,0.0,0.0,99,Rain,light rain,391
2012-11-16 04:00:00,277.1,0.0,0.0,99,Rain,light rain,708
2012-11-16 05:00:00,277.1,0.0,0.0,99,Rain,light rain,2477
2012-11-16 06:00:00,277.1,0.0,0.0,99,Rain,light rain,5527
2012-11-16 07:00:00,276.8,0.0,0.0,0,Clear,sky is clear,6517
2012-11-16 08:00:00,276.8,0.0,0.0,0,Clear,sky is clear,5360
2012-11-16 09:00:00,276.8,0.0,0.0,0,Clear,sky is clear,5177
2012-11-16 10:00:00,276.8,0.0,0.0,0,Clear,sky is clear,4661
2012-11-16 11:00:00,276.8,0.0,0.0,0,Clear,sky is clear,5129
2012-11-16 12:00:00,276.8,0.0,0.0,0,Clear,sky is clear,5326
2012-11-16 13:00:00,276.8,0.0,0.0,0,Clear,sky is clear,5488
2012-11-16 14:00:00,279.24,0.0,0.0,1,Clear,sky is clear,5489
2012-11-16 15:00:00,279.24,0.0,0.0,1,Clear,sky is clear,5835
2012-11-16 16:00:00,279.24,0.0,0.0,1,Clear,sky is clear,6427
2012-11-16 17:00:00,279.24,0.0,0.0,1,Clear,sky is clear,6093
2012-11-16 18:00:00,279.24,0.0,0.0,1,Clear,sky is clear,5074
2012-11-16 19:00:00,279.24,0.0,0.0,1,Clear,sky is clear,3522
2012-11-16 20:00:00,279.24,0.0,0.0,1,Clear,sky is clear,2818
2012-11-16 21:00:00,279.24,0.0,0.0,1,Clear,sky is clear,2804
2012-11-16 22:00:00,279.24,0.0,0.0,1,Clear,sky is clear,2639
2012-11-16 23:00:00,279.24,0.0,0.0,1,Clear,sky is clear,1766
2012-11-17 00:00:00,279.24,0.0,0.0,1,Clear,sky is clear,1091
2012-11-17 01:00:00,270.94,0.0,0.0,0,Clear,sky is clear,739
2012-11-17 02:00:00,270.94,0.0,0.0,0,Clear,sky is clear,642
2012-11-17 03:00:00,270.94,0.0,0.0,0,Clear,sky is clear,404
2012-11-17 04:00:00,270.94,0.0,0.0,0,Clear,sky is clear,407
2012-11-17 05:00:00,266.83,0.0,0.0,1,Clear,sky is clear,753
2012-11-17 06:00:00,266.27,0.0,0.0,1,Clear,sky is clear,1381
2012-11-17 07:00:00,265.91,0.0,0.0,1,Clear,sky is clear,2046
2012-11-17 08:00:00,267.33,0.0,0.0,20,Clouds,few clouds,3031
2012-11-17 09:00:00,270.82,0.0,0.0,20,Clouds,few clouds,3842
2012-11-17 10:00:00,273.55,0.0,0.0,20,Clouds,few clouds,4233
2012-11-17 11:00:00,275.85,0.0,0.0,20,Clouds,few clouds,4416
2012-11-17 12:00:00,277.61,0.0,0.0,20,Clouds,few clouds,4753
2012-11-17 13:00:00,278.64,0.0,0.0,40,Clouds,scattered clouds,4525
2012-11-17 14:00:00,279.34,0.0,0.0,40,Clouds,scattered clouds,4628
2012-11-17 15:00:00,279.39,0.0,0.0,40,Clouds,scattered clouds,4546
2012-11-17 16:00:00,278.73,0.0,0.0,40,Clouds,scattered clouds,4516
2012-11-17 17:00:00,276.5,0.0,0.0,40,Clouds,scattered clouds,4468
2012-11-17 19:00:00,274.33,0.0,0.0,20,Clouds,few clouds,3265
2012-11-17 20:00:00,274.43,0.0,0.0,20,Clouds,few clouds,2608
2012-11-17 21:00:00,274.45,0.0,0.0,20,Clouds,few clouds,2770
2012-11-17 22:00:00,274.4,0.0,0.0,1,Clear,sky is clear,2661
2012-11-17 23:00:00,274.78,0.0,0.0,1,Clear,sky is clear,2191
2012-11-18 00:00:00,275.15,0.0,0.0,1,Clear,sky is clear,1293
2012-11-18 01:00:00,275.25,0.0,0.0,1,Clear,sky is clear,861
2012-11-18 02:00:00,275.62,0.0,0.0,1,Clear,sky is clear,644
2012-11-18 03:00:00,275.89,0.0,0.0,1,Haze,haze,368
2012-11-18 04:00:00,276.16,0.0,0.0,1,Haze,haze,293
2012-11-18 05:00:00,276.29,0.0,0.0,1,Clear,sky is clear,482
2012-11-18 06:00:00,276.24,0.0,0.0,1,Clear,sky is clear,774
2012-11-18 07:00:00,276.2,0.0,0.0,20,Clouds,few clouds,1052
2012-11-18 08:00:00,277.08,0.0,0.0,75,Haze,haze,1722
2012-11-18 09:00:00,279.0,0.0,0.0,75,Haze,haze,2561
2012-11-18 10:00:00,281.2,0.0,0.0,75,Clouds,broken clouds,3232
2012-11-18 11:00:00,283.49,0.0,0.0,75,Clouds,broken clouds,3630
2012-11-18 12:00:00,285.53,0.0,0.0,90,Clouds,overcast clouds,3999
2012-11-18 13:00:00,285.96,0.0,0.0,75,Clouds,broken clouds,4075
2012-11-18 14:00:00,285.95,0.0,0.0,75,Clouds,broken clouds,3966
2012-11-18 15:00:00,285.65,0.0,0.0,75,Clouds,broken clouds,4083
2012-11-18 16:00:00,285.05,0.0,0.0,75,Clouds,broken clouds,4277
2012-11-18 17:00:00,284.31,0.0,0.0,75,Clouds,broken clouds,4368
2012-11-18 18:00:00,284.17,0.0,0.0,90,Clouds,overcast clouds,3504
2012-11-18 19:00:00,284.17,0.0,0.0,90,Clouds,overcast clouds,3575
2012-11-18 20:00:00,284.17,0.0,0.0,90,Clouds,overcast clouds,2702
2012-11-18 21:00:00,283.94,0.0,0.0,90,Clouds,overcast clouds,2007
2012-11-18 22:00:00,283.65,0.0,0.0,90,Clouds,overcast clouds,1505
2012-11-18 23:00:00,283.55,0.0,0.0,90,Clouds,overcast clouds,961
2012-11-19 00:00:00,283.01,0.0,0.0,90,Clouds,overcast clouds,476
2012-11-19 01:00:00,282.54,0.0,0.0,90,Clouds,overcast clouds,311
2012-11-19 02:00:00,282.45,0.0,0.0,90,Clouds,overcast clouds,268
2012-11-19 03:00:00,282.02,0.0,0.0,90,Clouds,overcast clouds,364
2012-11-19 04:00:00,281.8,0.0,0.0,90,Clouds,overcast clouds,789
2012-11-19 05:00:00,281.06,0.0,0.0,90,Clouds,overcast clouds,2579
2012-11-19 06:00:00,280.5,0.0,0.0,40,Clouds,scattered clouds,5546
2012-11-19 07:00:00,280.03,0.0,0.0,40,Clouds,scattered clouds,6831
2012-11-19 08:00:00,280.0,0.0,0.0,40,Clouds,scattered clouds,5884
2012-11-19 09:00:00,281.48,0.0,0.0,40,Clouds,scattered clouds,5133
2012-11-19 10:00:00,282.85,0.0,0.0,75,Clouds,broken clouds,4518
2012-11-19 11:00:00,284.13,0.0,0.0,40,Clouds,scattered clouds,4564
2012-11-19 12:00:00,285.5,0.0,0.0,1,Clear,sky is clear,4925
2012-11-19 13:00:00,286.43,0.0,0.0,1,Clear,sky is clear,4866
2012-11-19 14:00:00,287.18,0.0,0.0,20,Clouds,few clouds,5118
2012-11-19 15:00:00,286.68,0.0,0.0,40,Clouds,scattered clouds,5473
2012-11-19 16:00:00,286.02,0.0,0.0,75,Clouds,broken clouds,6276
2012-11-19 17:00:00,284.55,0.0,0.0,40,Clouds,scattered clouds,5908
2012-11-19 18:00:00,284.64,0.0,0.0,40,Clouds,scattered clouds,4239
2012-11-19 19:00:00,284.34,0.0,0.0,75,Clouds,broken clouds,3011
2012-11-19 20:00:00,284.04,0.0,0.0,75,Clouds,broken clouds,2644
2012-11-19 21:00:00,283.5,0.0,0.0,75,Clouds,broken clouds,2150
2012-11-19 22:00:00,282.96,0.0,0.0,75,Clouds,broken clouds,1539
2012-11-19 23:00:00,282.38,0.0,0.0,40,Clouds,scattered clouds,970
2012-11-20 00:00:00,282.09,0.0,0.0,75,Clouds,broken clouds,504
2012-11-20 01:00:00,281.77,0.0,0.0,75,Clouds,broken clouds,327
2012-11-20 02:00:00,282.35,0.0,0.0,75,Clouds,broken clouds,254
2012-11-20 03:00:00,282.26,0.0,0.0,75,Clouds,broken clouds,346
2012-11-20 04:00:00,282.37,0.0,0.0,75,Clouds,broken clouds,775
2012-11-20 05:00:00,282.52,0.0,0.0,75,Clouds,broken clouds,2568
2012-11-20 06:00:00,282.43,0.0,0.0,90,Clouds,overcast clouds,5647
2012-11-20 07:00:00,282.01,0.0,0.0,75,Clouds,broken clouds,6824
2012-11-20 08:00:00,282.33,0.0,0.0,75,Clouds,broken clouds,5989
2012-11-20 09:00:00,283.08,0.0,0.0,75,Clouds,broken clouds,5419
2012-11-20 10:00:00,283.53,0.0,0.0,40,Clouds,scattered clouds,4826
2012-11-20 11:00:00,285.74,0.0,0.0,40,Clouds,scattered clouds,5003
2012-11-20 12:00:00,286.67,0.0,0.0,40,Clouds,scattered clouds,5099
2012-11-20 13:00:00,287.41,0.0,0.0,40,Clouds,scattered clouds,5264
2012-11-20 14:00:00,287.74,0.0,0.0,40,Clouds,scattered clouds,5561
2012-11-20 15:00:00,287.73,0.0,0.0,40,Clouds,scattered clouds,5721
2012-11-20 16:00:00,286.53,0.0,0.0,40,Clouds,scattered clouds,6521
2012-11-20 17:00:00,283.85,0.0,0.0,40,Clouds,scattered clouds,6019
2012-11-20 18:00:00,281.47,0.0,0.0,20,Clouds,few clouds,4525
2012-11-20 19:00:00,280.54,0.0,0.0,1,Clear,sky is clear,3385
2012-11-20 20:00:00,279.11,0.0,0.0,1,Clear,sky is clear,2999
2012-11-20 21:00:00,278.24,0.0,0.0,1,Clear,sky is clear,2642
2012-11-20 22:00:00,277.99,0.0,0.0,1,Clear,sky is clear,2050
2012-11-20 23:00:00,278.0,0.0,0.0,1,Haze,haze,1211
2012-11-21 00:00:00,277.74,0.0,0.0,20,Mist,mist,667
2012-11-21 01:00:00,277.23,0.0,0.0,1,Mist,mist,399
2012-11-21 02:00:00,276.49,0.0,0.0,1,Clear,sky is clear,269
2012-11-21 03:00:00,276.15,0.0,0.0,1,Clear,sky is clear,412
2012-11-21 04:00:00,275.06,0.0,0.0,1,Mist,mist,746
2012-11-21 05:00:00,273.99,0.0,0.0,1,Mist,mist,2489
2012-11-21 06:00:00,273.0,0.0,0.0,1,Mist,mist,5343
2012-11-21 06:00:00,273.0,0.0,0.0,1,Fog,fog,5343
2012-11-21 07:00:00,272.54,0.0,0.0,1,Mist,mist,6138
2012-11-21 07:00:00,272.54,0.0,0.0,1,Fog,fog,6138
2012-11-21 08:00:00,272.51,0.0,0.0,1,Haze,haze,5413
2012-11-21 08:00:00,272.51,0.0,0.0,1,Mist,mist,5413
2012-11-21 08:00:00,272.51,0.0,0.0,1,Fog,fog,5413
2012-11-21 09:00:00,274.66,0.0,0.0,1,Mist,mist,5041
2012-11-21 09:00:00,274.66,0.0,0.0,1,Haze,haze,5041
2012-11-21 09:00:00,274.66,0.0,0.0,1,Fog,fog,5041
2012-11-21 10:00:00,276.57,0.0,0.0,1,Haze,haze,4875
2012-11-21 10:00:00,276.57,0.0,0.0,1,Fog,fog,4875
2012-11-21 11:00:00,278.81,0.0,0.0,1,Mist,mist,5266
2012-11-21 12:00:00,280.95,0.0,0.0,20,Clouds,few clouds,5656
2012-11-21 13:00:00,283.13,0.0,0.0,20,Clouds,few clouds,5561
2012-11-21 14:00:00,283.91,0.0,0.0,20,Clouds,few clouds,5963
2012-11-21 15:00:00,284.22,0.0,0.0,20,Clouds,few clouds,5928
2012-11-21 16:00:00,282.46,0.0,0.0,40,Clouds,scattered clouds,5733
2012-11-21 17:00:00,279.63,0.0,0.0,40,Clouds,scattered clouds,4964
2012-11-21 18:00:00,278.13,0.0,0.0,40,Clouds,scattered clouds,4179
2012-11-21 19:00:00,277.36,0.0,0.0,40,Clouds,scattered clouds,3267
2012-11-21 20:00:00,277.38,0.0,0.0,90,Clouds,overcast clouds,2787
2012-11-21 21:00:00,277.82,0.0,0.0,90,Clouds,overcast clouds,2432
2012-11-21 22:00:00,278.33,0.0,0.0,75,Clouds,broken clouds,1972
2012-11-21 23:00:00,278.49,0.0,0.0,20,Clouds,few clouds,1399
2012-11-22 00:00:00,278.54,0.0,0.0,20,Mist,mist,919
2012-11-22 01:00:00,278.97,0.0,0.0,1,Mist,mist,634
2012-11-22 02:00:00,279.35,0.0,0.0,1,Clear,sky is clear,411
2012-11-22 03:00:00,279.68,0.0,0.0,1,Clear,sky is clear,317
2012-11-22 04:00:00,279.36,0.0,0.0,1,Clear,sky is clear,252
2012-11-22 05:00:00,279.46,0.0,0.0,1,Clear,sky is clear,380
2012-11-22 06:00:00,279.93,0.0,0.0,20,Clouds,few clouds,881
2012-11-22 07:00:00,279.66,0.0,0.0,75,Clouds,broken clouds,1094
2012-11-22 08:00:00,279.47,0.0,0.0,75,Clouds,broken clouds,1119
2012-11-22 09:00:00,281.16,0.0,0.0,90,Haze,haze,1674
2012-11-22 10:00:00,283.0,0.0,0.0,75,Clouds,broken clouds,2477
2012-11-22 11:00:00,284.99,0.0,0.0,90,Clouds,overcast clouds,3245
2012-11-22 12:00:00,285.88,0.0,0.0,90,Clouds,overcast clouds,3461
2012-11-22 13:00:00,286.87,0.0,0.0,90,Clouds,overcast clouds,3213
2012-11-22 14:00:00,287.98,0.0,0.0,75,Clouds,broken clouds,3090
2012-11-22 15:00:00,288.46,0.0,0.0,75,Clouds,broken clouds,3068
2012-11-22 16:00:00,287.3,0.0,0.0,75,Clouds,broken clouds,3152
2012-11-22 17:00:00,285.57,0.0,0.0,75,Clouds,broken clouds,3023
2012-11-22 18:00:00,284.82,0.0,0.0,75,Clouds,broken clouds,3083
2012-11-22 19:00:00,285.57,0.0,0.0,40,Clouds,scattered clouds,3010
2012-11-22 20:00:00,287.12,0.0,0.0,75,Clouds,broken clouds,3002
2012-11-22 21:00:00,287.97,0.0,0.0,75,Clouds,broken clouds,2533
2012-11-22 22:00:00,288.23,0.0,0.0,75,Clouds,broken clouds,1958
2012-11-22 23:00:00,288.22,0.0,0.0,75,Clouds,broken clouds,1390
2012-11-23 00:00:00,287.46,0.0,0.0,75,Clouds,broken clouds,693
2012-11-23 01:00:00,286.67,0.0,0.0,20,Clouds,few clouds,482
2012-11-23 02:00:00,286.01,0.0,0.0,20,Clouds,few clouds,370
2012-11-23 03:00:00,285.37,0.0,0.0,20,Clouds,few clouds,341
2012-11-23 04:00:00,284.82,0.0,0.0,20,Clouds,few clouds,456
2012-11-23 05:00:00,284.58,0.0,0.0,75,Clouds,broken clouds,1105
2012-11-23 06:00:00,284.06,0.0,0.0,75,Clouds,broken clouds,2069
2012-11-23 07:00:00,283.35,0.0,0.0,75,Clouds,broken clouds,2381
2012-11-23 08:00:00,283.0,0.0,0.0,75,Clouds,broken clouds,2364
2012-11-23 09:00:00,283.89,0.0,0.0,75,Clouds,broken clouds,2783
2012-11-23 10:00:00,284.9,0.0,0.0,40,Clouds,scattered clouds,3230
2012-11-23 11:00:00,284.99,0.0,0.0,40,Clouds,scattered clouds,3586
2012-11-23 12:00:00,284.15,0.0,0.0,75,Clouds,broken clouds,3947
2012-11-23 13:00:00,282.15,0.0,0.0,75,Clouds,broken clouds,3800
2012-11-23 14:00:00,279.39,0.0,0.0,75,Clouds,broken clouds,4231
2012-11-23 15:00:00,277.38,0.0,0.0,75,Snow,heavy snow,4174
2012-11-23 16:00:00,276.44,0.0,0.0,90,Rain,light rain,4079
2012-11-23 16:00:00,276.44,0.0,0.0,90,Snow,heavy snow,4079
2012-11-23 17:00:00,274.35,0.0,0.0,90,Snow,heavy snow,3900
2012-11-23 17:00:00,274.35,0.0,0.0,90,Mist,mist,3900
2012-11-23 18:00:00,273.13,0.0,0.0,90,Snow,heavy snow,3420
2012-11-23 18:00:00,273.13,0.0,0.0,90,Mist,mist,3420
2012-11-23 19:00:00,272.42,0.0,0.0,90,Snow,snow,2876
2012-11-23 19:00:00,272.42,0.0,0.0,90,Fog,fog,2876
2012-11-23 19:00:00,272.42,0.0,0.0,90,Snow,heavy snow,2876
2012-11-23 19:00:00,272.42,0.0,0.0,90,Mist,mist,2876
2012-11-23 20:00:00,271.6,0.0,0.0,90,Snow,heavy snow,2543
2012-11-23 20:00:00,271.6,0.0,0.0,90,Mist,mist,2543
2012-11-23 20:00:00,271.6,0.0,0.0,90,Snow,snow,2543
2012-11-23 21:00:00,270.59,0.0,0.0,90,Haze,haze,2221
2012-11-23 22:00:00,269.61,0.0,0.0,90,Snow,heavy snow,2148
2012-11-23 23:00:00,268.72,0.0,0.0,90,Snow,heavy snow,1512
2012-11-23 23:00:00,268.72,0.0,0.0,90,Mist,mist,1512
2012-11-24 00:00:00,268.06,0.0,0.0,90,Snow,heavy snow,917
2012-11-24 01:00:00,267.76,0.0,0.0,90,Snow,heavy snow,611
2012-11-24 01:00:00,267.76,0.0,0.0,90,Haze,haze,611
2012-11-24 02:00:00,267.19,0.0,0.0,90,Snow,heavy snow,470
2012-11-24 03:00:00,266.59,0.0,0.0,90,Snow,heavy snow,322
2012-11-24 03:00:00,266.59,0.0,0.0,90,Mist,mist,322
2012-11-24 04:00:00,265.86,0.0,0.0,90,Snow,heavy snow,299
2012-11-24 05:00:00,265.6,0.0,0.0,90,Snow,heavy snow,574
2012-11-24 06:00:00,265.55,0.0,0.0,90,Snow,heavy snow,1017
2012-11-24 07:00:00,265.5,0.0,0.0,90,Snow,heavy snow,1348
2012-11-24 08:00:00,266.01,0.0,0.0,75,Snow,heavy snow,1878
2012-11-24 09:00:00,266.51,0.0,0.0,90,Snow,heavy snow,2753
2012-11-24 10:00:00,266.98,0.0,0.0,90,Clouds,overcast clouds,3178
2012-11-24 11:00:00,267.78,0.0,0.0,90,Clouds,overcast clouds,3880
2012-11-24 12:00:00,268.76,0.0,0.0,1,Clear,sky is clear,4312
2012-11-24 13:00:00,269.24,0.0,0.0,1,Clear,sky is clear,4494
2012-11-24 14:00:00,269.4,0.0,0.0,40,Clouds,scattered clouds,4206
2012-11-24 15:00:00,269.2,0.0,0.0,75,Clouds,broken clouds,4204
2012-11-24 16:00:00,269.15,0.0,0.0,90,Clouds,overcast clouds,4449
2012-11-24 17:00:00,268.5,0.0,0.0,90,Clouds,overcast clouds,4357
2012-11-24 18:00:00,267.82,0.0,0.0,90,Clouds,overcast clouds,3905
2012-11-24 19:00:00,266.92,0.0,0.0,90,Clouds,overcast clouds,3068
2012-11-24 20:00:00,265.61,0.0,0.0,90,Clouds,overcast clouds,2779
2012-11-25 01:00:00,262.33,0.0,0.0,1,Clear,sky is clear,689
2012-11-25 02:00:00,261.45,0.0,0.0,1,Clear,sky is clear,536
2012-11-25 03:00:00,261.08,0.0,0.0,1,Clear,sky is clear,322
2012-11-25 04:00:00,260.62,0.0,0.0,1,Clear,sky is clear,271
2012-11-25 05:00:00,260.24,0.0,0.0,1,Clear,sky is clear,426
2012-11-25 06:00:00,259.88,0.0,0.0,1,Clear,sky is clear,726
2012-11-25 07:00:00,259.78,0.0,0.0,1,Clear,sky is clear,910
2012-11-25 08:00:00,260.82,0.0,0.0,20,Clouds,few clouds,1366
2012-11-25 09:00:00,263.42,0.0,0.0,75,Clouds,broken clouds,2222
2012-11-25 10:00:00,265.24,0.0,0.0,20,Clouds,few clouds,2918
2012-11-25 11:00:00,266.31,0.0,0.0,75,Clouds,broken clouds,3413
2012-11-25 12:00:00,267.37,0.0,0.0,90,Clouds,overcast clouds,3724
2012-11-25 13:00:00,268.13,0.0,0.0,90,Clouds,overcast clouds,3949
2012-11-25 14:00:00,268.93,0.0,0.0,90,Clouds,overcast clouds,4076
2012-11-25 15:00:00,269.41,0.0,0.0,90,Clouds,overcast clouds,4729
2012-11-25 16:00:00,270.1,0.0,0.0,90,Clouds,overcast clouds,4880
2012-11-25 17:00:00,270.37,0.0,0.0,90,Clouds,overcast clouds,4435
2012-11-25 18:00:00,270.61,0.0,0.0,90,Clouds,overcast clouds,3749
2012-11-25 19:00:00,270.98,0.0,0.0,90,Clouds,overcast clouds,3381
2012-11-25 20:00:00,271.02,0.0,0.0,90,Clouds,overcast clouds,2809
2012-11-25 21:00:00,270.98,0.0,0.0,90,Clouds,overcast clouds,2150
2012-11-25 22:00:00,270.97,0.0,0.0,90,Snow,heavy snow,1533
2012-11-25 23:00:00,270.97,0.0,0.0,40,Clouds,scattered clouds,925
2012-11-26 00:00:00,271.25,0.0,0.0,90,Clouds,overcast clouds,524
2012-11-26 01:00:00,271.34,0.0,0.0,90,Clouds,overcast clouds,293
2012-11-26 02:00:00,271.79,0.0,0.0,90,Clouds,overcast clouds,258
2012-11-26 03:00:00,271.75,0.0,0.0,90,Clouds,overcast clouds,337
2012-11-26 04:00:00,271.62,0.0,0.0,90,Clouds,overcast clouds,771
2012-11-26 05:00:00,271.48,0.0,0.0,90,Clouds,overcast clouds,2496
2012-11-26 06:00:00,271.14,0.0,0.0,90,Clouds,overcast clouds,5529
2012-11-26 07:00:00,270.77,0.0,0.0,90,Clouds,overcast clouds,6752
2012-11-26 08:00:00,270.73,0.0,0.0,90,Clouds,overcast clouds,5787
2012-11-26 09:00:00,270.89,0.0,0.0,90,Clouds,overcast clouds,4699
2012-11-26 10:00:00,270.97,0.0,0.0,90,Clouds,overcast clouds,4271
2012-11-26 11:00:00,270.64,0.0,0.0,90,Clouds,overcast clouds,4314
2012-11-26 12:00:00,270.39,0.0,0.0,90,Clouds,overcast clouds,4603
2012-11-26 13:00:00,271.26,0.0,0.0,86,Clouds,overcast clouds,4816
2012-11-26 15:00:00,271.65,0.0,0.0,75,Snow,heavy snow,5449
2012-11-26 16:00:00,271.6,0.0,0.0,90,Clouds,overcast clouds,6238
2012-11-26 17:00:00,271.36,0.0,0.0,75,Clouds,broken clouds,5761
2012-11-26 18:00:00,271.32,0.0,0.0,90,Clouds,overcast clouds,4022
2012-11-26 19:00:00,271.29,0.0,0.0,90,Clouds,overcast clouds,2874
2012-11-26 20:00:00,271.29,0.0,0.0,90,Clouds,overcast clouds,2362
2012-11-26 21:00:00,270.6,0.0,0.0,90,Clouds,overcast clouds,2098
2012-11-26 22:00:00,269.59,0.0,0.0,90,Clouds,overcast clouds,1342
2012-11-26 23:00:00,268.57,0.0,0.0,90,Clouds,overcast clouds,944
2012-11-27 00:00:00,267.12,0.0,0.0,90,Clouds,overcast clouds,459
2012-11-27 01:00:00,265.53,0.0,0.0,75,Clouds,broken clouds,303
2012-11-27 02:00:00,264.4,0.0,0.0,75,Snow,heavy snow,247
2012-11-27 03:00:00,262.98,0.0,0.0,40,Clouds,scattered clouds,337
2012-11-27 04:00:00,262.44,0.0,0.0,40,Snow,heavy snow,781
2012-11-27 05:00:00,261.77,0.0,0.0,90,Snow,heavy snow,2601
2012-11-27 06:00:00,261.27,0.0,0.0,90,Snow,heavy snow,5639
2012-11-27 07:00:00,260.62,0.0,0.0,75,Clouds,broken clouds,6768
2012-11-27 08:00:00,260.47,0.0,0.0,40,Clouds,scattered clouds,6116
2012-11-27 09:00:00,261.12,0.0,0.0,1,Clear,sky is clear,5215
2012-11-27 10:00:00,262.6,0.0,0.0,1,Clear,sky is clear,4315
2012-11-27 11:00:00,263.5,0.0,0.0,1,Clear,sky is clear,4497
2012-11-27 12:00:00,264.4,0.0,0.0,1,Clear,sky is clear,4799
2012-11-27 13:00:00,265.23,0.0,0.0,1,Clear,sky is clear,4884
2012-11-27 14:00:00,266.06,0.0,0.0,1,Clear,sky is clear,5234
2012-11-27 15:00:00,266.17,0.0,0.0,1,Clear,sky is clear,5665
2012-11-27 16:00:00,266.01,0.0,0.0,1,Clear,sky is clear,6428
2012-11-27 17:00:00,264.93,0.0,0.0,1,Clear,sky is clear,6092
2012-11-27 18:00:00,264.26,0.0,0.0,1,Clear,sky is clear,4317
2012-11-27 19:00:00,263.8,0.0,0.0,1,Clear,sky is clear,3137
2012-11-27 20:00:00,263.33,0.0,0.0,1,Clear,sky is clear,2647
2012-11-27 21:00:00,263.47,0.0,0.0,1,Clear,sky is clear,2194
2012-11-27 22:00:00,263.55,0.0,0.0,1,Clear,sky is clear,1523
2012-11-27 23:00:00,263.83,0.0,0.0,1,Clear,sky is clear,949
2012-11-28 00:00:00,264.18,0.0,0.0,1,Clear,sky is clear,510
2012-11-28 01:00:00,264.21,0.0,0.0,20,Clouds,few clouds,342
2012-11-28 02:00:00,264.75,0.0,0.0,75,Clouds,broken clouds,245
2012-11-28 03:00:00,264.94,0.0,0.0,75,Clouds,broken clouds,352
2012-11-28 04:00:00,265.07,0.0,0.0,40,Clouds,scattered clouds,759
2012-11-28 05:00:00,265.25,0.0,0.0,75,Clouds,broken clouds,2638
2012-11-28 06:00:00,264.84,0.0,0.0,40,Clouds,scattered clouds,5816
2012-11-28 07:00:00,265.03,0.0,0.0,20,Clouds,few clouds,6995
2012-11-28 08:00:00,265.28,0.0,0.0,75,Clouds,broken clouds,6071
2012-11-28 09:00:00,267.05,0.0,0.0,40,Clouds,scattered clouds,5228
2012-11-28 10:00:00,268.83,0.0,0.0,75,Clouds,broken clouds,4570
2012-11-28 11:00:00,270.43,0.0,0.0,90,Clouds,overcast clouds,4809
2012-11-28 12:00:00,272.28,0.0,0.0,90,Clouds,overcast clouds,4839
2012-11-28 13:00:00,273.82,0.0,0.0,90,Clouds,overcast clouds,4837
2012-11-28 14:00:00,275.34,0.0,0.0,75,Clouds,broken clouds,5290
2012-11-28 15:00:00,276.01,0.0,0.0,90,Clouds,overcast clouds,5621
2012-11-28 16:00:00,275.25,0.0,0.0,40,Clouds,scattered clouds,6116
2012-11-28 17:00:00,273.84,0.0,0.0,75,Clouds,broken clouds,5813
2012-11-28 18:00:00,272.17,0.0,0.0,40,Clouds,scattered clouds,4314
2012-11-28 19:00:00,270.99,0.0,0.0,20,Clouds,few clouds,3077
2012-11-28 20:00:00,270.23,0.0,0.0,1,Clear,sky is clear,2691
2012-11-28 21:00:00,269.63,0.0,0.0,1,Clear,sky is clear,2297
2012-11-28 22:00:00,269.59,0.0,0.0,1,Clear,sky is clear,1568
2012-11-28 23:00:00,269.52,0.0,0.0,1,Clear,sky is clear,1020
2012-11-29 00:00:00,269.69,0.0,0.0,20,Clouds,few clouds,561
2012-11-29 01:00:00,269.84,0.0,0.0,90,Clouds,overcast clouds,358
2012-11-29 02:00:00,269.7,0.0,0.0,90,Clouds,overcast clouds,279
2012-11-29 03:00:00,269.73,0.0,0.0,90,Clouds,overcast clouds,363
2012-11-29 04:00:00,269.51,0.0,0.0,90,Clouds,overcast clouds,784
2012-11-29 05:00:00,269.29,0.0,0.0,90,Clouds,overcast clouds,2612
2012-11-29 06:00:00,269.29,0.0,0.0,90,Clouds,overcast clouds,5608
2012-11-29 07:00:00,269.56,0.0,0.0,90,Clouds,overcast clouds,7020
2012-11-29 08:00:00,269.6,0.0,0.0,90,Clouds,overcast clouds,6072
2012-11-29 09:00:00,270.12,0.0,0.0,90,Clouds,overcast clouds,5403
2012-11-29 10:00:00,270.96,0.0,0.0,75,Clouds,broken clouds,4566
2012-11-29 11:00:00,271.43,0.0,0.0,75,Clouds,broken clouds,4906
2012-11-29 12:00:00,273.12,0.0,0.0,75,Clouds,broken clouds,5081
2012-11-29 13:00:00,273.26,0.0,0.0,1,Clear,sky is clear,5101
2012-11-29 14:00:00,274.36,0.0,0.0,75,Clouds,broken clouds,5463
2012-11-29 15:00:00,274.33,0.0,0.0,75,Clouds,broken clouds,5945
2012-11-29 16:00:00,273.67,0.0,0.0,16,Clouds,few clouds,6489
2012-11-29 17:00:00,272.98,0.0,0.0,90,Clouds,overcast clouds,6078
2012-11-29 18:00:00,272.48,0.0,0.0,90,Clouds,overcast clouds,4522
2012-11-29 19:00:00,272.56,0.0,0.0,90,Clouds,overcast clouds,3293
2012-11-29 20:00:00,272.93,0.0,0.0,90,Clouds,overcast clouds,2913
2012-11-29 21:00:00,273.13,0.0,0.0,16,Clouds,few clouds,2571
2012-11-29 23:00:00,273.92,0.0,0.0,16,Clouds,few clouds,1070
2012-11-30 00:00:00,273.92,0.0,0.0,16,Clouds,few clouds,591
2012-11-30 01:00:00,270.47,0.0,0.0,6,Clear,sky is clear,382
2012-11-30 02:00:00,270.47,0.0,0.0,6,Clear,sky is clear,340
2012-11-30 03:00:00,270.47,0.0,0.0,6,Clear,sky is clear,381
2012-11-30 04:00:00,270.47,0.0,0.0,6,Clear,sky is clear,784
2012-11-30 05:00:00,270.47,0.0,0.0,6,Clear,sky is clear,2468
2012-11-30 06:00:00,270.47,0.0,0.0,6,Clear,sky is clear,5503
2012-11-30 07:00:00,271.22,0.0,0.0,59,Clouds,broken clouds,6615
2012-11-30 08:00:00,271.22,0.0,0.0,59,Clouds,broken clouds,5913
2012-11-30 09:00:00,271.22,0.0,0.0,59,Clouds,broken clouds,5171
2012-11-30 10:00:00,271.22,0.0,0.0,59,Clouds,broken clouds,4840
2012-11-30 11:00:00,271.22,0.0,0.0,59,Clouds,broken clouds,5263
2012-11-30 13:00:00,276.53,0.0,0.0,75,Clouds,broken clouds,5446
2012-11-30 14:00:00,276.41,0.0,0.0,75,Clouds,broken clouds,5746
2012-11-30 15:00:00,275.76,0.0,0.0,90,Clouds,overcast clouds,6110
2012-11-30 16:00:00,275.24,0.0,0.0,90,Clouds,overcast clouds,6749
2012-11-30 17:00:00,274.48,0.0,0.0,90,Clouds,overcast clouds,5518
2012-11-30 18:00:00,273.88,0.0,0.0,90,Clouds,overcast clouds,5420
2012-11-30 19:00:00,273.45,0.0,0.0,90,Clouds,overcast clouds,3618
2012-11-30 20:00:00,272.8,0.0,0.0,90,Clouds,overcast clouds,3020
2012-11-30 21:00:00,272.38,0.0,0.0,90,Clouds,overcast clouds,2987
2012-11-30 22:00:00,272.33,0.0,0.0,90,Clouds,overcast clouds,2644
2012-11-30 23:00:00,272.14,0.0,0.0,90,Clouds,overcast clouds,1799
2012-12-01 00:00:00,272.0,0.0,0.0,90,Clouds,overcast clouds,1103
2012-12-01 01:00:00,272.13,0.0,0.0,90,Clouds,overcast clouds,702
2012-12-01 02:00:00,271.81,0.0,0.0,90,Clouds,overcast clouds,588
2012-12-01 03:00:00,271.63,0.0,0.0,90,Clouds,overcast clouds,411
2012-12-01 04:00:00,271.54,0.0,0.0,90,Clouds,overcast clouds,384
2012-12-01 05:00:00,271.68,0.0,0.0,90,Clouds,overcast clouds,748
2012-12-01 06:00:00,272.23,0.0,0.0,90,Clouds,overcast clouds,1274
2012-12-01 07:00:00,272.53,0.0,0.0,90,Haze,haze,2192
2012-12-01 08:00:00,273.09,0.0,0.0,90,Haze,haze,2953
2012-12-01 08:00:00,273.09,0.0,0.0,90,Mist,mist,2953
2012-12-01 09:00:00,273.42,0.0,0.0,90,Haze,haze,3648
2012-12-01 09:00:00,273.42,0.0,0.0,90,Mist,mist,3648
2012-12-01 10:00:00,273.79,0.0,0.0,90,Haze,haze,3971
2012-12-01 10:00:00,273.79,0.0,0.0,90,Mist,mist,3971
2012-12-01 11:00:00,274.06,0.0,0.0,90,Haze,haze,4618
2012-12-01 11:00:00,274.06,0.0,0.0,90,Mist,mist,4618
2012-12-01 12:00:00,274.38,0.0,0.0,90,Haze,haze,5161
2012-12-01 12:00:00,274.38,0.0,0.0,90,Mist,mist,5161
2012-12-01 13:00:00,274.57,0.0,0.0,90,Haze,haze,4986
2012-12-01 13:00:00,274.57,0.0,0.0,90,Mist,mist,4986
2012-12-01 14:00:00,274.84,0.0,0.0,90,Haze,haze,4919
2012-12-01 14:00:00,274.84,0.0,0.0,90,Mist,mist,4919
2012-12-01 15:00:00,274.72,0.0,0.0,90,Haze,haze,4819
2012-12-01 15:00:00,274.72,0.0,0.0,90,Mist,mist,4819
2012-12-01 16:00:00,274.56,0.0,0.0,90,Haze,haze,5085
2012-12-01 16:00:00,274.56,0.0,0.0,90,Mist,mist,5085
2012-12-01 17:00:00,274.56,0.0,0.0,90,Clouds,overcast clouds,5231
2012-12-01 18:00:00,274.38,0.0,0.0,90,Haze,haze,4788
2012-12-01 18:00:00,274.38,0.0,0.0,90,Mist,mist,4788
2012-12-01 19:00:00,274.04,0.0,0.0,90,Mist,mist,3288
2012-12-01 19:00:00,274.04,0.0,0.0,90,Haze,haze,3288
2012-12-01 20:00:00,273.86,0.0,0.0,90,Mist,mist,2746
2012-12-01 20:00:00,273.86,0.0,0.0,90,Haze,haze,2746
2012-12-01 21:00:00,273.86,0.0,0.0,90,Mist,mist,2616
2012-12-01 22:00:00,273.86,0.0,0.0,90,Mist,mist,2489
2012-12-01 23:00:00,274.0,0.0,0.0,90,Mist,mist,1917
2012-12-02 00:00:00,274.01,0.0,0.0,90,Mist,mist,1341
2012-12-02 01:00:00,274.52,0.0,0.0,90,Mist,mist,825
2012-12-02 02:00:00,274.8,0.0,0.0,90,Mist,mist,627
2012-12-02 03:00:00,275.18,0.0,0.0,90,Mist,mist,339
2012-12-02 04:00:00,275.59,0.0,0.0,90,Mist,mist,301
2012-12-02 05:00:00,275.91,0.0,0.0,90,Mist,mist,447
2012-12-02 06:00:00,275.73,0.0,0.0,90,Mist,mist,667
2012-12-02 07:00:00,275.86,0.0,0.0,90,Mist,mist,1029
2012-12-02 08:00:00,276.24,0.0,0.0,90,Mist,mist,1613
2012-12-02 10:00:00,277.86,0.0,0.0,100,Rain,light rain,3179
2012-12-02 11:00:00,277.86,0.0,0.0,100,Rain,light rain,3642
2012-12-02 12:00:00,279.43,0.0,0.0,100,Rain,light rain,3770
2012-12-02 13:00:00,279.85,0.0,0.0,90,Mist,mist,3924
2012-12-02 13:00:00,279.85,0.0,0.0,90,Haze,haze,3924
2012-12-02 14:00:00,280.55,0.0,0.0,90,Mist,mist,3696
2012-12-02 14:00:00,280.55,0.0,0.0,90,Haze,haze,3696
2012-12-02 15:00:00,280.8,0.0,0.0,90,Mist,mist,4329
2012-12-02 15:00:00,280.8,0.0,0.0,90,Haze,haze,4329
2012-12-02 16:00:00,280.8,0.0,0.0,90,Haze,haze,4135
2012-12-02 16:00:00,280.8,0.0,0.0,90,Mist,mist,4135
2012-12-02 17:00:00,280.65,0.0,0.0,90,Haze,haze,3938
2012-12-02 17:00:00,280.65,0.0,0.0,90,Mist,mist,3938
2012-12-02 18:00:00,279.0,0.0,0.0,90,Haze,haze,3243
2012-12-02 18:00:00,279.0,0.0,0.0,90,Mist,mist,3243
2012-12-02 19:00:00,277.24,0.0,0.0,40,Mist,mist,2731
2012-12-02 20:00:00,276.8,0.0,0.0,90,Mist,mist,2319
2012-12-02 21:00:00,276.38,0.0,0.0,90,Mist,mist,2093
2012-12-02 22:00:00,276.55,0.0,0.0,90,Mist,mist,2350
2012-12-02 23:00:00,276.01,0.0,0.0,75,Mist,mist,930
2012-12-02 23:00:00,276.01,0.0,0.0,75,Rain,light rain,930
2012-12-03 00:00:00,274.55,0.0,0.0,20,Mist,mist,496
2012-12-03 00:00:00,274.55,0.0,0.0,20,Fog,fog,496
2012-12-03 01:00:00,273.38,0.0,0.0,1,Fog,fog,273
2012-12-03 01:00:00,273.38,0.0,0.0,1,Mist,mist,273
2012-12-03 02:00:00,272.68,0.0,0.0,1,Mist,mist,234
2012-12-03 02:00:00,272.68,0.0,0.0,1,Fog,fog,234
2012-12-03 03:00:00,272.45,0.0,0.0,1,Mist,mist,291
2012-12-03 03:00:00,272.45,0.0,0.0,1,Fog,fog,291
2012-12-03 04:00:00,271.65,0.0,0.0,20,Mist,mist,802
2012-12-03 04:00:00,271.65,0.0,0.0,20,Fog,fog,802
2012-12-03 05:00:00,271.25,0.0,0.0,90,Fog,fog,2518
2012-12-03 06:00:00,271.06,0.0,0.0,90,Fog,fog,5506
2012-12-03 07:00:00,271.48,0.0,0.0,90,Fog,fog,6393
2012-12-03 08:00:00,271.33,0.0,0.0,90,Fog,fog,5800
2012-12-03 08:00:00,271.33,0.0,0.0,90,Mist,mist,5800
2012-12-03 09:00:00,271.94,0.0,0.0,90,Fog,fog,5064
2012-12-03 09:00:00,271.94,0.0,0.0,90,Mist,mist,5064
2012-12-03 10:00:00,273.36,0.0,0.0,90,Mist,mist,4442
2012-12-03 10:00:00,273.36,0.0,0.0,90,Fog,fog,4442
2012-12-03 11:00:00,274.34,0.0,0.0,90,Mist,mist,4544
2012-12-03 11:00:00,274.34,0.0,0.0,90,Fog,fog,4544
2012-12-03 12:00:00,274.89,0.0,0.0,90,Fog,fog,4777
2012-12-03 12:00:00,274.89,0.0,0.0,90,Mist,mist,4777
2012-12-03 13:00:00,275.01,0.0,0.0,90,Mist,mist,4810
2012-12-03 13:00:00,275.01,0.0,0.0,90,Fog,fog,4810
2012-12-03 14:00:00,276.07,0.0,0.0,90,Mist,mist,5310
2012-12-03 15:00:00,276.06,0.0,0.0,90,Mist,mist,5678
2012-12-03 16:00:00,275.85,0.0,0.0,90,Mist,mist,6334
2012-12-03 17:00:00,275.78,0.0,0.0,90,Mist,mist,5914
2012-12-03 18:00:00,275.83,0.0,0.0,90,Mist,mist,4179
2012-12-03 19:00:00,276.06,0.0,0.0,90,Mist,mist,3076
2012-12-03 20:00:00,276.44,0.0,0.0,75,Mist,mist,2478
2012-12-03 21:00:00,277.14,0.0,0.0,90,Mist,mist,2159
2012-12-03 22:00:00,277.33,0.0,0.0,75,Mist,mist,1399
2012-12-03 23:00:00,277.41,0.0,0.0,75,Mist,mist,1006
2012-12-04 00:00:00,277.83,0.0,0.0,40,Mist,mist,516
2012-12-04 01:00:00,278.49,0.0,0.0,75,Mist,mist,346
2012-12-04 02:00:00,279.15,0.0,0.0,90,Mist,mist,253
2012-12-04 03:00:00,279.82,0.0,0.0,75,Mist,mist,347
2012-12-04 04:00:00,280.51,0.0,0.0,90,Mist,mist,802
2012-12-04 05:00:00,281.03,0.0,0.0,90,Mist,mist,2638
2012-12-04 07:00:00,282.45,0.0,0.0,90,Mist,mist,7051
2012-12-04 08:00:00,283.32,0.0,0.0,90,Mist,mist,6112
2012-12-04 09:00:00,283.74,0.0,0.0,90,Drizzle,light intensity drizzle,5388
2012-12-04 09:00:00,283.74,0.0,0.0,90,Mist,mist,5388
2012-12-04 10:00:00,284.35,0.0,0.0,90,Mist,mist,4489
2012-12-04 10:00:00,284.35,0.0,0.0,90,Drizzle,light intensity drizzle,4489
2012-12-04 11:00:00,284.95,0.0,0.0,90,Rain,light rain,4731
2012-12-04 11:00:00,284.95,0.0,0.0,90,Mist,mist,4731
2012-12-04 11:00:00,284.95,0.0,0.0,90,Drizzle,light intensity drizzle,4731
2012-12-04 12:00:00,285.11,0.0,0.0,90,Mist,mist,4816
2012-12-04 13:00:00,285.0,0.0,0.0,75,Haze,haze,4918
2012-12-04 14:00:00,284.74,0.0,0.0,75,Clouds,broken clouds,5292
2012-12-04 15:00:00,284.6,0.0,0.0,75,Clouds,broken clouds,5657
2012-12-04 16:00:00,283.7,0.0,0.0,40,Clouds,scattered clouds,6647
2012-12-04 17:00:00,281.44,0.0,0.0,20,Clouds,few clouds,6434
2012-12-04 18:00:00,280.78,0.0,0.0,1,Clear,sky is clear,4551
2012-12-04 19:00:00,279.48,0.0,0.0,1,Clear,sky is clear,3186
2012-12-04 20:00:00,279.19,0.0,0.0,1,Clear,sky is clear,2773
2012-12-04 21:00:00,278.97,0.0,0.0,1,Clear,sky is clear,2360
2012-12-04 22:00:00,279.14,0.0,0.0,1,Clear,sky is clear,1811
2012-12-04 23:00:00,278.98,0.0,0.0,1,Clear,sky is clear,2544
2012-12-05 01:00:00,278.44,0.0,0.0,1,Clear,sky is clear,381
2012-12-05 02:00:00,277.08,0.0,0.0,1,Clear,sky is clear,264
2012-12-05 03:00:00,276.05,0.0,0.0,1,Clear,sky is clear,341
2012-12-05 04:00:00,274.88,0.0,0.0,1,Clear,sky is clear,783
2012-12-05 05:00:00,273.75,0.0,0.0,1,Clear,sky is clear,2612
2012-12-05 06:00:00,272.42,0.0,0.0,1,Clear,sky is clear,5900
2012-12-05 07:00:00,271.56,0.0,0.0,20,Clouds,few clouds,5922
2012-12-05 08:00:00,270.85,0.0,0.0,20,Clouds,few clouds,6888
2012-12-05 09:00:00,271.19,0.0,0.0,1,Clear,sky is clear,5345
2012-12-05 10:00:00,271.25,0.0,0.0,1,Clear,sky is clear,4536
2012-12-05 11:00:00,272.11,0.0,0.0,1,Clear,sky is clear,4757
2012-12-05 12:00:00,272.82,0.0,0.0,1,Clear,sky is clear,4961
2012-12-05 13:00:00,272.92,0.0,0.0,1,Clear,sky is clear,4967
2012-12-05 14:00:00,272.86,0.0,0.0,1,Clear,sky is clear,5346
2012-12-05 15:00:00,272.51,0.0,0.0,1,Clear,sky is clear,5867
2012-12-05 16:00:00,271.39,0.0,0.0,1,Clear,sky is clear,6605
2012-12-05 17:00:00,270.08,0.0,0.0,1,Clear,sky is clear,6074
2012-12-05 18:00:00,269.27,0.0,0.0,1,Clear,sky is clear,4557
2012-12-05 19:00:00,268.62,0.0,0.0,1,Clear,sky is clear,3177
2012-12-05 20:00:00,267.8,0.0,0.0,1,Clear,sky is clear,2788
2012-12-05 21:00:00,267.34,0.0,0.0,1,Clear,sky is clear,2416
2012-12-05 22:00:00,267.41,0.0,0.0,1,Clear,sky is clear,1946
2012-12-05 23:00:00,267.04,0.0,0.0,40,Clouds,scattered clouds,1056
2012-12-06 00:00:00,266.24,0.0,0.0,40,Clouds,scattered clouds,536
2012-12-06 01:00:00,266.08,0.0,0.0,40,Clouds,scattered clouds,348
2012-12-06 02:00:00,265.62,0.0,0.0,40,Clouds,scattered clouds,273
2012-12-06 03:00:00,265.22,0.0,0.0,40,Clouds,scattered clouds,382
2012-12-06 04:00:00,265.26,0.0,0.0,40,Clouds,scattered clouds,780
2012-12-06 05:00:00,265.26,0.0,0.0,40,Clouds,scattered clouds,2627
2012-12-06 06:00:00,265.53,0.0,0.0,75,Clouds,broken clouds,5545
2012-12-06 07:00:00,265.58,0.0,0.0,75,Clouds,broken clouds,6789
2012-12-06 08:00:00,265.98,0.0,0.0,75,Clouds,broken clouds,6298
2012-12-06 09:00:00,267.26,0.0,0.0,75,Clouds,broken clouds,5391
2012-12-06 10:00:00,269.34,0.0,0.0,75,Clouds,broken clouds,4540
2012-12-06 11:00:00,270.72,0.0,0.0,75,Clouds,broken clouds,5001
2012-12-06 12:00:00,272.35,0.0,0.0,75,Clouds,broken clouds,5098
2012-12-06 13:00:00,273.73,0.0,0.0,75,Clouds,broken clouds,5113
2012-12-06 14:00:00,274.13,0.0,0.0,90,Clouds,overcast clouds,5522
2012-12-06 15:00:00,274.79,0.0,0.0,90,Clouds,overcast clouds,5879
2012-12-06 16:00:00,274.96,0.0,0.0,90,Clouds,overcast clouds,6695
2012-12-06 17:00:00,275.13,0.0,0.0,90,Clouds,overcast clouds,6587
2012-12-06 18:00:00,275.58,0.0,0.0,90,Clouds,overcast clouds,4564
2012-12-06 19:00:00,275.75,0.0,0.0,90,Clouds,overcast clouds,3429
2012-12-06 20:00:00,276.37,0.0,0.0,90,Clouds,overcast clouds,2983
2012-12-06 21:00:00,276.66,0.0,0.0,90,Clouds,overcast clouds,3225
2012-12-06 22:00:00,276.78,0.0,0.0,90,Clouds,overcast clouds,2092
2012-12-06 23:00:00,277.52,0.0,0.0,90,Clouds,overcast clouds,1204
2012-12-07 00:00:00,277.85,0.0,0.0,90,Clouds,overcast clouds,629
2012-12-07 01:00:00,278.47,0.0,0.0,90,Clouds,overcast clouds,419
2012-12-07 02:00:00,279.16,0.0,0.0,90,Clouds,overcast clouds,322
2012-12-07 03:00:00,279.61,0.0,0.0,90,Drizzle,light intensity drizzle,375
2012-12-07 04:00:00,280.07,0.0,0.0,90,Clouds,overcast clouds,743
2012-12-07 05:00:00,280.44,0.0,0.0,90,Clouds,overcast clouds,2480
2012-12-07 06:00:00,280.17,0.0,0.0,90,Drizzle,light intensity drizzle,5555
2012-12-07 06:00:00,280.17,0.0,0.0,90,Drizzle,drizzle,5555
2012-12-07 08:00:00,279.21,0.0,0.0,90,Clouds,overcast clouds,6012
2012-12-07 09:00:00,278.93,0.0,0.0,75,Clouds,broken clouds,5253
2012-12-07 10:00:00,278.85,0.0,0.0,75,Clouds,broken clouds,4832
2012-12-07 11:00:00,278.64,0.0,0.0,40,Clouds,scattered clouds,5404
2012-12-07 12:00:00,278.98,0.0,0.0,40,Clouds,scattered clouds,5654
2012-12-07 13:00:00,278.49,0.0,0.0,40,Clouds,scattered clouds,5727
2012-12-07 14:00:00,278.68,0.0,0.0,40,Clouds,scattered clouds,5918
2012-12-07 15:00:00,278.39,0.0,0.0,40,Clouds,scattered clouds,5938
2012-12-07 16:00:00,277.54,0.0,0.0,75,Clouds,broken clouds,6082
2012-12-07 17:00:00,276.58,0.0,0.0,75,Clouds,broken clouds,5376
2012-12-07 18:00:00,275.9,0.0,0.0,90,Clouds,overcast clouds,4270
2012-12-07 19:00:00,274.77,0.0,0.0,90,Clouds,overcast clouds,3231
2012-12-07 20:00:00,274.03,0.0,0.0,90,Clouds,overcast clouds,2617
2012-12-07 21:00:00,272.49,0.0,0.0,75,Clouds,broken clouds,2995
2012-12-07 22:00:00,271.3,0.0,0.0,20,Clouds,few clouds,2652
2012-12-07 23:00:00,270.09,0.0,0.0,40,Clouds,scattered clouds,1667
2012-12-08 00:00:00,269.47,0.0,0.0,40,Clouds,scattered clouds,1072
2012-12-08 01:00:00,269.28,0.0,0.0,20,Clouds,few clouds,674
2012-12-08 02:00:00,269.11,0.0,0.0,75,Clouds,broken clouds,526
2012-12-08 03:00:00,268.89,0.0,0.0,40,Clouds,scattered clouds,356
2012-12-08 04:00:00,268.65,0.0,0.0,40,Clouds,scattered clouds,418
2012-12-08 05:00:00,268.32,0.0,0.0,75,Clouds,broken clouds,713
2012-12-08 06:00:00,267.92,0.0,0.0,75,Clouds,broken clouds,1192
2012-12-08 07:00:00,268.12,0.0,0.0,75,Clouds,broken clouds,1881
2012-12-08 08:00:00,267.58,0.0,0.0,40,Clouds,scattered clouds,2687
2012-12-08 09:00:00,269.74,0.0,0.0,90,Clouds,overcast clouds,3421
2012-12-08 10:00:00,270.85,0.0,0.0,90,Clouds,overcast clouds,3724
2012-12-08 11:00:00,271.65,0.0,0.0,90,Clouds,overcast clouds,4465
2012-12-08 12:00:00,272.08,0.0,0.0,90,Clouds,overcast clouds,5009
2012-12-08 13:00:00,272.3,0.0,0.0,90,Snow,heavy snow,5163
2012-12-08 14:00:00,272.02,0.0,0.0,90,Snow,heavy snow,4621
2012-12-08 15:00:00,271.51,0.0,0.0,90,Snow,heavy snow,4807
2012-12-08 15:00:00,271.51,0.0,0.0,90,Mist,mist,4807
2012-12-08 16:00:00,271.39,0.0,0.0,90,Snow,heavy snow,4983
2012-12-08 16:00:00,271.39,0.0,0.0,90,Mist,mist,4983
2012-12-08 17:00:00,271.11,0.0,0.0,90,Snow,heavy snow,5327
2012-12-08 17:00:00,271.11,0.0,0.0,90,Mist,mist,5327
2012-12-08 19:00:00,271.1,0.0,0.0,100,Clouds,overcast clouds,3137
2012-12-08 20:00:00,271.1,0.0,0.0,100,Clouds,overcast clouds,2678
2012-12-08 21:00:00,271.1,0.0,0.0,100,Clouds,overcast clouds,2911
2012-12-08 22:00:00,271.1,0.0,0.0,100,Clouds,overcast clouds,2716
2012-12-08 23:00:00,271.1,0.0,0.0,100,Clouds,overcast clouds,1860
2012-12-09 01:00:00,269.93,0.0,0.0,93,Clouds,overcast clouds,774
2012-12-09 02:00:00,269.93,0.0,0.0,93,Clouds,overcast clouds,540
2012-12-09 03:00:00,269.93,0.0,0.0,93,Clouds,overcast clouds,321
2012-12-09 04:00:00,269.93,0.0,0.0,93,Clouds,overcast clouds,291
2012-12-09 05:00:00,269.93,0.0,0.0,93,Clouds,overcast clouds,458
2012-12-09 06:00:00,269.93,0.0,0.0,93,Clouds,overcast clouds,759
2012-12-09 07:00:00,269.71,0.0,0.0,0,Clear,sky is clear,938
2012-12-09 08:00:00,269.71,0.0,0.0,0,Clear,sky is clear,1438
2012-12-09 09:00:00,269.71,0.0,0.0,0,Clear,sky is clear,1916
2012-12-09 10:00:00,269.71,0.0,0.0,0,Clear,sky is clear,2483
2012-12-09 11:00:00,269.71,0.0,0.0,0,Clear,sky is clear,2299
2012-12-09 12:00:00,269.71,0.0,0.0,0,Clear,sky is clear,1824
2012-12-09 13:00:00,273.62,0.0,0.0,54,Clouds,broken clouds,1686
2012-12-09 14:00:00,273.62,0.0,0.0,54,Clouds,broken clouds,1715
2012-12-09 15:00:00,273.02,0.0,0.0,90,Mist,mist,1989
2012-12-09 16:00:00,272.55,0.0,0.0,90,Mist,mist,1773
2012-12-09 17:00:00,271.98,0.0,0.0,90,Mist,mist,1607
2012-12-09 18:00:00,271.87,0.0,0.0,75,Mist,mist,1338
2012-12-09 19:00:00,271.92,0.0,0.0,90,Clouds,overcast clouds,1261
2012-12-09 20:00:00,272.14,0.0,0.0,90,Clouds,overcast clouds,1031
2012-12-09 21:00:00,272.12,0.0,0.0,90,Clouds,overcast clouds,944
2012-12-09 22:00:00,272.35,0.0,0.0,90,Clouds,overcast clouds,982
2012-12-09 23:00:00,272.93,0.0,0.0,90,Snow,heavy snow,641
2012-12-10 00:00:00,272.82,0.0,0.0,90,Snow,heavy snow,357
2012-12-10 01:00:00,272.24,0.0,0.0,90,Snow,heavy snow,268
2012-12-10 01:00:00,272.24,0.0,0.0,90,Mist,mist,268
2012-12-10 01:00:00,272.24,0.0,0.0,90,Snow,snow,268
2012-12-10 02:00:00,272.01,0.0,0.0,90,Snow,heavy snow,216
2012-12-10 02:00:00,272.01,0.0,0.0,90,Mist,mist,216
2012-12-10 02:00:00,272.01,0.0,0.0,90,Snow,snow,216
2012-12-10 03:00:00,272.01,0.0,0.0,90,Snow,heavy snow,339
2012-12-10 03:00:00,272.01,0.0,0.0,90,Mist,mist,339
2012-12-10 03:00:00,272.01,0.0,0.0,90,Snow,snow,339
2012-12-10 04:00:00,271.95,0.0,0.0,90,Snow,heavy snow,794
2012-12-10 04:00:00,271.95,0.0,0.0,90,Mist,mist,794
2012-12-10 04:00:00,271.95,0.0,0.0,90,Snow,snow,794
2012-12-10 05:00:00,272.07,0.0,0.0,90,Snow,heavy snow,2139
2012-12-10 05:00:00,272.07,0.0,0.0,90,Mist,mist,2139
2012-12-10 06:00:00,272.18,0.0,0.0,90,Snow,heavy snow,3902
2012-12-10 06:00:00,272.18,0.0,0.0,90,Mist,mist,3902
2012-12-10 07:00:00,272.35,0.0,0.0,90,Snow,heavy snow,4433
2012-12-10 07:00:00,272.35,0.0,0.0,90,Mist,mist,4433
2012-12-10 08:00:00,272.35,0.0,0.0,90,Snow,snow,4265
2012-12-10 08:00:00,272.35,0.0,0.0,90,Fog,fog,4265
2012-12-10 08:00:00,272.35,0.0,0.0,90,Snow,heavy snow,4265
2012-12-10 08:00:00,272.35,0.0,0.0,90,Mist,mist,4265
2012-12-10 09:00:00,272.35,0.0,0.0,90,Snow,snow,4057
2012-12-10 09:00:00,272.35,0.0,0.0,90,Fog,fog,4057
2012-12-10 09:00:00,272.35,0.0,0.0,90,Snow,heavy snow,4057
2012-12-10 09:00:00,272.35,0.0,0.0,90,Mist,mist,4057
2012-12-10 10:00:00,272.52,0.0,0.0,90,Fog,fog,3599
2012-12-10 10:00:00,272.52,0.0,0.0,90,Snow,snow,3599
2012-12-10 10:00:00,272.52,0.0,0.0,90,Snow,heavy snow,3599
2012-12-10 10:00:00,272.52,0.0,0.0,90,Mist,mist,3599
2012-12-10 11:00:00,272.41,0.0,0.0,90,Snow,snow,3761
2012-12-10 11:00:00,272.41,0.0,0.0,90,Fog,fog,3761
2012-12-10 11:00:00,272.41,0.0,0.0,90,Snow,heavy snow,3761
2012-12-10 12:00:00,272.41,0.0,0.0,90,Fog,fog,3866
2012-12-10 12:00:00,272.41,0.0,0.0,90,Snow,snow,3866
2012-12-10 12:00:00,272.41,0.0,0.0,90,Snow,heavy snow,3866
2012-12-10 13:00:00,272.41,0.0,0.0,90,Fog,fog,3882
2012-12-10 13:00:00,272.41,0.0,0.0,90,Snow,snow,3882
2012-12-10 13:00:00,272.41,0.0,0.0,90,Snow,heavy snow,3882
2012-12-10 14:00:00,272.12,0.0,0.0,90,Snow,snow,4205
2012-12-10 14:00:00,272.12,0.0,0.0,90,Fog,fog,4205
2012-12-10 14:00:00,272.12,0.0,0.0,90,Snow,heavy snow,4205
2012-12-10 15:00:00,272.07,0.0,0.0,90,Snow,snow,4400
2012-12-10 15:00:00,272.07,0.0,0.0,90,Fog,fog,4400
2012-12-10 15:00:00,272.07,0.0,0.0,90,Snow,heavy snow,4400
2012-12-10 16:00:00,271.89,0.0,0.0,90,Snow,snow,4685
2012-12-10 16:00:00,271.89,0.0,0.0,90,Fog,fog,4685
2012-12-10 16:00:00,271.89,0.0,0.0,90,Snow,heavy snow,4685
2012-12-10 17:00:00,271.74,0.0,0.0,90,Snow,heavy snow,4208
2012-12-10 17:00:00,271.74,0.0,0.0,90,Mist,mist,4208
2012-12-10 17:00:00,271.74,0.0,0.0,90,Snow,snow,4208
2012-12-10 17:00:00,271.74,0.0,0.0,90,Fog,fog,4208
2012-12-10 18:00:00,271.4,0.0,0.0,90,Snow,heavy snow,3516
2012-12-10 18:00:00,271.4,0.0,0.0,90,Mist,mist,3516
2012-12-10 19:00:00,270.91,0.0,0.0,90,Snow,heavy snow,2520
2012-12-10 19:00:00,270.91,0.0,0.0,90,Mist,mist,2520
2012-12-10 19:00:00,270.91,0.0,0.0,90,Snow,snow,2520
2012-12-10 20:00:00,270.81,0.0,0.0,90,Snow,heavy snow,2131
2012-12-10 20:00:00,270.81,0.0,0.0,90,Mist,mist,2131
2012-12-10 20:00:00,270.81,0.0,0.0,90,Snow,snow,2131
2012-12-10 21:00:00,269.78,0.0,0.0,90,Snow,heavy snow,1983
2012-12-10 21:00:00,269.78,0.0,0.0,90,Mist,mist,1983
2012-12-10 22:00:00,268.41,0.0,0.0,90,Snow,heavy snow,1684
2012-12-10 22:00:00,268.41,0.0,0.0,90,Mist,mist,1684
2012-12-10 23:00:00,266.76,0.0,0.0,90,Snow,heavy snow,976
2012-12-10 23:00:00,266.76,0.0,0.0,90,Mist,mist,976
2012-12-11 00:00:00,265.17,0.0,0.0,90,Snow,heavy snow,450
2012-12-11 00:00:00,265.17,0.0,0.0,90,Mist,mist,450
2012-12-11 01:00:00,264.04,0.0,0.0,90,Snow,heavy snow,314
2012-12-11 02:00:00,263.58,0.0,0.0,90,Snow,heavy snow,255
2012-12-11 03:00:00,263.07,0.0,0.0,90,Snow,heavy snow,344
2012-12-11 04:00:00,262.31,0.0,0.0,90,Snow,heavy snow,789
2012-12-11 04:00:00,262.31,0.0,0.0,90,Mist,mist,789
2012-12-11 05:00:00,261.68,0.0,0.0,75,Snow,heavy snow,2531
2012-12-11 06:00:00,261.45,0.0,0.0,75,Snow,heavy snow,4867
2012-12-11 07:00:00,261.18,0.0,0.0,90,Snow,heavy snow,5263
2012-12-11 08:00:00,260.75,0.0,0.0,90,Snow,heavy snow,5325
2012-12-11 09:00:00,260.77,0.0,0.0,90,Clouds,overcast clouds,5137
2012-12-11 10:00:00,260.81,0.0,0.0,75,Snow,heavy snow,4582
2012-12-11 11:00:00,260.85,0.0,0.0,40,Clouds,scattered clouds,4202
2012-12-11 12:00:00,261.0,0.0,0.0,20,Clouds,few clouds,4396
2012-12-11 13:00:00,261.99,0.0,0.0,20,Clouds,few clouds,4519
2012-12-11 14:00:00,262.23,0.0,0.0,40,Clouds,scattered clouds,4890
2012-12-11 15:00:00,261.58,0.0,0.0,40,Clouds,scattered clouds,5139
2012-12-11 16:00:00,260.25,0.0,0.0,75,Clouds,broken clouds,5242
2012-12-11 17:00:00,259.04,0.0,0.0,40,Clouds,scattered clouds,4913
2012-12-11 18:00:00,257.81,0.0,0.0,40,Clouds,scattered clouds,4415
2012-12-11 19:00:00,257.01,0.0,0.0,75,Clouds,broken clouds,2880
2012-12-11 20:00:00,255.94,0.0,0.0,75,Clouds,broken clouds,2425
2012-12-11 21:00:00,256.23,0.0,0.0,90,Clouds,overcast clouds,2273
2012-12-11 22:00:00,256.06,0.0,0.0,40,Haze,haze,1746
2012-12-11 23:00:00,256.73,0.0,0.0,90,Clouds,overcast clouds,1007
2012-12-12 00:00:00,257.71,0.0,0.0,90,Mist,mist,571
2012-12-12 00:00:00,257.71,0.0,0.0,90,Snow,heavy snow,571
2012-12-12 01:00:00,258.71,0.0,0.0,90,Snow,heavy snow,349
2012-12-12 02:00:00,259.76,0.0,0.0,90,Snow,heavy snow,245
2012-12-12 03:00:00,260.13,0.0,0.0,90,Snow,heavy snow,357
2012-12-12 03:00:00,260.13,0.0,0.0,90,Mist,mist,357
2012-12-12 04:00:00,260.39,0.0,0.0,90,Snow,heavy snow,833
2012-12-12 04:00:00,260.39,0.0,0.0,90,Mist,mist,833
2012-12-12 05:00:00,260.57,0.0,0.0,90,Snow,heavy snow,2620
2012-12-12 06:00:00,260.71,0.0,0.0,75,Clouds,broken clouds,5178
2012-12-12 07:00:00,260.64,0.0,0.0,90,Mist,mist,5771
2012-12-12 07:00:00,260.64,0.0,0.0,90,Snow,heavy snow,5771
2012-12-12 08:00:00,260.42,0.0,0.0,40,Snow,heavy snow,5586
2012-12-12 08:00:00,260.42,0.0,0.0,40,Mist,mist,5586
2012-12-12 09:00:00,261.16,0.0,0.0,40,Clouds,scattered clouds,5310
2012-12-12 10:00:00,262.17,0.0,0.0,90,Clouds,overcast clouds,4313
2012-12-12 11:00:00,262.9,0.0,0.0,16,Clouds,few clouds,4583
2012-12-12 13:00:00,268.75,0.0,0.0,89,Clouds,overcast clouds,4810
2012-12-12 14:00:00,268.75,0.0,0.0,89,Clouds,overcast clouds,5320
2012-12-12 15:00:00,265.93,0.0,0.0,89,Clouds,overcast clouds,5497
2012-12-12 16:00:00,264.82,0.0,0.0,89,Clouds,overcast clouds,6208
2012-12-12 17:00:00,263.96,0.0,0.0,89,Clouds,overcast clouds,5574
2012-12-12 18:00:00,263.59,0.0,0.0,89,Clouds,overcast clouds,4371
2012-12-12 19:00:00,262.79,0.0,0.0,89,Clouds,overcast clouds,3104
2012-12-12 20:00:00,261.11,0.0,0.0,40,Mist,mist,2616
2012-12-12 21:00:00,261.3,0.0,0.0,90,Fog,fog,2425
2012-12-12 21:00:00,261.3,0.0,0.0,90,Mist,mist,2425
2012-12-12 22:00:00,259.06,0.0,0.0,20,Mist,mist,1928
2012-12-12 23:00:00,258.94,0.0,0.0,75,Mist,mist,1081
2012-12-13 00:00:00,259.58,0.0,0.0,20,Mist,mist,590
2012-12-13 00:00:00,259.58,0.0,0.0,20,Haze,haze,590
2012-12-13 01:00:00,259.11,0.0,0.0,90,Mist,mist,371
2012-12-13 02:00:00,260.43,0.0,0.0,75,Mist,mist,268
2012-12-13 03:00:00,261.58,0.0,0.0,75,Mist,mist,356
2012-12-13 04:00:00,262.9,0.0,0.0,90,Mist,mist,876
2012-12-13 05:00:00,264.28,0.0,0.0,90,Mist,mist,2651
2012-12-13 06:00:00,265.22,0.0,0.0,75,Mist,mist,5183
2012-12-13 07:00:00,266.42,0.0,0.0,90,Mist,mist,6385
2012-12-13 08:00:00,267.86,0.0,0.0,90,Clouds,overcast clouds,6038
2012-12-13 09:00:00,269.47,0.0,0.0,90,Clouds,overcast clouds,5045
2012-12-13 10:00:00,271.36,0.0,0.0,90,Clouds,overcast clouds,4531
2012-12-13 11:00:00,273.17,0.0,0.0,75,Clouds,broken clouds,5031
2012-12-13 12:00:00,274.99,0.0,0.0,75,Clouds,broken clouds,5050
2012-12-13 13:00:00,275.95,0.0,0.0,75,Clouds,broken clouds,4989
2012-12-13 14:00:00,276.46,0.0,0.0,75,Clouds,broken clouds,5622
2012-12-13 15:00:00,276.7,0.0,0.0,75,Clouds,broken clouds,5698
2012-12-13 16:00:00,276.12,0.0,0.0,90,Clouds,overcast clouds,6132
2012-12-13 17:00:00,275.37,0.0,0.0,90,Clouds,overcast clouds,5331
2012-12-13 18:00:00,274.66,0.0,0.0,90,Clouds,overcast clouds,4534
2012-12-13 19:00:00,274.9,0.0,0.0,90,Clouds,overcast clouds,3275
2012-12-13 20:00:00,275.56,0.0,0.0,90,Clouds,overcast clouds,2982
2012-12-13 21:00:00,275.95,0.0,0.0,90,Clouds,overcast clouds,2632
2012-12-13 22:00:00,276.06,0.0,0.0,40,Clouds,scattered clouds,2074
2012-12-13 23:00:00,275.53,0.0,0.0,20,Clouds,few clouds,1158
2012-12-14 00:00:00,275.35,0.0,0.0,90,Clouds,overcast clouds,652
2012-12-14 01:00:00,275.5,0.0,0.0,90,Clouds,overcast clouds,411
2012-12-14 02:00:00,275.22,0.0,0.0,90,Clouds,overcast clouds,371
2012-12-14 03:00:00,274.99,0.0,0.0,90,Clouds,overcast clouds,447
2012-12-14 04:00:00,274.3,0.0,0.0,75,Clouds,broken clouds,781
2012-12-14 05:00:00,273.05,0.0,0.0,75,Clouds,broken clouds,2508
2012-12-14 06:00:00,271.71,0.0,0.0,20,Clouds,few clouds,5412
2012-12-14 07:00:00,271.1,0.0,0.0,20,Clouds,few clouds,6507
2012-12-14 08:00:00,269.84,0.0,0.0,20,Clouds,few clouds,5595
2012-12-14 09:00:00,269.47,0.0,0.0,20,Clouds,few clouds,5113
2012-12-14 10:00:00,270.77,0.0,0.0,75,Clouds,broken clouds,4868
2012-12-14 11:00:00,271.92,0.0,0.0,75,Clouds,broken clouds,5297
2012-12-14 12:00:00,273.04,0.0,0.0,75,Clouds,broken clouds,5480
2012-12-14 13:00:00,274.04,0.0,0.0,40,Clouds,scattered clouds,5407
2012-12-14 14:00:00,274.31,0.0,0.0,20,Clouds,few clouds,5519
2012-12-14 15:00:00,274.16,0.0,0.0,20,Clouds,few clouds,6002
2012-12-14 16:00:00,272.81,0.0,0.0,20,Clouds,few clouds,6185
2012-12-14 17:00:00,271.25,0.0,0.0,40,Clouds,scattered clouds,5545
2012-12-14 18:00:00,270.27,0.0,0.0,20,Mist,mist,4555
2012-12-14 19:00:00,268.66,0.0,0.0,40,Mist,mist,3598
2012-12-14 19:00:00,268.66,0.0,0.0,40,Haze,haze,3598
2012-12-14 20:00:00,267.93,0.0,0.0,40,Haze,haze,2868
2012-12-14 20:00:00,267.93,0.0,0.0,40,Mist,mist,2868
2012-12-14 21:00:00,267.13,0.0,0.0,40,Mist,mist,2819
2012-12-14 22:00:00,266.93,0.0,0.0,75,Mist,mist,2890
2012-12-14 23:00:00,266.6,0.0,0.0,90,Mist,mist,1828
2012-12-15 00:00:00,265.48,0.0,0.0,75,Mist,mist,1147
2012-12-15 01:00:00,265.41,0.0,0.0,75,Mist,mist,699
2012-12-15 02:00:00,265.29,0.0,0.0,40,Mist,mist,556
2012-12-15 03:00:00,264.73,0.0,0.0,20,Mist,mist,385
2012-12-15 04:00:00,264.56,0.0,0.0,20,Mist,mist,421
2012-12-15 05:00:00,264.88,0.0,0.0,20,Mist,mist,716
2012-12-15 06:00:00,264.25,0.0,0.0,20,Mist,mist,1104
2012-12-15 07:00:00,264.65,0.0,0.0,75,Mist,mist,1616
2012-12-15 08:00:00,265.53,0.0,0.0,75,Mist,mist,2407
2012-12-15 09:00:00,266.5,0.0,0.0,75,Mist,mist,3169
2012-12-15 10:00:00,268.61,0.0,0.0,75,Mist,mist,3519
2012-12-15 10:00:00,268.61,0.0,0.0,75,Haze,haze,3519
2012-12-15 11:00:00,270.29,0.0,0.0,75,Mist,mist,3938
2012-12-15 12:00:00,272.37,0.0,0.0,75,Haze,haze,4030
2012-12-15 12:00:00,272.37,0.0,0.0,75,Mist,mist,4030
2012-12-15 13:00:00,273.72,0.0,0.0,40,Mist,mist,4235
2012-12-15 14:00:00,274.45,0.0,0.0,40,Clouds,scattered clouds,4080
2012-12-15 15:00:00,274.42,0.0,0.0,75,Clouds,broken clouds,4143
2012-12-15 16:00:00,274.08,0.0,0.0,75,Clouds,broken clouds,4347
2012-12-15 17:00:00,273.42,0.0,0.0,90,Clouds,overcast clouds,4088
2012-12-15 19:00:00,273.34,0.0,0.0,90,Clouds,overcast clouds,2822
2012-12-15 20:00:00,273.81,0.0,0.0,90,Clouds,overcast clouds,2420
2012-12-15 21:00:00,274.18,0.0,0.0,90,Clouds,overcast clouds,2406
2012-12-15 22:00:00,274.84,0.0,0.0,75,Clouds,broken clouds,2320
2012-12-15 23:00:00,275.85,0.0,0.0,90,Clouds,overcast clouds,1621
2012-12-16 00:00:00,276.06,0.0,0.0,90,Clouds,overcast clouds,1098
2012-12-16 01:00:00,276.25,0.0,0.0,90,Clouds,overcast clouds,704
2012-12-16 02:00:00,276.28,0.0,0.0,90,Clouds,overcast clouds,588
2012-12-16 03:00:00,275.71,0.0,0.0,90,Mist,mist,307
2012-12-16 03:00:00,275.71,0.0,0.0,90,Rain,light rain,307
2012-12-16 03:00:00,275.71,0.0,0.0,90,Haze,haze,307
2012-12-16 03:00:00,275.71,0.0,0.0,90,Drizzle,light intensity drizzle,307
2012-12-16 04:00:00,275.34,0.0,0.0,90,Mist,mist,271
2012-12-16 04:00:00,275.34,0.0,0.0,90,Rain,light rain,271
2012-12-16 04:00:00,275.34,0.0,0.0,90,Drizzle,light intensity drizzle,271
2012-12-16 04:00:00,275.34,0.0,0.0,90,Rain,moderate rain,271
2012-12-16 05:00:00,275.16,0.0,0.0,90,Rain,moderate rain,455
2012-12-16 05:00:00,275.16,0.0,0.0,90,Mist,mist,455
2012-12-16 05:00:00,275.16,0.0,0.0,90,Rain,light rain,455
2012-12-16 06:00:00,274.98,0.0,0.0,90,Rain,light rain,690
2012-12-16 06:00:00,274.98,0.0,0.0,90,Mist,mist,690
2012-12-16 06:00:00,274.98,0.0,0.0,90,Rain,moderate rain,690
2012-12-16 07:00:00,274.89,0.0,0.0,90,Rain,light rain,964
2012-12-16 07:00:00,274.89,0.0,0.0,90,Mist,mist,964
2012-12-16 07:00:00,274.89,0.0,0.0,90,Drizzle,light intensity drizzle,964
2012-12-16 07:00:00,274.89,0.0,0.0,90,Rain,moderate rain,964
2012-12-16 08:00:00,274.94,0.0,0.0,90,Rain,light rain,1616
2012-12-16 08:00:00,274.94,0.0,0.0,90,Mist,mist,1616
2012-12-16 08:00:00,274.94,0.0,0.0,90,Rain,moderate rain,1616
2012-12-16 08:00:00,274.94,0.0,0.0,90,Drizzle,light intensity drizzle,1616
2012-12-16 09:00:00,275.03,0.0,0.0,90,Rain,light rain,2300
2012-12-16 09:00:00,275.03,0.0,0.0,90,Mist,mist,2300
2012-12-16 09:00:00,275.03,0.0,0.0,90,Rain,moderate rain,2300
2012-12-16 09:00:00,275.03,0.0,0.0,90,Drizzle,light intensity drizzle,2300
2012-12-16 09:00:00,275.03,0.0,0.0,90,Drizzle,drizzle,2300
2012-12-16 10:00:00,275.26,0.0,0.0,90,Rain,light rain,3021
2012-12-16 10:00:00,275.26,0.0,0.0,90,Mist,mist,3021
2012-12-16 10:00:00,275.26,0.0,0.0,90,Drizzle,light intensity drizzle,3021
2012-12-16 10:00:00,275.26,0.0,0.0,90,Drizzle,drizzle,3021
2012-12-16 11:00:00,275.49,0.0,0.0,90,Rain,light rain,3473
2012-12-16 11:00:00,275.49,0.0,0.0,90,Mist,mist,3473
2012-12-16 11:00:00,275.49,0.0,0.0,90,Drizzle,light intensity drizzle,3473
2012-12-16 12:00:00,275.49,0.0,0.0,90,Rain,light rain,3552
2012-12-16 12:00:00,275.49,0.0,0.0,90,Mist,mist,3552
2012-12-16 12:00:00,275.49,0.0,0.0,90,Drizzle,light intensity drizzle,3552
2012-12-16 13:00:00,275.34,0.0,0.0,90,Drizzle,light intensity drizzle,3657
2012-12-16 13:00:00,275.34,0.0,0.0,90,Mist,mist,3657
2012-12-16 13:00:00,275.34,0.0,0.0,90,Rain,light rain,3657
2012-12-16 14:00:00,275.44,0.0,0.0,90,Drizzle,light intensity drizzle,3547
2012-12-16 14:00:00,275.44,0.0,0.0,90,Mist,mist,3547
2012-12-16 14:00:00,275.44,0.0,0.0,90,Rain,light rain,3547
2012-12-16 14:00:00,275.44,0.0,0.0,90,Drizzle,drizzle,3547
2012-12-16 15:00:00,275.17,0.0,0.0,90,Drizzle,light intensity drizzle,3884
2012-12-16 15:00:00,275.17,0.0,0.0,90,Mist,mist,3884
2012-12-16 15:00:00,275.17,0.0,0.0,90,Rain,light rain,3884
2012-12-16 16:00:00,275.22,0.0,0.0,90,Mist,mist,4130
2012-12-16 16:00:00,275.22,0.0,0.0,90,Rain,light rain,4130
2012-12-16 16:00:00,275.22,0.0,0.0,90,Fog,fog,4130
2012-12-16 16:00:00,275.22,0.0,0.0,90,Drizzle,drizzle,4130
2012-12-16 17:00:00,274.98,0.0,0.0,90,Mist,mist,3775
2012-12-16 17:00:00,274.98,0.0,0.0,90,Fog,fog,3775
2012-12-16 17:00:00,274.98,0.0,0.0,90,Drizzle,drizzle,3775
2012-12-16 17:00:00,274.98,0.0,0.0,90,Rain,light rain,3775
2012-12-16 18:00:00,274.85,0.0,0.0,90,Drizzle,light intensity drizzle,3076
2012-12-16 18:00:00,274.85,0.0,0.0,90,Mist,mist,3076
2012-12-16 18:00:00,274.85,0.0,0.0,90,Fog,fog,3076
2012-12-16 18:00:00,274.85,0.0,0.0,90,Rain,light rain,3076
2012-12-16 19:00:00,274.52,0.0,0.0,90,Rain,light rain,2597
2012-12-16 19:00:00,274.52,0.0,0.0,90,Fog,fog,2597
2012-12-16 19:00:00,274.52,0.0,0.0,90,Mist,mist,2597
2012-12-16 19:00:00,274.52,0.0,0.0,90,Drizzle,drizzle,2597
2012-12-16 19:00:00,274.52,0.0,0.0,90,Snow,heavy snow,2597
2012-12-16 20:00:00,274.33,0.0,0.0,90,Rain,light rain,2186
2012-12-16 20:00:00,274.33,0.0,0.0,90,Mist,mist,2186
2012-12-16 20:00:00,274.33,0.0,0.0,90,Snow,heavy snow,2186
2012-12-16 21:00:00,274.09,0.0,0.0,90,Drizzle,light intensity drizzle,1945
2012-12-16 21:00:00,274.09,0.0,0.0,90,Mist,mist,1945
2012-12-16 21:00:00,274.09,0.0,0.0,90,Rain,light rain,1945
2012-12-16 21:00:00,274.09,0.0,0.0,90,Snow,heavy snow,1945
2012-12-16 21:00:00,274.09,0.0,0.0,90,Snow,snow,1945
2012-12-16 22:00:00,273.67,0.0,0.0,90,Rain,light rain,1476
2012-12-16 22:00:00,273.67,0.0,0.0,90,Mist,mist,1476
2012-12-16 22:00:00,273.67,0.0,0.0,90,Snow,heavy snow,1476
2012-12-16 23:00:00,273.57,0.0,0.0,90,Snow,heavy snow,929
2012-12-16 23:00:00,273.57,0.0,0.0,90,Mist,mist,929
2012-12-16 23:00:00,273.57,0.0,0.0,90,Rain,light rain,929
2012-12-17 00:00:00,273.85,0.0,0.0,90,Snow,heavy snow,485
2012-12-17 00:00:00,273.85,0.0,0.0,90,Mist,mist,485
2012-12-17 00:00:00,273.85,0.0,0.0,90,Rain,light rain,485
2012-12-17 01:00:00,273.98,0.0,0.0,90,Snow,heavy snow,306
2012-12-17 01:00:00,273.98,0.0,0.0,90,Mist,mist,306
2012-12-17 02:00:00,274.07,0.0,0.0,90,Mist,mist,250
2012-12-17 03:00:00,274.08,0.0,0.0,90,Mist,mist,317
2012-12-17 04:00:00,274.23,0.0,0.0,90,Mist,mist,801
2012-12-17 05:00:00,273.7,0.0,0.0,90,Mist,mist,2543
2012-12-17 06:00:00,272.89,0.0,0.0,90,Mist,mist,5665
2012-12-17 07:00:00,271.84,0.0,0.0,90,Mist,mist,6520
2012-12-17 08:00:00,271.07,0.0,0.0,90,Mist,mist,5663
2012-12-17 09:00:00,269.74,0.0,0.0,90,Mist,mist,5053
2012-12-17 10:00:00,268.89,0.0,0.0,90,Mist,mist,4384
2012-12-17 11:00:00,268.15,0.0,0.0,90,Mist,mist,4589
2012-12-17 12:00:00,267.68,0.0,0.0,90,Mist,mist,4814
2012-12-17 13:00:00,267.34,0.0,0.0,90,Mist,mist,4994
2012-12-17 14:00:00,266.9,0.0,0.0,90,Mist,mist,5122
2012-12-17 15:00:00,266.39,0.0,0.0,90,Mist,mist,5694
2012-12-17 16:00:00,266.19,0.0,0.0,90,Mist,mist,6195
2012-12-17 17:00:00,266.14,0.0,0.0,90,Clouds,overcast clouds,5590
2012-12-17 18:00:00,266.5,0.0,0.0,90,Clouds,overcast clouds,3996
2012-12-17 19:00:00,266.65,0.0,0.0,90,Clouds,overcast clouds,2953
2012-12-17 20:00:00,266.65,0.0,0.0,90,Clouds,overcast clouds,2391
2012-12-17 21:00:00,266.69,0.0,0.0,90,Clouds,overcast clouds,2018
2012-12-17 22:00:00,266.69,0.0,0.0,90,Clouds,overcast clouds,1385
2012-12-17 23:00:00,266.79,0.0,0.0,90,Clouds,overcast clouds,966
2012-12-18 00:00:00,266.92,0.0,0.0,90,Clouds,overcast clouds,511
2012-12-18 01:00:00,266.89,0.0,0.0,90,Clouds,overcast clouds,332
2012-12-18 02:00:00,266.99,0.0,0.0,90,Clouds,overcast clouds,248
2012-12-18 03:00:00,266.99,0.0,0.0,90,Clouds,overcast clouds,359
2012-12-18 04:00:00,266.9,0.0,0.0,90,Clouds,overcast clouds,812
2012-12-18 05:00:00,266.9,0.0,0.0,90,Clouds,overcast clouds,2528
2012-12-18 06:00:00,266.7,0.0,0.0,90,Mist,mist,5814
2012-12-18 07:00:00,266.7,0.0,0.0,90,Mist,mist,6656
2012-12-18 08:00:00,266.76,0.0,0.0,90,Mist,mist,5843
2012-12-18 09:00:00,266.94,0.0,0.0,90,Snow,heavy snow,5303
2012-12-18 09:00:00,266.94,0.0,0.0,90,Mist,mist,5303
2012-12-18 10:00:00,267.14,0.0,0.0,90,Mist,mist,4918
2012-12-18 11:00:00,267.46,0.0,0.0,90,Haze,haze,5198
2012-12-18 11:00:00,267.46,0.0,0.0,90,Mist,mist,5198
2012-12-18 12:00:00,267.8,0.0,0.0,90,Mist,mist,5316
2012-12-18 13:00:00,268.08,0.0,0.0,90,Mist,mist,5433
2012-12-18 13:00:00,268.08,0.0,0.0,90,Haze,haze,5433
2012-12-18 14:00:00,268.14,0.0,0.0,90,Mist,mist,5785
2012-12-18 14:00:00,268.14,0.0,0.0,90,Haze,haze,5785
2012-12-18 15:00:00,268.37,0.0,0.0,90,Mist,mist,6120
2012-12-18 15:00:00,268.37,0.0,0.0,90,Haze,haze,6120
2012-12-18 16:00:00,268.32,0.0,0.0,90,Mist,mist,6493
2012-12-18 16:00:00,268.32,0.0,0.0,90,Haze,haze,6493
2012-12-18 17:00:00,268.17,0.0,0.0,90,Haze,haze,5915
2012-12-18 17:00:00,268.17,0.0,0.0,90,Mist,mist,5915
2012-12-18 18:00:00,268.22,0.0,0.0,90,Mist,mist,4570
2012-12-18 18:00:00,268.22,0.0,0.0,90,Haze,haze,4570
2012-12-18 19:00:00,268.36,0.0,0.0,90,Mist,mist,3467
2012-12-18 19:00:00,268.36,0.0,0.0,90,Haze,haze,3467
2012-12-18 20:00:00,268.26,0.0,0.0,90,Mist,mist,2855
2012-12-18 21:00:00,268.26,0.0,0.0,90,Mist,mist,2549
2012-12-18 21:00:00,268.26,0.0,0.0,90,Haze,haze,2549
2012-12-18 22:00:00,268.26,0.0,0.0,90,Mist,mist,2137
2012-12-18 22:00:00,268.26,0.0,0.0,90,Snow,heavy snow,2137
2012-12-18 23:00:00,268.36,0.0,0.0,90,Mist,mist,1295
2012-12-18 23:00:00,268.36,0.0,0.0,90,Snow,heavy snow,1295
2012-12-19 00:00:00,268.39,0.0,0.0,90,Snow,heavy snow,534
2012-12-19 00:00:00,268.39,0.0,0.0,90,Mist,mist,534
2012-12-19 01:00:00,268.3,0.0,0.0,90,Mist,mist,348
2012-12-19 01:00:00,268.3,0.0,0.0,90,Snow,heavy snow,348
2012-12-19 02:00:00,268.35,0.0,0.0,90,Mist,mist,278
2012-12-19 02:00:00,268.35,0.0,0.0,90,Snow,heavy snow,278
2012-12-19 03:00:00,268.15,0.0,0.0,90,Mist,mist,378
2012-12-19 03:00:00,268.15,0.0,0.0,90,Snow,heavy snow,378
2012-12-19 04:00:00,268.12,0.0,0.0,90,Mist,mist,790
2012-12-19 04:00:00,268.12,0.0,0.0,90,Snow,heavy snow,790
2012-12-19 05:00:00,268.26,0.0,0.0,90,Mist,mist,2526
2012-12-19 06:00:00,268.25,0.0,0.0,90,Mist,mist,5796
2012-12-19 07:00:00,268.22,0.0,0.0,90,Mist,mist,6803
2012-12-19 08:00:00,268.02,0.0,0.0,90,Mist,mist,5779
2012-12-19 09:00:00,267.89,0.0,0.0,90,Mist,mist,5318
2012-12-19 09:00:00,267.89,0.0,0.0,90,Snow,heavy snow,5318
2012-12-19 09:00:00,267.89,0.0,0.0,90,Fog,fog,5318
2012-12-19 10:00:00,268.08,0.0,0.0,90,Mist,mist,4869
2012-12-19 10:00:00,268.08,0.0,0.0,90,Fog,fog,4869
2012-12-19 11:00:00,268.55,0.0,0.0,90,Mist,mist,4999
2012-12-19 12:00:00,268.88,0.0,0.0,90,Mist,mist,5104
2012-12-19 13:00:00,269.25,0.0,0.0,90,Haze,haze,5084
2012-12-19 13:00:00,269.25,0.0,0.0,90,Mist,mist,5084
2012-12-19 14:00:00,269.13,0.0,0.0,90,Haze,haze,5634
2012-12-19 14:00:00,269.13,0.0,0.0,90,Mist,mist,5634
2012-12-19 15:00:00,269.2,0.0,0.0,90,Haze,haze,5912
2012-12-19 15:00:00,269.2,0.0,0.0,90,Mist,mist,5912
2012-12-19 16:00:00,269.2,0.0,0.0,90,Haze,haze,6135
2012-12-19 16:00:00,269.2,0.0,0.0,90,Mist,mist,6135
2012-12-19 17:00:00,269.21,0.0,0.0,90,Haze,haze,5784
2012-12-19 17:00:00,269.21,0.0,0.0,90,Mist,mist,5784
2012-12-19 18:00:00,269.16,0.0,0.0,90,Haze,haze,4553
2012-12-19 18:00:00,269.16,0.0,0.0,90,Mist,mist,4553
2012-12-19 19:00:00,269.21,0.0,0.0,90,Haze,haze,3353
2012-12-19 19:00:00,269.21,0.0,0.0,90,Mist,mist,3353
2012-12-19 20:00:00,269.35,0.0,0.0,90,Haze,haze,2883
2012-12-19 20:00:00,269.35,0.0,0.0,90,Mist,mist,2883
2012-12-19 21:00:00,269.58,0.0,0.0,90,Mist,mist,2591
2012-12-19 21:00:00,269.58,0.0,0.0,90,Haze,haze,2591
2012-12-19 21:00:00,269.58,0.0,0.0,90,Snow,heavy snow,2591
2012-12-19 22:00:00,269.95,0.0,0.0,90,Haze,haze,2004
2012-12-19 22:00:00,269.95,0.0,0.0,90,Mist,mist,2004
2012-12-19 23:00:00,270.09,0.0,0.0,90,Snow,heavy snow,1113
2012-12-19 23:00:00,270.09,0.0,0.0,90,Mist,mist,1113
2012-12-20 00:00:00,270.56,0.0,0.0,90,Mist,mist,641
2012-12-20 01:00:00,271.06,0.0,0.0,90,Mist,mist,419
2012-12-20 02:00:00,271.44,0.0,0.0,90,Mist,mist,281
2012-12-20 03:00:00,271.57,0.0,0.0,90,Mist,mist,391
2012-12-20 04:00:00,271.43,0.0,0.0,90,Mist,mist,837
2012-12-20 05:00:00,271.34,0.0,0.0,90,Clouds,overcast clouds,2489
2012-12-20 06:00:00,270.61,0.0,0.0,90,Mist,mist,5277
2012-12-20 07:00:00,270.28,0.0,0.0,90,Mist,mist,5631
2012-12-20 08:00:00,270.17,0.0,0.0,90,Mist,mist,5444
2012-12-20 08:00:00,270.17,0.0,0.0,90,Haze,haze,5444
2012-12-20 09:00:00,269.74,0.0,0.0,75,Mist,mist,4803
2012-12-20 09:00:00,269.74,0.0,0.0,75,Haze,haze,4803
2012-12-20 10:00:00,270.01,0.0,0.0,90,Mist,mist,4500
2012-12-20 11:00:00,270.62,0.0,0.0,90,Haze,haze,4785
2012-12-20 11:00:00,270.62,0.0,0.0,90,Mist,mist,4785
2012-12-20 12:00:00,271.41,0.0,0.0,75,Mist,mist,4800
2012-12-20 13:00:00,273.0,0.0,0.0,78,Clouds,broken clouds,5007
2012-12-20 15:00:00,272.43,0.0,0.0,75,Haze,haze,5632
2012-12-20 16:00:00,271.6,0.0,0.0,90,Mist,mist,6333
2012-12-20 17:00:00,271.09,0.0,0.0,90,Mist,mist,5831
2012-12-20 18:00:00,270.9,0.0,0.0,90,Clouds,overcast clouds,4279
2012-12-20 19:00:00,270.72,0.0,0.0,90,Mist,mist,3270
2012-12-20 20:00:00,270.89,0.0,0.0,90,Clouds,overcast clouds,2677
2012-12-20 21:00:00,270.52,0.0,0.0,90,Snow,heavy snow,2458
2012-12-20 21:00:00,270.52,0.0,0.0,90,Mist,mist,2458
2012-12-20 22:00:00,269.79,0.0,0.0,90,Snow,heavy snow,2208
2012-12-20 22:00:00,269.79,0.0,0.0,90,Mist,mist,2208
2012-12-20 23:00:00,269.49,0.0,0.0,90,Clouds,overcast clouds,1244
2012-12-21 00:00:00,268.92,0.0,0.0,90,Clouds,overcast clouds,737
2012-12-21 01:00:00,268.41,0.0,0.0,90,Snow,heavy snow,436
2012-12-21 01:00:00,268.41,0.0,0.0,90,Haze,haze,436
2012-12-21 02:00:00,267.99,0.0,0.0,90,Snow,heavy snow,318
2012-12-21 02:00:00,267.99,0.0,0.0,90,Mist,mist,318
2012-12-21 03:00:00,267.65,0.0,0.0,90,Snow,heavy snow,386
2012-12-21 03:00:00,267.65,0.0,0.0,90,Mist,mist,386
2012-12-21 04:00:00,267.56,0.0,0.0,90,Snow,heavy snow,739
2012-12-21 04:00:00,267.56,0.0,0.0,90,Mist,mist,739
2012-12-21 04:00:00,267.56,0.0,0.0,90,Haze,haze,739
2012-12-21 05:00:00,267.56,0.0,0.0,90,Snow,heavy snow,2242
2012-12-21 05:00:00,267.56,0.0,0.0,90,Mist,mist,2242
2012-12-21 05:00:00,267.56,0.0,0.0,90,Haze,haze,2242
2012-12-21 06:00:00,267.33,0.0,0.0,90,Snow,heavy snow,5014
2012-12-21 06:00:00,267.33,0.0,0.0,90,Mist,mist,5014
2012-12-21 07:00:00,267.31,0.0,0.0,90,Snow,heavy snow,5982
2012-12-21 07:00:00,267.31,0.0,0.0,90,Mist,mist,5982
2012-12-21 08:00:00,267.45,0.0,0.0,90,Snow,heavy snow,5315
2012-12-21 08:00:00,267.45,0.0,0.0,90,Mist,mist,5315
2012-12-21 08:00:00,267.45,0.0,0.0,90,Haze,haze,5315
2012-12-21 09:00:00,267.87,0.0,0.0,90,Snow,heavy snow,5000
2012-12-21 09:00:00,267.87,0.0,0.0,90,Mist,mist,5000
2012-12-21 10:00:00,268.39,0.0,0.0,90,Snow,heavy snow,4985
2012-12-21 10:00:00,268.39,0.0,0.0,90,Mist,mist,4985
2012-12-21 10:00:00,268.39,0.0,0.0,90,Haze,haze,4985
2012-12-21 11:00:00,268.82,0.0,0.0,90,Haze,haze,5409
2012-12-21 13:00:00,269.6,0.0,0.0,90,Clouds,overcast clouds,5578
2012-12-21 14:00:00,269.38,0.0,0.0,90,Clouds,overcast clouds,5806
2012-12-21 15:00:00,268.88,0.0,0.0,75,Clouds,broken clouds,5999
2012-12-21 16:00:00,268.03,0.0,0.0,75,Clouds,broken clouds,5968
2012-12-21 17:00:00,266.72,0.0,0.0,40,Clouds,scattered clouds,5264
2012-12-21 18:00:00,265.93,0.0,0.0,40,Clouds,scattered clouds,4605
2012-12-21 19:00:00,265.51,0.0,0.0,20,Clouds,few clouds,3725
2012-12-21 20:00:00,264.53,0.0,0.0,75,Clouds,broken clouds,3058
2012-12-21 21:00:00,263.41,0.0,0.0,20,Clouds,few clouds,2795
2012-12-21 22:00:00,262.59,0.0,0.0,20,Clouds,few clouds,2724
2012-12-21 23:00:00,262.15,0.0,0.0,20,Clouds,few clouds,1843
2012-12-22 00:00:00,261.72,0.0,0.0,1,Clear,sky is clear,1227
2012-12-22 01:00:00,261.17,0.0,0.0,1,Clear,sky is clear,741
2012-12-22 02:00:00,260.86,0.0,0.0,1,Clear,sky is clear,531
2012-12-22 03:00:00,260.44,0.0,0.0,1,Clear,sky is clear,407
2012-12-22 04:00:00,260.19,0.0,0.0,1,Clear,sky is clear,394
2012-12-22 05:00:00,259.74,0.0,0.0,1,Clear,sky is clear,651
2012-12-22 06:00:00,259.47,0.0,0.0,1,Clear,sky is clear,1048
2012-12-22 07:00:00,259.03,0.0,0.0,1,Clear,sky is clear,1451
2012-12-22 08:00:00,259.03,0.0,0.0,1,Clear,sky is clear,2100
2012-12-22 09:00:00,259.7,0.0,0.0,1,Clear,sky is clear,3111
2012-12-22 10:00:00,261.21,0.0,0.0,1,Clear,sky is clear,3705
2012-12-22 11:00:00,262.57,0.0,0.0,1,Clear,sky is clear,4164
2012-12-22 12:00:00,263.75,0.0,0.0,1,Clear,sky is clear,4300
2012-12-22 13:00:00,264.69,0.0,0.0,1,Clear,sky is clear,4350
2012-12-22 14:00:00,265.51,0.0,0.0,1,Clear,sky is clear,4243
2012-12-22 15:00:00,265.33,0.0,0.0,1,Clear,sky is clear,4332
2012-12-22 16:00:00,264.82,0.0,0.0,1,Clear,sky is clear,4678
2012-12-22 17:00:00,263.43,0.0,0.0,20,Clouds,few clouds,4384
2012-12-22 18:00:00,262.44,0.0,0.0,20,Clouds,few clouds,3631
2012-12-22 19:00:00,261.62,0.0,0.0,20,Clouds,few clouds,3132
2012-12-22 20:00:00,261.31,0.0,0.0,1,Clear,sky is clear,2694
2012-12-22 21:00:00,260.44,0.0,0.0,1,Clear,sky is clear,2567
2012-12-22 22:00:00,260.69,0.0,0.0,1,Clear,sky is clear,2451
2012-12-22 23:00:00,260.4,0.0,0.0,20,Clouds,few clouds,1693
2012-12-23 00:00:00,259.94,0.0,0.0,1,Clear,sky is clear,1063
2012-12-23 01:00:00,259.69,0.0,0.0,1,Clear,sky is clear,685
2012-12-23 02:00:00,259.65,0.0,0.0,20,Clouds,few clouds,577
2012-12-23 04:00:00,260.24,0.0,0.0,20,Clouds,few clouds,261
2012-12-23 05:00:00,260.74,0.0,0.0,20,Mist,mist,401
2012-12-23 06:00:00,261.5,0.0,0.0,20,Clouds,few clouds,660
2012-12-23 07:00:00,261.4,0.0,0.0,40,Clouds,scattered clouds,895
2012-12-23 08:00:00,261.57,0.0,0.0,75,Clouds,broken clouds,1417
2012-12-23 09:00:00,262.99,0.0,0.0,75,Clouds,broken clouds,2288
2012-12-23 10:00:00,265.29,0.0,0.0,40,Clouds,scattered clouds,2955
2012-12-23 11:00:00,266.89,0.0,0.0,75,Clouds,broken clouds,3397
2012-12-23 12:00:00,268.2,0.0,0.0,75,Clouds,broken clouds,3324
2012-12-23 13:00:00,269.17,0.0,0.0,20,Clouds,few clouds,3459
2012-12-23 14:00:00,269.53,0.0,0.0,1,Clear,sky is clear,3292
2012-12-23 15:00:00,269.42,0.0,0.0,1,Clear,sky is clear,3838
2012-12-23 16:00:00,268.86,0.0,0.0,1,Clear,sky is clear,4039
2012-12-23 17:00:00,267.86,0.0,0.0,1,Clear,sky is clear,3474
2012-12-23 18:00:00,266.61,0.0,0.0,1,Clear,sky is clear,3071
2012-12-23 19:00:00,265.76,0.0,0.0,1,Clear,sky is clear,2537
2012-12-23 20:00:00,265.15,0.0,0.0,1,Clear,sky is clear,2254
2012-12-23 21:00:00,265.33,0.0,0.0,1,Clear,sky is clear,2099
2012-12-23 22:00:00,265.03,0.0,0.0,1,Clear,sky is clear,1847
2012-12-23 23:00:00,265.09,0.0,0.0,20,Snow,heavy snow,1198
2012-12-24 00:00:00,264.77,0.0,0.0,90,Clouds,overcast clouds,664
2012-12-24 01:00:00,264.46,0.0,0.0,90,Clouds,overcast clouds,401
2012-12-24 02:00:00,263.76,0.0,0.0,90,Clouds,overcast clouds,330
2012-12-24 03:00:00,262.6,0.0,0.0,90,Clouds,overcast clouds,250
2012-12-24 04:00:00,261.78,0.0,0.0,40,Clouds,scattered clouds,430
2012-12-24 05:00:00,261.31,0.0,0.0,75,Clouds,broken clouds,998
2012-12-24 06:00:00,260.84,0.0,0.0,75,Clouds,broken clouds,1940
2012-12-24 07:00:00,260.5,0.0,0.0,75,Clouds,broken clouds,2440
2012-12-24 08:00:00,260.01,0.0,0.0,75,Clouds,broken clouds,2174
2012-12-24 09:00:00,260.84,0.0,0.0,75,Clouds,broken clouds,2521
2012-12-24 10:00:00,262.0,0.0,0.0,75,Clouds,broken clouds,3008
2012-12-24 11:00:00,262.38,0.0,0.0,1,Clear,sky is clear,3559
2012-12-24 12:00:00,263.87,0.0,0.0,90,Clouds,overcast clouds,3997
2012-12-24 13:00:00,264.61,0.0,0.0,90,Clouds,overcast clouds,3821
2012-12-24 14:00:00,265.41,0.0,0.0,75,Clouds,broken clouds,4048
2012-12-24 15:00:00,265.47,0.0,0.0,75,Clouds,broken clouds,4032
2012-12-24 16:00:00,265.46,0.0,0.0,75,Clouds,broken clouds,3759
2012-12-24 17:00:00,264.76,0.0,0.0,75,Clouds,broken clouds,3099
2012-12-24 18:00:00,264.15,0.0,0.0,75,Clouds,broken clouds,2536
2012-12-24 19:00:00,263.81,0.0,0.0,75,Clouds,broken clouds,1972
2012-12-24 20:00:00,263.32,0.0,0.0,75,Clouds,broken clouds,2212
2012-12-24 21:00:00,263.53,0.0,0.0,75,Clouds,broken clouds,2463
2012-12-24 22:00:00,263.78,0.0,0.0,75,Clouds,broken clouds,2240
2012-12-24 23:00:00,264.12,0.0,0.0,75,Clouds,broken clouds,1542
2012-12-25 00:00:00,264.4,0.0,0.0,90,Clouds,overcast clouds,803
2012-12-25 01:00:00,264.52,0.0,0.0,90,Clouds,overcast clouds,575
2012-12-25 02:00:00,264.42,0.0,0.0,90,Clouds,overcast clouds,352
2012-12-25 03:00:00,264.31,0.0,0.0,90,Clouds,overcast clouds,191
2012-12-25 04:00:00,264.31,0.0,0.0,90,Snow,heavy snow,125
2012-12-25 05:00:00,263.91,0.0,0.0,90,Snow,heavy snow,208
2012-12-25 06:00:00,263.69,0.0,0.0,90,Snow,heavy snow,432
2012-12-25 07:00:00,263.45,0.0,0.0,90,Snow,heavy snow,478
2012-12-25 07:00:00,263.45,0.0,0.0,90,Mist,mist,478
2012-12-25 08:00:00,263.34,0.0,0.0,90,Snow,heavy snow,642
2012-12-25 09:00:00,263.2,0.0,0.0,90,Snow,heavy snow,1138
2012-12-25 10:00:00,263.26,0.0,0.0,75,Clouds,broken clouds,1787
2012-12-25 11:00:00,264.03,0.0,0.0,40,Clouds,scattered clouds,2314
2012-12-25 12:00:00,264.21,0.0,0.0,75,Clouds,broken clouds,2549
2012-12-25 13:00:00,264.12,0.0,0.0,20,Clouds,few clouds,2724
2012-12-25 14:00:00,264.11,0.0,0.0,1,Clear,sky is clear,2739
2012-12-25 15:00:00,263.75,0.0,0.0,1,Clear,sky is clear,2788
2012-12-25 16:00:00,263.25,0.0,0.0,1,Clear,sky is clear,2938
2012-12-25 17:00:00,260.79,0.0,0.0,1,Clear,sky is clear,2934
2012-12-25 18:00:00,260.51,0.0,0.0,1,Clear,sky is clear,2944
2012-12-25 19:00:00,259.68,0.0,0.0,1,Clear,sky is clear,2941
2012-12-25 20:00:00,259.57,0.0,0.0,1,Clear,sky is clear,2795
2012-12-25 21:00:00,258.82,0.0,0.0,1,Clear,sky is clear,2370
2012-12-25 22:00:00,258.45,0.0,0.0,1,Clear,sky is clear,1758
2012-12-25 23:00:00,258.23,0.0,0.0,1,Clear,sky is clear,1079
2012-12-26 00:00:00,257.72,0.0,0.0,1,Clear,sky is clear,539
2012-12-26 01:00:00,256.97,0.0,0.0,1,Clear,sky is clear,285
2012-12-26 02:00:00,256.22,0.0,0.0,1,Clear,sky is clear,252
2012-12-26 03:00:00,255.9,0.0,0.0,1,Clear,sky is clear,275
2012-12-26 04:00:00,255.5,0.0,0.0,1,Clear,sky is clear,558
2012-12-26 05:00:00,254.9,0.0,0.0,1,Clear,sky is clear,1880
2012-12-26 06:00:00,254.58,0.0,0.0,1,Clear,sky is clear,3922
2012-12-26 07:00:00,254.35,0.0,0.0,1,Clear,sky is clear,4087
2012-12-26 08:00:00,253.87,0.0,0.0,20,Clouds,few clouds,3745
2012-12-26 09:00:00,254.84,0.0,0.0,20,Clouds,few clouds,3577
2012-12-26 10:00:00,255.85,0.0,0.0,20,Clouds,few clouds,3708
2012-12-26 11:00:00,256.4,0.0,0.0,1,Clear,sky is clear,4209
2012-12-26 12:00:00,258.1,0.0,0.0,89,Clouds,overcast clouds,4422
2012-12-26 13:00:00,258.93,0.0,0.0,1,Clear,sky is clear,4699
2012-12-26 14:00:00,259.3,0.0,0.0,1,Clear,sky is clear,4935
2012-12-26 15:00:00,259.35,0.0,0.0,1,Clear,sky is clear,5203
2012-12-26 16:00:00,259.97,0.0,0.0,40,Clouds,scattered clouds,5489
2012-12-26 17:00:00,258.92,0.0,0.0,20,Clouds,few clouds,5036
2012-12-26 18:00:00,258.0,0.0,0.0,40,Clouds,scattered clouds,3838
2012-12-26 19:00:00,257.95,0.0,0.0,20,Clouds,few clouds,2796
2012-12-26 20:00:00,257.46,0.0,0.0,75,Clouds,broken clouds,2327
2012-12-26 21:00:00,257.49,0.0,0.0,75,Clouds,broken clouds,2010
2012-12-26 22:00:00,256.9,0.0,0.0,90,Clouds,overcast clouds,1856
2012-12-26 23:00:00,256.78,0.0,0.0,75,Clouds,broken clouds,1139
2012-12-27 00:00:00,255.83,0.0,0.0,36,Clouds,scattered clouds,686
2012-12-27 01:00:00,256.27,0.0,0.0,75,Clouds,broken clouds,418
2012-12-27 02:00:00,256.57,0.0,0.0,75,Clouds,broken clouds,301
2012-12-27 03:00:00,257.12,0.0,0.0,75,Clouds,broken clouds,303
2012-12-27 04:00:00,257.32,0.0,0.0,90,Clouds,overcast clouds,625
2012-12-27 05:00:00,257.57,0.0,0.0,90,Clouds,overcast clouds,2085
2012-12-27 06:00:00,257.83,0.0,0.0,90,Clouds,overcast clouds,4313
2012-12-27 07:00:00,258.29,0.0,0.0,90,Clouds,overcast clouds,4795
2012-12-27 08:00:00,258.39,0.0,0.0,90,Clouds,overcast clouds,4285
2012-12-27 09:00:00,258.89,0.0,0.0,90,Clouds,overcast clouds,4181
2012-12-27 10:00:00,259.1,0.0,0.0,75,Clouds,broken clouds,4177
2012-12-27 11:00:00,260.67,0.0,0.0,1,Clear,sky is clear,4434
2012-12-27 12:00:00,262.73,0.0,0.0,40,Clouds,scattered clouds,4791
2012-12-27 13:00:00,263.81,0.0,0.0,20,Clouds,few clouds,4920
2012-12-27 14:00:00,264.36,0.0,0.0,40,Clouds,scattered clouds,5212
2012-12-27 15:00:00,264.62,0.0,0.0,40,Clouds,scattered clouds,5352
2012-12-27 16:00:00,264.17,0.0,0.0,1,Clear,sky is clear,5652
2012-12-27 17:00:00,262.86,0.0,0.0,1,Clear,sky is clear,4654
2012-12-27 18:00:00,261.69,0.0,0.0,1,Clear,sky is clear,3629
2012-12-27 19:00:00,260.96,0.0,0.0,1,Clear,sky is clear,2651
2012-12-27 20:00:00,260.58,0.0,0.0,1,Clear,sky is clear,2387
2012-12-27 21:00:00,260.84,0.0,0.0,40,Clouds,scattered clouds,2134
2012-12-27 22:00:00,260.79,0.0,0.0,75,Clouds,broken clouds,1971
2012-12-27 23:00:00,259.53,0.0,0.0,40,Clouds,scattered clouds,1182
2012-12-28 00:00:00,259.38,0.0,0.0,20,Clouds,few clouds,652
2012-12-28 01:00:00,258.28,0.0,0.0,40,Clouds,scattered clouds,452
2012-12-28 02:00:00,258.34,0.0,0.0,40,Clouds,scattered clouds,346
2012-12-28 03:00:00,258.94,0.0,0.0,75,Clouds,broken clouds,394
2012-12-28 04:00:00,259.06,0.0,0.0,75,Clouds,broken clouds,633
2012-12-28 05:00:00,259.49,0.0,0.0,75,Clouds,broken clouds,1887
2012-12-28 06:00:00,259.92,0.0,0.0,90,Clouds,overcast clouds,3913
2012-12-28 07:00:00,259.95,0.0,0.0,75,Clouds,broken clouds,4353
2012-12-28 08:00:00,259.81,0.0,0.0,75,Clouds,broken clouds,3848
2012-12-28 09:00:00,260.36,0.0,0.0,92,Clouds,overcast clouds,3860
2012-12-28 10:00:00,261.91,0.0,0.0,75,Clouds,broken clouds,3795
2012-12-28 11:00:00,263.55,0.0,0.0,75,Clouds,broken clouds,4471
2012-12-28 13:00:00,265.78,0.0,0.0,90,Clouds,overcast clouds,4860
2012-12-28 14:00:00,266.14,0.0,0.0,90,Clouds,overcast clouds,5262
2012-12-28 15:00:00,265.93,0.0,0.0,90,Snow,heavy snow,5372
2012-12-28 15:00:00,265.93,0.0,0.0,90,Haze,haze,5372
2012-12-28 16:00:00,266.16,0.0,0.0,90,Snow,heavy snow,5441
2012-12-28 16:00:00,266.16,0.0,0.0,90,Mist,mist,5441
2012-12-28 17:00:00,265.97,0.0,0.0,90,Snow,heavy snow,4760
2012-12-28 17:00:00,265.97,0.0,0.0,90,Mist,mist,4760
2012-12-28 18:00:00,265.98,0.0,0.0,90,Snow,heavy snow,4134
2012-12-28 18:00:00,265.98,0.0,0.0,90,Mist,mist,4134
2012-12-28 19:00:00,265.92,0.0,0.0,90,Snow,heavy snow,3138
2012-12-28 19:00:00,265.92,0.0,0.0,90,Mist,mist,3138
2012-12-28 20:00:00,265.92,0.0,0.0,90,Snow,heavy snow,2637
2012-12-28 20:00:00,265.92,0.0,0.0,90,Mist,mist,2637
2012-12-28 21:00:00,265.92,0.0,0.0,90,Snow,heavy snow,2614
2012-12-28 21:00:00,265.92,0.0,0.0,90,Mist,mist,2614
2012-12-28 22:00:00,265.82,0.0,0.0,90,Snow,heavy snow,2335
2012-12-28 22:00:00,265.82,0.0,0.0,90,Mist,mist,2335
2012-12-28 23:00:00,265.73,0.0,0.0,90,Snow,heavy snow,1646
2012-12-28 23:00:00,265.73,0.0,0.0,90,Mist,mist,1646
2012-12-29 00:00:00,265.62,0.0,0.0,90,Snow,heavy snow,1003
2012-12-29 00:00:00,265.62,0.0,0.0,90,Mist,mist,1003
2012-12-29 01:00:00,265.56,0.0,0.0,90,Snow,heavy snow,670
2012-12-29 01:00:00,265.56,0.0,0.0,90,Mist,mist,670
2012-12-29 02:00:00,265.27,0.0,0.0,90,Snow,heavy snow,503
2012-12-29 02:00:00,265.27,0.0,0.0,90,Mist,mist,503
2012-12-29 03:00:00,265.52,0.0,0.0,90,Snow,heavy snow,357
2012-12-29 03:00:00,265.52,0.0,0.0,90,Mist,mist,357
2012-12-29 04:00:00,265.62,0.0,0.0,90,Snow,heavy snow,399
2012-12-29 04:00:00,265.62,0.0,0.0,90,Mist,mist,399
2012-12-29 05:00:00,265.51,0.0,0.0,90,Snow,heavy snow,619
2012-12-29 05:00:00,265.51,0.0,0.0,90,Mist,mist,619
2012-12-29 06:00:00,265.32,0.0,0.0,90,Snow,heavy snow,1018
2012-12-29 07:00:00,265.14,0.0,0.0,90,Snow,heavy snow,1280
2012-12-29 07:00:00,265.14,0.0,0.0,90,Mist,mist,1280
2012-12-29 08:00:00,265.19,0.0,0.0,90,Snow,heavy snow,1774
2012-12-29 08:00:00,265.19,0.0,0.0,90,Mist,mist,1774
2012-12-29 09:00:00,265.51,0.0,0.0,90,Snow,heavy snow,2565
2012-12-29 09:00:00,265.51,0.0,0.0,90,Mist,mist,2565
2012-12-29 10:00:00,265.87,0.0,0.0,90,Snow,heavy snow,3055
2012-12-29 10:00:00,265.87,0.0,0.0,90,Mist,mist,3055
2012-12-29 11:00:00,266.68,0.0,0.0,90,Snow,heavy snow,3583
2012-12-29 11:00:00,266.68,0.0,0.0,90,Mist,mist,3583
2012-12-29 12:00:00,267.81,0.0,0.0,75,Snow,heavy snow,3910
2012-12-29 13:00:00,268.27,0.0,0.0,90,Snow,heavy snow,4093
2012-12-29 14:00:00,268.58,0.0,0.0,90,Snow,heavy snow,4240
2012-12-29 14:00:00,268.58,0.0,0.0,90,Haze,haze,4240
2012-12-29 15:00:00,268.34,0.0,0.0,75,Snow,heavy snow,4325
2012-12-29 15:00:00,268.34,0.0,0.0,75,Haze,haze,4325
2012-12-29 16:00:00,267.87,0.0,0.0,75,Snow,heavy snow,4357
2012-12-29 16:00:00,267.87,0.0,0.0,75,Haze,haze,4357
2012-12-29 17:00:00,266.72,0.0,0.0,75,Snow,heavy snow,4522
2012-12-29 18:00:00,265.6,0.0,0.0,75,Snow,heavy snow,4732
2012-12-29 19:00:00,264.56,0.0,0.0,90,Mist,mist,2859
2012-12-29 19:00:00,264.56,0.0,0.0,90,Snow,heavy snow,2859
2012-12-29 20:00:00,263.63,0.0,0.0,40,Snow,heavy snow,2647
2012-12-29 20:00:00,263.63,0.0,0.0,40,Mist,mist,2647
2012-12-29 21:00:00,262.73,0.0,0.0,20,Mist,mist,2429
2012-12-29 21:00:00,262.73,0.0,0.0,20,Snow,heavy snow,2429
2012-12-29 22:00:00,263.07,0.0,0.0,40,Mist,mist,2657
2012-12-29 23:00:00,262.89,0.0,0.0,20,Mist,mist,2419
2012-12-30 00:00:00,263.44,0.0,0.0,75,Clouds,broken clouds,1195
2012-12-30 01:00:00,264.45,0.0,0.0,90,Clouds,overcast clouds,752
2012-12-30 02:00:00,264.76,0.0,0.0,90,Snow,heavy snow,586
2012-12-30 03:00:00,264.99,0.0,0.0,90,Snow,heavy snow,356
2012-12-30 04:00:00,264.7,0.0,0.0,90,Snow,heavy snow,270
2012-12-30 05:00:00,264.52,0.0,0.0,90,Snow,heavy snow,415
2012-12-30 06:00:00,264.32,0.0,0.0,90,Clouds,overcast clouds,651
2012-12-30 08:00:00,262.28,0.0,0.0,90,Snow,heavy snow,1337
2012-12-30 08:00:00,262.28,0.0,0.0,90,Mist,mist,1337
2012-12-30 09:00:00,261.01,0.0,0.0,17,Clouds,few clouds,1997
2012-12-30 10:00:00,262.18,0.0,0.0,90,Mist,mist,2930
2012-12-30 10:00:00,262.18,0.0,0.0,90,Snow,heavy snow,2930
2012-12-30 11:00:00,262.87,0.0,0.0,90,Snow,heavy snow,3508
2012-12-30 11:00:00,262.87,0.0,0.0,90,Mist,mist,3508
2012-12-30 12:00:00,263.38,0.0,0.0,40,Haze,haze,3951
2012-12-30 12:00:00,263.38,0.0,0.0,40,Snow,heavy snow,3951
2012-12-30 13:00:00,264.0,0.0,0.0,40,Haze,haze,4644
2012-12-30 13:00:00,264.0,0.0,0.0,40,Snow,heavy snow,4644
2012-12-30 14:00:00,264.19,0.0,0.0,40,Snow,heavy snow,4524
2012-12-30 15:00:00,263.87,0.0,0.0,40,Snow,heavy snow,3717
2012-12-30 16:00:00,263.11,0.0,0.0,90,Snow,heavy snow,3206
2012-12-30 17:00:00,262.31,0.0,0.0,90,Clouds,overcast clouds,2933
2012-12-30 18:00:00,260.83,0.0,0.0,40,Clouds,scattered clouds,2615
2012-12-30 19:00:00,259.91,0.0,0.0,1,Clear,sky is clear,3059
2012-12-30 20:00:00,259.01,0.0,0.0,1,Clear,sky is clear,2277
2012-12-30 21:00:00,258.18,0.0,0.0,1,Mist,mist,1880
2012-12-30 22:00:00,257.63,0.0,0.0,1,Haze,haze,1717
2012-12-30 23:00:00,256.69,0.0,0.0,1,Clear,sky is clear,1126
2012-12-31 01:00:00,258.7,0.0,0.0,20,Clouds,few clouds,374
2012-12-31 02:00:00,258.7,0.0,0.0,20,Clouds,few clouds,341
2012-12-31 03:00:00,255.57,0.0,0.0,1,Mist,mist,295
2012-12-31 04:00:00,255.72,0.0,0.0,75,Mist,mist,483
2012-12-31 05:00:00,256.1,0.0,0.0,75,Mist,mist,1421
2012-12-31 06:00:00,256.05,0.0,0.0,20,Mist,mist,3092
2012-12-31 06:00:00,256.05,0.0,0.0,20,Haze,haze,3092
2012-12-31 07:00:00,255.79,0.0,0.0,20,Mist,mist,3733
2012-12-31 08:00:00,255.91,0.0,0.0,20,Mist,mist,3382
2012-12-31 08:00:00,255.91,0.0,0.0,20,Haze,haze,3382
2012-12-31 09:00:00,257.54,0.0,0.0,20,Mist,mist,3453
2012-12-31 10:00:00,259.77,0.0,0.0,20,Mist,mist,3540
2012-12-31 11:00:00,262.14,0.0,0.0,40,Clouds,scattered clouds,4234
2012-12-31 12:00:00,263.98,0.0,0.0,75,Haze,haze,4737
2012-12-31 13:00:00,265.56,0.0,0.0,75,Clouds,broken clouds,4599
2012-12-31 14:00:00,266.65,0.0,0.0,75,Clouds,broken clouds,4836
2012-12-31 15:00:00,267.01,0.0,0.0,90,Clouds,overcast clouds,4976
2012-12-31 16:00:00,267.21,0.0,0.0,1,Clear,sky is clear,4965
2012-12-31 17:00:00,266.07,0.0,0.0,1,Clear,sky is clear,4419
2012-12-31 18:00:00,265.18,0.0,0.0,75,Clouds,broken clouds,3707
2012-12-31 19:00:00,265.69,0.0,0.0,75,Clouds,broken clouds,3294
2012-12-31 20:00:00,266.18,0.0,0.0,40,Clouds,scattered clouds,2888
2012-12-31 21:00:00,265.2,0.0,0.0,40,Clouds,scattered clouds,2588
2012-12-31 22:00:00,264.58,0.0,0.0,40,Mist,mist,2293
2012-12-31 23:00:00,264.72,0.0,0.0,20,Clouds,few clouds,1596
2013-01-01 00:00:00,263.49,0.0,0.0,58,Clouds,broken clouds,1439
2013-01-01 01:00:00,263.78,0.0,0.0,40,Clouds,scattered clouds,1502
2013-01-01 02:00:00,264.16,0.0,0.0,75,Snow,heavy snow,933
2013-01-01 03:00:00,263.95,0.0,0.0,90,Clouds,overcast clouds,576
2013-01-01 04:00:00,263.65,0.0,0.0,90,Clouds,overcast clouds,372
2013-01-01 05:00:00,262.4,0.0,0.0,40,Snow,heavy snow,419
2013-01-01 06:00:00,261.42,0.0,0.0,20,Clouds,few clouds,640
2013-01-01 07:00:00,260.66,0.0,0.0,1,Clear,sky is clear,745
2013-01-01 08:00:00,260.29,0.0,0.0,20,Clouds,few clouds,939
2013-01-01 09:00:00,260.19,0.0,0.0,20,Clouds,few clouds,1243
2013-01-01 10:00:00,260.19,0.0,0.0,1,Clear,sky is clear,1747
2013-01-01 11:00:00,260.49,0.0,0.0,20,Clouds,few clouds,2291
2013-01-01 12:00:00,261.1,0.0,0.0,20,Clouds,few clouds,2588
2013-01-01 13:00:00,261.55,0.0,0.0,20,Clouds,few clouds,2927
2013-01-01 14:00:00,261.65,0.0,0.0,20,Clouds,few clouds,3012
2013-01-01 15:00:00,261.54,0.0,0.0,1,Clear,sky is clear,3121
2013-01-01 16:00:00,260.53,0.0,0.0,20,Clouds,few clouds,2864
2013-01-01 17:00:00,259.17,0.0,0.0,20,Clouds,few clouds,2606
2013-01-01 18:00:00,258.5,0.0,0.0,1,Clear,sky is clear,2298
2013-01-01 19:00:00,257.39,0.0,0.0,1,Clear,sky is clear,2154
2013-01-01 20:00:00,256.66,0.0,0.0,1,Clear,sky is clear,1732
2013-01-01 21:00:00,255.99,0.0,0.0,1,Clear,sky is clear,1589
2013-01-01 22:00:00,255.13,0.0,0.0,1,Clear,sky is clear,1235
2013-01-01 23:00:00,254.48,0.0,0.0,1,Clear,sky is clear,845
2013-01-02 00:00:00,254.39,0.0,0.0,1,Clear,sky is clear,437
2013-01-02 01:00:00,253.89,0.0,0.0,1,Clear,sky is clear,295
2013-01-02 02:00:00,252.98,0.0,0.0,1,Mist,mist,243
2013-01-02 03:00:00,252.58,0.0,0.0,1,Clear,sky is clear,293
2013-01-02 04:00:00,252.14,0.0,0.0,1,Clear,sky is clear,717
2013-01-02 05:00:00,250.7,0.0,0.0,1,Clear,sky is clear,2353
2013-01-02 06:00:00,250.32,0.0,0.0,1,Clear,sky is clear,5366
2013-01-02 07:00:00,251.1,0.0,0.0,1,Clear,sky is clear,5829
2013-01-02 08:00:00,251.87,0.0,0.0,20,Clouds,few clouds,5110
2013-01-02 09:00:00,252.84,0.0,0.0,40,Haze,haze,4417
2013-01-02 10:00:00,255.38,0.0,0.0,20,Haze,haze,3892
2013-01-02 11:00:00,257.41,0.0,0.0,75,Snow,heavy snow,4100
2013-01-02 12:00:00,259.46,0.0,0.0,90,Clouds,overcast clouds,4383
2013-01-02 13:00:00,260.62,0.0,0.0,90,Clouds,overcast clouds,4370
2013-01-02 14:00:00,261.13,0.0,0.0,90,Snow,heavy snow,4661
2013-01-02 15:00:00,261.61,0.0,0.0,90,Snow,heavy snow,4836
2013-01-02 15:00:00,261.61,0.0,0.0,90,Mist,mist,4836
2013-01-02 16:00:00,262.18,0.0,0.0,90,Snow,heavy snow,5597
2013-01-02 16:00:00,262.18,0.0,0.0,90,Haze,haze,5597
2013-01-02 17:00:00,262.54,0.0,0.0,90,Snow,heavy snow,5191
2013-01-02 17:00:00,262.54,0.0,0.0,90,Haze,haze,5191
2013-01-02 18:00:00,263.31,0.0,0.0,90,Snow,heavy snow,3756
2013-01-02 19:00:00,264.13,0.0,0.0,90,Clouds,overcast clouds,2687
2013-01-02 20:00:00,264.62,0.0,0.0,90,Clouds,overcast clouds,2240
2013-01-02 21:00:00,265.29,0.0,0.0,90,Clouds,overcast clouds,1828
2013-01-02 22:00:00,265.81,0.0,0.0,90,Clouds,overcast clouds,1424
2013-01-02 23:00:00,266.1,0.0,0.0,90,Clouds,overcast clouds,952
2013-01-03 01:00:00,258.79,0.0,0.0,63,Clouds,broken clouds,349
2013-01-03 02:00:00,258.79,0.0,0.0,63,Clouds,broken clouds,276
2013-01-03 04:00:00,258.79,0.0,0.0,63,Clouds,broken clouds,729
2013-01-03 05:00:00,258.79,0.0,0.0,63,Clouds,broken clouds,2383
2013-01-03 06:00:00,258.79,0.0,0.0,63,Clouds,broken clouds,5390
2013-01-03 07:00:00,262.53,0.0,0.0,99,Clouds,overcast clouds,6431
2013-01-03 09:00:00,263.93,0.0,0.0,90,Snow,heavy snow,4768
2013-01-03 09:00:00,263.93,0.0,0.0,90,Mist,mist,4768
2013-01-03 09:00:00,263.93,0.0,0.0,90,Fog,fog,4768
2013-01-03 10:00:00,263.95,0.0,0.0,90,Snow,heavy snow,4002
2013-01-03 10:00:00,263.95,0.0,0.0,90,Mist,mist,4002
2013-01-03 11:00:00,264.2,0.0,0.0,90,Snow,heavy snow,4280
2013-01-03 11:00:00,264.2,0.0,0.0,90,Mist,mist,4280
2013-01-03 12:00:00,264.81,0.0,0.0,90,Snow,heavy snow,4540
2013-01-03 12:00:00,264.81,0.0,0.0,90,Mist,mist,4540
2013-01-03 13:00:00,264.97,0.0,0.0,90,Snow,heavy snow,4729
2013-01-03 13:00:00,264.97,0.0,0.0,90,Mist,mist,4729
2013-01-03 13:00:00,264.97,0.0,0.0,90,Haze,haze,4729
2013-01-03 14:00:00,265.22,0.0,0.0,90,Snow,heavy snow,4944
2013-01-03 14:00:00,265.22,0.0,0.0,90,Mist,mist,4944
2013-01-03 14:00:00,265.22,0.0,0.0,90,Haze,haze,4944
2013-01-03 15:00:00,265.33,0.0,0.0,90,Snow,heavy snow,5297
2013-01-03 15:00:00,265.33,0.0,0.0,90,Mist,mist,5297
2013-01-03 16:00:00,265.16,0.0,0.0,90,Snow,heavy snow,6142
2013-01-03 16:00:00,265.16,0.0,0.0,90,Mist,mist,6142
2013-01-03 17:00:00,265.16,0.0,0.0,90,Mist,mist,5782
2013-01-03 18:00:00,265.37,0.0,0.0,90,Mist,mist,4129
2013-01-03 18:00:00,265.37,0.0,0.0,90,Haze,haze,4129
2013-01-03 19:00:00,265.47,0.0,0.0,90,Mist,mist,2925
2013-01-03 19:00:00,265.47,0.0,0.0,90,Snow,heavy snow,2925
2013-01-03 20:00:00,265.72,0.0,0.0,90,Mist,mist,2453
2013-01-03 20:00:00,265.72,0.0,0.0,90,Snow,heavy snow,2453
2013-01-03 20:00:00,265.72,0.0,0.0,90,Haze,haze,2453
2013-01-03 21:00:00,266.09,0.0,0.0,90,Mist,mist,2046
2013-01-03 21:00:00,266.09,0.0,0.0,90,Haze,haze,2046
2013-01-03 21:00:00,266.09,0.0,0.0,90,Snow,heavy snow,2046
2013-01-03 22:00:00,266.41,0.0,0.0,90,Mist,mist,1550
2013-01-03 22:00:00,266.41,0.0,0.0,90,Snow,heavy snow,1550
2013-01-03 22:00:00,266.41,0.0,0.0,90,Haze,haze,1550
2013-01-03 23:00:00,266.78,0.0,0.0,90,Mist,mist,1079
2013-01-03 23:00:00,266.78,0.0,0.0,90,Haze,haze,1079
2013-01-03 23:00:00,266.78,0.0,0.0,90,Snow,heavy snow,1079
2013-01-04 00:00:00,266.34,0.0,0.0,90,Mist,mist,604
2013-01-04 00:00:00,266.34,0.0,0.0,90,Snow,heavy snow,604
2013-01-04 01:00:00,265.93,0.0,0.0,90,Snow,heavy snow,353
2013-01-04 02:00:00,265.52,0.0,0.0,90,Snow,heavy snow,301
2013-01-04 02:00:00,265.52,0.0,0.0,90,Mist,mist,301
2013-01-04 03:00:00,264.85,0.0,0.0,90,Snow,heavy snow,326
2013-01-04 03:00:00,264.85,0.0,0.0,90,Mist,mist,326
2013-01-04 04:00:00,264.49,0.0,0.0,90,Haze,haze,675
2013-01-04 05:00:00,263.6,0.0,0.0,90,Haze,haze,2195
2013-01-04 06:00:00,263.02,0.0,0.0,90,Haze,haze,5263
2013-01-04 06:00:00,263.02,0.0,0.0,90,Snow,heavy snow,5263
2013-01-04 07:00:00,262.46,0.0,0.0,90,Snow,heavy snow,6380
2013-01-04 08:00:00,261.8,0.0,0.0,90,Snow,heavy snow,5761
2013-01-04 09:00:00,261.9,0.0,0.0,90,Snow,heavy snow,4844
2013-01-04 09:00:00,261.9,0.0,0.0,90,Mist,mist,4844
2013-01-04 10:00:00,261.6,0.0,0.0,90,Snow,heavy snow,4327
2013-01-04 10:00:00,261.6,0.0,0.0,90,Mist,mist,4327
2013-01-04 11:00:00,261.71,0.0,0.0,90,Snow,heavy snow,4787
2013-01-04 11:00:00,261.71,0.0,0.0,90,Mist,mist,4787
2013-01-04 12:00:00,262.11,0.0,0.0,40,Snow,heavy snow,4880
2013-01-04 13:00:00,262.42,0.0,0.0,1,Clear,sky is clear,5026
2013-01-04 14:00:00,262.6,0.0,0.0,1,Clear,sky is clear,5315
2013-01-04 15:00:00,262.94,0.0,0.0,1,Clear,sky is clear,5636
2013-01-04 16:00:00,262.68,0.0,0.0,1,Clear,sky is clear,6256
2013-01-04 17:00:00,261.88,0.0,0.0,1,Clear,sky is clear,5900
2013-01-04 18:00:00,261.23,0.0,0.0,1,Clear,sky is clear,4353
2013-01-04 19:00:00,260.92,0.0,0.0,1,Clear,sky is clear,3135
2013-01-04 20:00:00,261.49,0.0,0.0,1,Clear,sky is clear,2674
2013-01-04 21:00:00,262.26,0.0,0.0,1,Clear,sky is clear,2463
2013-01-04 22:00:00,262.82,0.0,0.0,1,Clear,sky is clear,2064
2013-01-04 23:00:00,263.44,0.0,0.0,1,Clear,sky is clear,1517
2013-01-05 04:00:00,265.69,0.0,0.0,1,Clear,sky is clear,375
2013-01-05 05:00:00,265.69,0.0,0.0,1,Clear,sky is clear,652
2013-01-05 07:00:00,265.37,0.0,0.0,1,Clear,sky is clear,1597
2013-01-05 08:00:00,265.43,0.0,0.0,1,Clear,sky is clear,2339
2013-01-05 09:00:00,266.29,0.0,0.0,1,Clear,sky is clear,3177
2013-01-05 10:00:00,267.41,0.0,0.0,1,Clear,sky is clear,3482
2013-01-05 11:00:00,269.0,0.0,0.0,1,Clear,sky is clear,3813
2013-01-05 12:00:00,270.17,0.0,0.0,1,Clear,sky is clear,4406
2013-01-05 13:00:00,270.98,0.0,0.0,1,Clear,sky is clear,4191
2013-01-05 14:00:00,271.33,0.0,0.0,1,Clear,sky is clear,4296
2013-01-05 15:00:00,271.56,0.0,0.0,1,Clear,sky is clear,4387
2013-01-05 16:00:00,270.7,0.0,0.0,20,Clouds,few clouds,4273
2013-01-05 17:00:00,269.17,0.0,0.0,20,Clouds,few clouds,4230
2013-01-05 18:00:00,267.38,0.0,0.0,20,Clouds,few clouds,3781
2013-01-05 19:00:00,265.82,0.0,0.0,20,Clouds,few clouds,2342
2013-01-05 20:00:00,264.49,0.0,0.0,1,Clear,sky is clear,1933
2013-01-05 21:00:00,264.15,0.0,0.0,1,Clear,sky is clear,1873
2013-01-05 22:00:00,263.87,0.0,0.0,20,Clouds,few clouds,2502
2013-01-05 23:00:00,262.42,0.0,0.0,1,Clear,sky is clear,1602
2013-01-06 00:00:00,262.36,0.0,0.0,1,Clear,sky is clear,951
2013-01-06 01:00:00,261.78,0.0,0.0,1,Clear,sky is clear,608
2013-01-06 02:00:00,261.8,0.0,0.0,1,Mist,mist,507
2013-01-06 03:00:00,262.03,0.0,0.0,1,Clear,sky is clear,318
2013-01-06 04:00:00,261.09,0.0,0.0,1,Mist,mist,256
2013-01-06 05:00:00,260.21,0.0,0.0,1,Mist,mist,406
2013-01-06 06:00:00,260.71,0.0,0.0,1,Mist,mist,709
2013-01-06 07:00:00,260.78,0.0,0.0,1,Mist,mist,927
2013-01-06 08:00:00,260.68,0.0,0.0,1,Mist,mist,1478
2013-01-06 09:00:00,261.36,0.0,0.0,20,Mist,mist,2304
2013-01-06 10:00:00,263.85,0.0,0.0,1,Mist,mist,2897
2013-01-06 10:00:00,263.85,0.0,0.0,1,Haze,haze,2897
2013-01-06 11:00:00,265.12,0.0,0.0,1,Haze,haze,3190
2013-01-06 11:00:00,265.12,0.0,0.0,1,Mist,mist,3190
2013-01-06 12:00:00,266.49,0.0,0.0,1,Haze,haze,3441
2013-01-06 13:00:00,267.71,0.0,0.0,20,Haze,haze,3840
2013-01-06 14:00:00,268.3,0.0,0.0,20,Haze,haze,4074
2013-01-06 15:00:00,268.5,0.0,0.0,40,Haze,haze,4037
2013-01-06 16:00:00,267.89,0.0,0.0,40,Haze,haze,3969
2013-01-06 17:00:00,267.16,0.0,0.0,1,Clear,sky is clear,3762
2013-01-06 18:00:00,265.97,0.0,0.0,75,Clouds,broken clouds,3062
2013-01-06 19:00:00,265.9,0.0,0.0,75,Clouds,broken clouds,2512
2013-01-06 20:00:00,265.09,0.0,0.0,75,Clouds,broken clouds,2087
2013-01-06 21:00:00,264.78,0.0,0.0,75,Mist,mist,1669
2013-01-06 21:00:00,264.78,0.0,0.0,75,Haze,haze,1669
2013-01-06 22:00:00,265.04,0.0,0.0,75,Mist,mist,1384
2013-01-06 22:00:00,265.04,0.0,0.0,75,Haze,haze,1384
2013-01-06 23:00:00,265.34,0.0,0.0,90,Haze,haze,853
2013-01-07 00:00:00,265.05,0.0,0.0,90,Haze,haze,442
2013-01-07 01:00:00,264.53,0.0,0.0,40,Haze,haze,312
2013-01-07 02:00:00,264.07,0.0,0.0,1,Clear,sky is clear,248
2013-01-07 03:00:00,263.91,0.0,0.0,40,Clouds,scattered clouds,278
2013-01-07 04:00:00,264.24,0.0,0.0,75,Clouds,broken clouds,754
2013-01-07 05:00:00,263.69,0.0,0.0,75,Clouds,broken clouds,2398
2013-01-07 06:00:00,262.3,0.0,0.0,20,Clouds,few clouds,5522
2013-01-07 07:00:00,261.6,0.0,0.0,20,Clouds,few clouds,6681
2013-01-07 08:00:00,260.79,0.0,0.0,1,Clear,sky is clear,5839
2013-01-07 09:00:00,261.94,0.0,0.0,1,Clear,sky is clear,4709
2013-01-07 10:00:00,263.58,0.0,0.0,1,Clear,sky is clear,4131
2013-01-07 11:00:00,264.96,0.0,0.0,1,Clear,sky is clear,4294
2013-01-07 12:00:00,265.93,0.0,0.0,20,Clouds,few clouds,4410
2013-01-07 13:00:00,266.71,0.0,0.0,20,Clouds,few clouds,4642
2013-01-07 14:00:00,267.16,0.0,0.0,20,Clouds,few clouds,5105
2013-01-07 15:00:00,267.15,0.0,0.0,20,Clouds,few clouds,5494
2013-01-07 16:00:00,266.48,0.0,0.0,40,Clouds,scattered clouds,6231
2013-01-07 17:00:00,265.22,0.0,0.0,40,Clouds,scattered clouds,5717
2013-01-07 18:00:00,264.06,0.0,0.0,20,Clouds,few clouds,4169
2013-01-07 19:00:00,263.44,0.0,0.0,20,Clouds,few clouds,2752
2013-01-07 20:00:00,263.13,0.0,0.0,20,Clouds,few clouds,2229
2013-01-07 21:00:00,263.08,0.0,0.0,20,Clouds,few clouds,1894
2013-01-07 22:00:00,263.88,0.0,0.0,75,Clouds,broken clouds,1440
2013-01-07 23:00:00,264.49,0.0,0.0,40,Clouds,scattered clouds,961
2013-01-08 00:00:00,265.41,0.0,0.0,75,Clouds,broken clouds,489
2013-01-08 01:00:00,267.04,0.0,0.0,90,Clouds,overcast clouds,333
2013-01-08 02:00:00,268.77,0.0,0.0,90,Clouds,overcast clouds,230
2013-01-08 03:00:00,269.8,0.0,0.0,75,Clouds,broken clouds,314
2013-01-08 04:00:00,270.68,0.0,0.0,75,Clouds,broken clouds,758
2013-01-08 05:00:00,270.84,0.0,0.0,40,Clouds,scattered clouds,2432
2013-01-08 06:00:00,270.74,0.0,0.0,40,Clouds,scattered clouds,5674
2013-01-08 07:00:00,270.32,0.0,0.0,75,Clouds,broken clouds,6771
2013-01-08 08:00:00,270.22,0.0,0.0,75,Clouds,broken clouds,6094
2013-01-08 09:00:00,270.27,0.0,0.0,75,Clouds,broken clouds,4964
2013-01-08 10:00:00,271.43,0.0,0.0,75,Clouds,broken clouds,4357
2013-01-08 11:00:00,272.0,0.0,0.0,75,Clouds,broken clouds,4432
2013-01-08 12:00:00,273.05,0.0,0.0,75,Clouds,broken clouds,4589
2013-01-08 13:00:00,274.18,0.0,0.0,40,Clouds,scattered clouds,4858
2013-01-08 16:00:00,274.38,0.0,0.0,40,Clouds,scattered clouds,6486
2013-01-08 17:00:00,273.44,0.0,0.0,40,Clouds,scattered clouds,6271
2013-01-08 18:00:00,272.23,0.0,0.0,40,Clouds,scattered clouds,4677
2013-01-08 19:00:00,271.79,0.0,0.0,40,Clouds,scattered clouds,2805
2013-01-08 20:00:00,270.98,0.0,0.0,20,Clouds,few clouds,2528
2013-01-08 21:00:00,270.4,0.0,0.0,40,Clouds,scattered clouds,2278
2013-01-08 22:00:00,269.75,0.0,0.0,75,Clouds,broken clouds,1733
2013-01-08 23:00:00,269.43,0.0,0.0,75,Mist,mist,945
2013-01-09 00:00:00,268.26,0.0,0.0,20,Mist,mist,531
2013-01-09 01:00:00,266.67,0.0,0.0,40,Mist,mist,357
2013-01-09 02:00:00,265.93,0.0,0.0,40,Mist,mist,271
2013-01-09 04:00:00,263.93,0.0,0.0,1,Mist,mist,773
2013-01-09 04:00:00,263.93,0.0,0.0,1,Fog,fog,773
2013-01-09 05:00:00,263.85,0.0,0.0,20,Mist,mist,2456
2013-01-09 07:00:00,264.88,0.0,0.0,75,Mist,mist,6852
2013-01-09 08:00:00,266.57,0.0,0.0,75,Mist,mist,6234
2013-01-09 09:00:00,268.3,0.0,0.0,75,Mist,mist,5061
2013-01-09 10:00:00,269.84,0.0,0.0,75,Mist,mist,4243
2013-01-09 11:00:00,271.42,0.0,0.0,75,Haze,haze,4677
2013-01-09 12:00:00,272.58,0.0,0.0,75,Clouds,broken clouds,4753
2013-01-09 13:00:00,273.13,0.0,0.0,75,Clouds,broken clouds,4780
2013-01-09 14:00:00,273.56,0.0,0.0,75,Clouds,broken clouds,5217
2013-01-09 15:00:00,273.86,0.0,0.0,90,Clouds,overcast clouds,5447
2013-01-09 16:00:00,273.67,0.0,0.0,90,Clouds,overcast clouds,6394
2013-01-09 17:00:00,273.51,0.0,0.0,90,Clouds,overcast clouds,6139
2013-01-09 18:00:00,273.49,0.0,0.0,90,Clouds,overcast clouds,4465
2013-01-09 19:00:00,273.12,0.0,0.0,90,Clouds,overcast clouds,2952
2013-01-09 20:00:00,271.48,0.0,0.0,98,Clouds,overcast clouds,2603
2013-01-10 03:00:00,272.65,0.0,0.0,20,Clouds,few clouds,314
2013-01-10 04:00:00,273.65,0.0,0.0,1,Clear,sky is clear,754
2013-01-10 12:00:00,272.95,0.0,0.0,1,Clear,sky is clear,4902
2013-01-10 17:00:00,272.08,0.0,0.0,20,Clouds,few clouds,5886
2013-01-10 18:00:00,270.58,0.0,0.0,20,Clouds,few clouds,4322
2013-01-10 19:00:00,268.38,0.0,0.0,20,Clouds,few clouds,2857
2013-01-10 20:00:00,269.07,0.0,0.0,1,Clear,sky is clear,2474
2013-01-10 21:00:00,269.44,0.0,0.0,1,Clear,sky is clear,2365
2013-01-10 23:00:00,269.45,0.0,0.0,1,Clear,sky is clear,1070
2013-01-11 00:00:00,270.06,0.0,0.0,1,Clear,sky is clear,557
2013-01-11 01:00:00,270.51,0.0,0.0,1,Clear,sky is clear,334
2013-01-11 02:00:00,270.64,0.0,0.0,1,Clear,sky is clear,308
2013-01-11 03:00:00,270.86,0.0,0.0,75,Clouds,broken clouds,322
2013-01-11 04:00:00,271.38,0.0,0.0,75,Clouds,broken clouds,723
2013-01-11 05:00:00,272.13,0.0,0.0,1,Clear,sky is clear,2367
2013-01-11 06:00:00,272.52,0.0,0.0,1,Clear,sky is clear,5163
2013-01-11 07:00:00,272.52,0.0,0.0,20,Clouds,few clouds,6029
2013-01-11 08:00:00,272.79,0.0,0.0,20,Clouds,few clouds,5751
2013-01-11 09:00:00,273.38,0.0,0.0,20,Clouds,few clouds,4847
2013-01-11 10:00:00,274.88,0.0,0.0,40,Clouds,scattered clouds,4367
2013-01-11 11:00:00,275.86,0.0,0.0,75,Clouds,broken clouds,4786
2013-01-11 13:00:00,276.89,0.0,0.0,75,Clouds,broken clouds,4885
2013-01-11 14:00:00,276.89,0.0,0.0,90,Clouds,overcast clouds,5387
2013-01-11 17:00:00,276.29,0.0,0.0,90,Rain,light rain,5668
2013-01-11 17:00:00,276.29,0.0,0.0,90,Rain,moderate rain,5668
2013-01-11 17:00:00,276.29,0.0,0.0,90,Drizzle,drizzle,5668
2013-01-11 17:00:00,276.29,0.0,0.0,90,Drizzle,light intensity drizzle,5668
2013-01-11 18:00:00,274.92,0.0,0.0,90,Rain,light rain,4476
2013-01-11 18:00:00,274.92,0.0,0.0,90,Rain,moderate rain,4476
2013-01-11 19:00:00,274.05,0.0,0.0,90,Rain,light rain,3433
2013-01-11 19:00:00,274.05,0.0,0.0,90,Mist,mist,3433
2013-01-11 19:00:00,274.05,0.0,0.0,90,Rain,moderate rain,3433
2013-01-11 20:00:00,273.93,0.0,0.0,90,Rain,light rain,2711
2013-01-11 20:00:00,273.93,0.0,0.0,90,Mist,mist,2711
2013-01-11 21:00:00,273.93,0.0,0.0,90,Rain,light rain,2511
2013-01-11 21:00:00,273.93,0.0,0.0,90,Mist,mist,2511
2013-01-11 21:00:00,273.93,0.0,0.0,90,Drizzle,drizzle,2511
2013-01-11 22:00:00,274.05,0.0,0.0,90,Mist,mist,2143
2013-01-11 22:00:00,274.05,0.0,0.0,90,Rain,light rain,2143
2013-01-11 23:00:00,274.18,0.0,0.0,90,Drizzle,light intensity drizzle,1629
2013-01-11 23:00:00,274.18,0.0,0.0,90,Mist,mist,1629
2013-01-11 23:00:00,274.18,0.0,0.0,90,Rain,light rain,1629
2013-01-12 00:00:00,274.67,0.0,0.0,90,Drizzle,light intensity drizzle,1043
2013-01-12 00:00:00,274.67,0.0,0.0,90,Mist,mist,1043
2013-01-12 00:00:00,274.67,0.0,0.0,90,Rain,light rain,1043
2013-01-12 01:00:00,274.67,0.0,0.0,90,Mist,mist,682
2013-01-12 01:00:00,274.67,0.0,0.0,90,Rain,light rain,682
2013-01-12 02:00:00,274.67,0.0,0.0,90,Mist,mist,518
2013-01-12 03:00:00,274.67,0.0,0.0,90,Mist,mist,353
2013-01-12 04:00:00,274.67,0.0,0.0,90,Mist,mist,382
2013-01-12 05:00:00,274.8,0.0,0.0,90,Mist,mist,644
2013-01-12 05:00:00,274.8,0.0,0.0,90,Fog,fog,644
2013-01-12 06:00:00,274.8,0.0,0.0,90,Drizzle,light intensity drizzle,1142
2013-01-12 06:00:00,274.8,0.0,0.0,90,Mist,mist,1142
2013-01-12 06:00:00,274.8,0.0,0.0,90,Fog,fog,1142
2013-01-12 07:00:00,274.67,0.0,0.0,90,Drizzle,light intensity drizzle,1696
2013-01-12 07:00:00,274.67,0.0,0.0,90,Mist,mist,1696
2013-01-12 08:00:00,274.8,0.0,0.0,90,Mist,mist,2624
2013-01-12 09:00:00,275.05,0.0,0.0,90,Mist,mist,3377
2013-01-12 10:00:00,275.29,0.0,0.0,90,Mist,mist,3600
2013-01-12 11:00:00,275.54,0.0,0.0,90,Drizzle,light intensity drizzle,4017
2013-01-12 11:00:00,275.54,0.0,0.0,90,Mist,mist,4017
2013-01-12 11:00:00,275.54,0.0,0.0,90,Fog,fog,4017
2013-01-12 12:00:00,275.66,0.0,0.0,90,Drizzle,light intensity drizzle,4538
2013-01-12 12:00:00,275.66,0.0,0.0,90,Mist,mist,4538
2013-01-12 12:00:00,275.66,0.0,0.0,90,Fog,fog,4538
2013-01-12 13:00:00,275.79,0.0,0.0,90,Drizzle,light intensity drizzle,4556
2013-01-12 13:00:00,275.79,0.0,0.0,90,Mist,mist,4556
2013-01-12 14:00:00,275.92,0.0,0.0,90,Drizzle,light intensity drizzle,4547
2013-01-12 14:00:00,275.92,0.0,0.0,90,Mist,mist,4547
2013-01-12 15:00:00,275.66,0.0,0.0,90,Drizzle,light intensity drizzle,4557
2013-01-12 15:00:00,275.66,0.0,0.0,90,Mist,mist,4557
2013-01-12 15:00:00,275.66,0.0,0.0,90,Fog,fog,4557
2013-01-12 16:00:00,275.67,0.0,0.0,90,Drizzle,light intensity drizzle,4338
2013-01-12 16:00:00,275.67,0.0,0.0,90,Mist,mist,4338
2013-01-12 17:00:00,275.93,0.0,0.0,90,Mist,mist,4170
2013-01-12 17:00:00,275.93,0.0,0.0,90,Drizzle,light intensity drizzle,4170
2013-01-12 17:00:00,275.93,0.0,0.0,90,Drizzle,drizzle,4170
2013-01-12 18:00:00,276.05,0.0,0.0,90,Mist,mist,3789
2013-01-12 18:00:00,276.05,0.0,0.0,90,Drizzle,light intensity drizzle,3789
2013-01-12 18:00:00,276.05,0.0,0.0,90,Rain,light rain,3789
2013-01-12 19:00:00,276.31,0.0,0.0,90,Mist,mist,2627
2013-01-12 19:00:00,276.31,0.0,0.0,90,Drizzle,light intensity drizzle,2627
2013-01-12 20:00:00,276.68,0.0,0.0,90,Mist,mist,2352
2013-01-12 20:00:00,276.68,0.0,0.0,90,Drizzle,light intensity drizzle,2352
2013-01-12 20:00:00,276.68,0.0,0.0,90,Drizzle,drizzle,2352
2013-01-12 21:00:00,276.93,0.0,0.0,90,Mist,mist,2304
2013-01-12 21:00:00,276.93,0.0,0.0,90,Fog,fog,2304
2013-01-12 21:00:00,276.93,0.0,0.0,90,Drizzle,light intensity drizzle,2304
2013-01-12 22:00:00,277.31,0.0,0.0,90,Rain,light rain,2101
2013-01-12 22:00:00,277.31,0.0,0.0,90,Mist,mist,2101
2013-01-12 22:00:00,277.31,0.0,0.0,90,Drizzle,light intensity drizzle,2101
2013-01-12 23:00:00,277.21,0.0,0.0,90,Mist,mist,1807
2013-01-13 00:00:00,276.2,0.0,0.0,90,Clouds,overcast clouds,1049
2013-01-13 01:00:00,274.35,0.0,0.0,90,Snow,heavy snow,681
2013-01-13 01:00:00,274.35,0.0,0.0,90,Mist,mist,681
2013-01-13 03:00:00,268.44,0.0,0.0,90,Snow,heavy snow,306
2013-01-13 04:00:00,267.57,0.0,0.0,90,Snow,heavy snow,199
2013-01-13 05:00:00,266.2,0.0,0.0,90,Snow,heavy snow,422
2013-01-13 06:00:00,265.06,0.0,0.0,90,Snow,heavy snow,686
2013-01-13 07:00:00,264.83,0.0,0.0,90,Snow,heavy snow,951
2013-01-13 08:00:00,263.83,0.0,0.0,90,Snow,heavy snow,1444
2013-01-13 10:00:00,263.07,0.0,0.0,75,Haze,haze,2983
2013-01-13 10:00:00,263.07,0.0,0.0,75,Snow,heavy snow,2983
2013-01-13 11:00:00,263.07,0.0,0.0,40,Clouds,scattered clouds,3498
2013-01-13 13:00:00,262.93,0.0,0.0,75,Clouds,broken clouds,3907
2013-01-13 14:00:00,262.31,0.0,0.0,90,Snow,heavy snow,3644
2013-01-13 16:00:00,261.32,0.0,0.0,75,Clouds,broken clouds,3687
2013-01-13 17:00:00,260.58,0.0,0.0,90,Clouds,overcast clouds,3400
2013-01-13 19:00:00,259.94,0.0,0.0,40,Clouds,scattered clouds,2363
2013-01-13 20:00:00,259.08,0.0,0.0,75,Clouds,broken clouds,1943
2013-01-13 21:00:00,258.71,0.0,0.0,75,Haze,haze,1718
2013-01-13 22:00:00,258.45,0.0,0.0,20,Clouds,few clouds,1274
2013-01-13 23:00:00,257.83,0.0,0.0,20,Clouds,few clouds,785
2013-01-14 00:00:00,257.7,0.0,0.0,20,Clouds,few clouds,429
2013-01-14 01:00:00,257.19,0.0,0.0,20,Clouds,few clouds,265
2013-01-14 02:00:00,256.95,0.0,0.0,1,Clear,sky is clear,222
2013-01-14 03:00:00,256.83,0.0,0.0,1,Clear,sky is clear,281
2013-01-14 04:00:00,256.7,0.0,0.0,20,Clouds,few clouds,735
2013-01-14 05:00:00,256.58,0.0,0.0,90,Clouds,overcast clouds,2368
2013-01-14 06:00:00,256.34,0.0,0.0,90,Clouds,overcast clouds,5427
2013-01-14 07:00:00,256.34,0.0,0.0,90,Clouds,overcast clouds,6579
2013-01-14 08:00:00,256.2,0.0,0.0,75,Clouds,broken clouds,5908
2013-01-14 09:00:00,256.42,0.0,0.0,75,Snow,heavy snow,4673
2013-01-14 10:00:00,256.82,0.0,0.0,90,Snow,heavy snow,3943
2013-01-14 10:00:00,256.82,0.0,0.0,90,Haze,haze,3943
2013-01-14 11:00:00,257.68,0.0,0.0,90,Snow,heavy snow,4217
2013-01-14 11:00:00,257.68,0.0,0.0,90,Haze,haze,4217
2013-01-14 12:00:00,258.59,0.0,0.0,75,Haze,haze,4509
2013-01-14 12:00:00,258.59,0.0,0.0,75,Snow,heavy snow,4509
2013-01-14 13:00:00,259.07,0.0,0.0,90,Snow,heavy snow,4532
2013-01-14 13:00:00,259.07,0.0,0.0,90,Haze,haze,4532
2013-01-14 14:00:00,259.56,0.0,0.0,90,Snow,heavy snow,5170
2013-01-14 15:00:00,259.6,0.0,0.0,90,Snow,heavy snow,5554
2013-01-14 15:00:00,259.6,0.0,0.0,90,Haze,haze,5554
2013-01-14 16:00:00,259.45,0.0,0.0,90,Snow,heavy snow,6414
2013-01-14 16:00:00,259.45,0.0,0.0,90,Haze,haze,6414
2013-01-14 17:00:00,259.1,0.0,0.0,90,Clouds,overcast clouds,5964
2013-01-14 18:00:00,258.83,0.0,0.0,90,Clouds,overcast clouds,4203
2013-01-14 19:00:00,258.51,0.0,0.0,75,Clouds,broken clouds,2859
2013-01-14 20:00:00,258.42,0.0,0.0,40,Clouds,scattered clouds,2298
2013-01-14 21:00:00,258.22,0.0,0.0,20,Clouds,few clouds,2065
2013-01-14 22:00:00,257.97,0.0,0.0,1,Clear,sky is clear,1347
2013-01-14 23:00:00,257.97,0.0,0.0,1,Clear,sky is clear,909
2013-01-15 00:00:00,257.93,0.0,0.0,1,Clear,sky is clear,487
2013-01-15 01:00:00,257.93,0.0,0.0,1,Clear,sky is clear,325
2013-01-15 02:00:00,257.72,0.0,0.0,1,Clear,sky is clear,246
2013-01-15 03:00:00,257.67,0.0,0.0,1,Clear,sky is clear,289
2013-01-15 04:00:00,257.57,0.0,0.0,1,Clear,sky is clear,731
2013-01-15 05:00:00,257.77,0.0,0.0,1,Clear,sky is clear,2432
2013-01-15 06:00:00,257.79,0.0,0.0,20,Clouds,few clouds,5434
2013-01-15 07:00:00,257.75,0.0,0.0,90,Clouds,overcast clouds,5916
2013-01-15 08:00:00,257.66,0.0,0.0,75,Clouds,broken clouds,6179
2013-01-15 10:00:00,258.65,0.0,0.0,20,Clouds,few clouds,4189
2013-01-15 11:00:00,259.57,0.0,0.0,40,Clouds,scattered clouds,4497
2013-01-15 13:00:00,261.3,0.0,0.0,40,Clouds,scattered clouds,4884
2013-01-15 14:00:00,261.68,0.0,0.0,20,Clouds,few clouds,5136
2013-01-15 15:00:00,261.78,0.0,0.0,20,Clouds,few clouds,5627
2013-01-15 16:00:00,261.39,0.0,0.0,1,Clear,sky is clear,6493
2013-01-15 17:00:00,260.82,0.0,0.0,20,Clouds,few clouds,5739
2013-01-15 18:00:00,260.76,0.0,0.0,20,Clouds,few clouds,4491
2013-01-15 19:00:00,260.66,0.0,0.0,75,Clouds,broken clouds,3043
2013-01-15 20:00:00,260.71,0.0,0.0,75,Clouds,broken clouds,2828
2013-01-15 21:00:00,260.66,0.0,0.0,75,Clouds,broken clouds,2331
2013-01-15 22:00:00,260.66,0.0,0.0,20,Clouds,few clouds,1433
2013-01-15 23:00:00,260.5,0.0,0.0,1,Clear,sky is clear,989
2013-01-16 00:00:00,261.2,0.0,0.0,1,Clear,sky is clear,498
2013-01-16 01:00:00,261.36,0.0,0.0,1,Clear,sky is clear,330
2013-01-16 02:00:00,262.03,0.0,0.0,1,Mist,mist,249
2013-01-16 04:00:00,261.26,0.0,0.0,1,Clear,sky is clear,792
2013-01-16 05:00:00,260.99,0.0,0.0,1,Mist,mist,2408
2013-01-16 06:00:00,260.5,0.0,0.0,1,Clear,sky is clear,4987
2013-01-16 07:00:00,260.08,0.0,0.0,1,Clear,sky is clear,5709
2013-01-16 08:00:00,260.94,0.0,0.0,20,Clouds,few clouds,5751
2013-01-16 09:00:00,262.93,0.0,0.0,20,Clouds,few clouds,5303
2013-01-16 10:00:00,264.57,0.0,0.0,1,Clear,sky is clear,4333
2013-01-16 11:00:00,266.42,0.0,0.0,1,Clear,sky is clear,4623
2013-01-16 12:00:00,268.51,0.0,0.0,1,Clear,sky is clear,4849
2013-01-16 13:00:00,269.74,0.0,0.0,1,Clear,sky is clear,4984
2013-01-16 14:00:00,270.59,0.0,0.0,1,Clear,sky is clear,5354
2013-01-16 15:00:00,271.15,0.0,0.0,20,Clouds,few clouds,5700
2013-01-16 16:00:00,271.2,0.0,0.0,20,Clouds,few clouds,6465
2013-01-16 17:00:00,270.29,0.0,0.0,1,Clear,sky is clear,6019
2013-01-16 18:00:00,269.28,0.0,0.0,1,Clear,sky is clear,4425
2013-01-16 19:00:00,268.85,0.0,0.0,1,Clear,sky is clear,3188
2013-01-16 20:00:00,268.95,0.0,0.0,1,Clear,sky is clear,2807
2013-01-16 21:00:00,268.8,0.0,0.0,1,Clear,sky is clear,3090
2013-01-16 22:00:00,268.71,0.0,0.0,0,Clear,sky is clear,2171
2013-01-17 00:00:00,268.71,0.0,0.0,0,Clear,sky is clear,542
2013-01-17 01:00:00,266.25,0.0,0.0,59,Clouds,broken clouds,339
2013-01-17 02:00:00,266.25,0.0,0.0,59,Clouds,broken clouds,279
2013-01-17 03:00:00,266.25,0.0,0.0,59,Clouds,broken clouds,299
2013-01-17 04:00:00,266.25,0.0,0.0,59,Clouds,broken clouds,761
2013-01-17 05:00:00,266.25,0.0,0.0,59,Clouds,broken clouds,2502
2013-01-17 06:00:00,266.25,0.0,0.0,59,Clouds,broken clouds,5611
2013-01-17 07:00:00,271.5,0.0,0.0,90,Mist,mist,6857
2013-01-17 07:00:00,271.5,0.0,0.0,90,Snow,heavy snow,6857
2013-01-17 08:00:00,272.11,0.0,0.0,90,Clouds,overcast clouds,5912
2013-01-17 09:00:00,273.0,0.0,0.0,90,Clouds,overcast clouds,4952
2013-01-17 10:00:00,274.1,0.0,0.0,90,Clouds,overcast clouds,4205
2013-01-17 11:00:00,274.78,0.0,0.0,90,Clouds,overcast clouds,4662
2013-01-17 12:00:00,274.07,0.0,0.0,90,Snow,heavy snow,4929
2013-01-17 13:00:00,272.73,0.0,0.0,90,Snow,heavy snow,4897
2013-01-17 14:00:00,271.74,0.0,0.0,90,Snow,heavy snow,5268
2013-01-17 14:00:00,271.74,0.0,0.0,90,Mist,mist,5268
2013-01-17 15:00:00,270.98,0.0,0.0,90,Snow,heavy snow,5873
2013-01-17 16:00:00,270.58,0.0,0.0,90,Clouds,overcast clouds,6490
2013-01-17 17:00:00,269.63,0.0,0.0,20,Clouds,few clouds,6488
2013-01-17 18:00:00,267.73,0.0,0.0,1,Clear,sky is clear,4582
2013-01-17 19:00:00,266.83,0.0,0.0,1,Clear,sky is clear,3243
2013-01-17 20:00:00,265.75,0.0,0.0,1,Clear,sky is clear,2761
2013-01-17 21:00:00,264.32,0.0,0.0,1,Clear,sky is clear,2646
2013-01-17 22:00:00,263.51,0.0,0.0,1,Clear,sky is clear,1787
2013-01-17 23:00:00,262.34,0.0,0.0,1,Clear,sky is clear,1147
2013-01-18 00:00:00,261.36,0.0,0.0,1,Clear,sky is clear,602
2013-01-18 01:00:00,260.74,0.0,0.0,20,Clouds,few clouds,355
2013-01-18 02:00:00,260.58,0.0,0.0,75,Clouds,broken clouds,301
2013-01-18 03:00:00,260.32,0.0,0.0,90,Clouds,overcast clouds,345
2013-01-18 04:00:00,260.0,0.0,0.0,75,Clouds,broken clouds,712
2013-01-18 05:00:00,259.77,0.0,0.0,75,Clouds,broken clouds,2316
2013-01-18 06:00:00,258.94,0.0,0.0,75,Clouds,broken clouds,5157
2013-01-18 07:00:00,258.52,0.0,0.0,20,Clouds,few clouds,6439
2013-01-18 08:00:00,258.78,0.0,0.0,20,Clouds,few clouds,5727
2013-01-18 09:00:00,259.76,0.0,0.0,90,Snow,heavy snow,5023
2013-01-18 10:00:00,260.17,0.0,0.0,90,Snow,heavy snow,4367
2013-01-18 11:00:00,261.02,0.0,0.0,90,Snow,heavy snow,4813
2013-01-18 11:00:00,261.02,0.0,0.0,90,Haze,haze,4813
2013-01-18 13:00:00,264.55,0.0,0.0,20,Clouds,few clouds,5398
2013-01-18 14:00:00,265.22,0.0,0.0,20,Clouds,few clouds,5474
2013-01-18 15:00:00,265.34,0.0,0.0,1,Clear,sky is clear,5953
2013-01-18 16:00:00,265.31,0.0,0.0,1,Clear,sky is clear,6514
2013-01-18 17:00:00,264.4,0.0,0.0,20,Clouds,few clouds,5927
2013-01-18 18:00:00,263.1,0.0,0.0,20,Clouds,few clouds,4792
2013-01-18 19:00:00,263.15,0.0,0.0,40,Clouds,scattered clouds,3503
2013-01-18 20:00:00,263.21,0.0,0.0,90,Clouds,overcast clouds,2799
2013-01-18 21:00:00,264.02,0.0,0.0,90,Clouds,overcast clouds,2669
2013-01-18 22:00:00,264.01,0.0,0.0,90,Clouds,overcast clouds,2311
2013-01-18 23:00:00,264.4,0.0,0.0,90,Clouds,overcast clouds,1659
2013-01-19 00:00:00,264.61,0.0,0.0,90,Snow,heavy snow,1021
2013-01-19 01:00:00,264.75,0.0,0.0,90,Snow,heavy snow,696
2013-01-19 02:00:00,264.86,0.0,0.0,90,Snow,heavy snow,535
2013-01-19 02:00:00,264.86,0.0,0.0,90,Mist,mist,535
2013-01-19 03:00:00,265.37,0.0,0.0,90,Snow,heavy snow,353
2013-01-19 04:00:00,265.78,0.0,0.0,90,Clouds,overcast clouds,361
2013-01-19 05:00:00,266.24,0.0,0.0,90,Clouds,overcast clouds,687
2013-01-19 06:00:00,267.11,0.0,0.0,90,Clouds,overcast clouds,1111
2013-01-19 07:00:00,267.98,0.0,0.0,90,Clouds,overcast clouds,1702
2013-01-19 08:00:00,269.02,0.0,0.0,90,Clouds,overcast clouds,2595
2013-01-19 09:00:00,271.02,0.0,0.0,75,Clouds,broken clouds,3346
2013-01-19 10:00:00,272.74,0.0,0.0,75,Clouds,broken clouds,3550
2013-01-19 11:00:00,275.16,0.0,0.0,40,Clouds,scattered clouds,4096
2013-01-19 12:00:00,276.72,0.0,0.0,40,Clouds,scattered clouds,4803
2013-01-19 13:00:00,277.1,0.0,0.0,75,Clouds,broken clouds,4906
2013-01-19 14:00:00,277.28,0.0,0.0,75,Clouds,broken clouds,4973
2013-01-19 15:00:00,276.74,0.0,0.0,75,Clouds,broken clouds,4791
2013-01-19 16:00:00,276.08,0.0,0.0,75,Clouds,broken clouds,4837
2013-01-19 17:00:00,275.27,0.0,0.0,40,Clouds,scattered clouds,4825
2013-01-19 18:00:00,274.02,0.0,0.0,20,Clouds,few clouds,4530
2013-01-19 19:00:00,273.53,0.0,0.0,20,Clouds,few clouds,3076
2013-01-19 20:00:00,273.0,0.0,0.0,20,Clouds,few clouds,2532
2013-01-19 22:00:00,271.8,0.0,0.0,40,Clouds,scattered clouds,3096
2013-01-19 23:00:00,271.42,0.0,0.0,40,Clouds,scattered clouds,3125
2013-01-20 01:00:00,270.86,0.0,0.0,90,Clouds,overcast clouds,784
2013-01-20 02:00:00,270.53,0.0,0.0,90,Clouds,overcast clouds,577
2013-01-20 04:00:00,271.27,0.0,0.0,90,Clouds,overcast clouds,246
2013-01-20 05:00:00,271.35,0.0,0.0,90,Clouds,overcast clouds,419
2013-01-20 07:00:00,270.47,0.0,0.0,75,Mist,mist,946
2013-01-20 08:00:00,270.65,0.0,0.0,90,Mist,mist,1513
2013-01-20 09:00:00,272.92,0.0,0.0,90,Mist,mist,2132
2013-01-20 10:00:00,274.57,0.0,0.0,75,Clouds,broken clouds,2796
2013-01-20 12:00:00,269.27,0.0,0.0,86,Clouds,overcast clouds,3632
2013-01-20 13:00:00,270.92,0.0,0.0,58,Clouds,broken clouds,4028
2013-01-20 14:00:00,270.92,0.0,0.0,58,Clouds,broken clouds,3795
2013-01-20 16:00:00,266.49,0.0,0.0,40,Haze,haze,3695
2013-01-20 17:00:00,263.98,0.0,0.0,75,Snow,heavy snow,3455
2013-01-20 18:00:00,260.61,0.0,0.0,75,Clouds,broken clouds,3075
2013-01-20 20:00:00,258.95,0.0,0.0,40,Clouds,scattered clouds,2073
2013-01-20 21:00:00,257.81,0.0,0.0,90,Clouds,overcast clouds,3219
2013-01-20 22:00:00,257.21,0.0,0.0,90,Clouds,overcast clouds,2215
2013-01-20 23:00:00,256.54,0.0,0.0,20,Clouds,few clouds,1031
2013-01-21 01:00:00,255.63,0.0,0.0,20,Clouds,few clouds,331
2013-01-21 02:00:00,255.49,0.0,0.0,40,Clouds,scattered clouds,270
2013-01-21 03:00:00,255.33,0.0,0.0,40,Clouds,scattered clouds,310
2013-01-21 04:00:00,255.2,0.0,0.0,75,Clouds,broken clouds,667
2013-01-21 05:00:00,254.69,0.0,0.0,75,Clouds,broken clouds,1978
2013-01-21 06:00:00,254.69,0.0,0.0,75,Clouds,broken clouds,4018
2013-01-21 07:00:00,254.7,0.0,0.0,90,Clouds,overcast clouds,4397
2013-01-21 08:00:00,254.7,0.0,0.0,90,Clouds,overcast clouds,3731
2013-01-21 10:00:00,256.15,0.0,0.0,75,Clouds,broken clouds,3339
2013-01-21 11:00:00,256.92,0.0,0.0,90,Clouds,overcast clouds,3551
2013-01-21 13:00:00,259.07,0.0,0.0,90,Clouds,overcast clouds,4048
2013-01-21 14:00:00,259.26,0.0,0.0,75,Clouds,broken clouds,4252
2013-01-21 15:00:00,259.27,0.0,0.0,90,Clouds,overcast clouds,4483
2013-01-21 16:00:00,259.04,0.0,0.0,90,Clouds,overcast clouds,4561
2013-01-21 17:00:00,258.69,0.0,0.0,90,Snow,heavy snow,4420
2013-01-21 17:00:00,258.69,0.0,0.0,90,Haze,haze,4420
2013-01-21 19:00:00,257.66,0.0,0.0,90,Snow,heavy snow,2545
2013-01-21 20:00:00,256.44,0.0,0.0,20,Clouds,few clouds,2058
2013-01-21 21:00:00,255.58,0.0,0.0,20,Clouds,few clouds,1790
2013-01-21 22:00:00,254.83,0.0,0.0,20,Clouds,few clouds,1303
2013-01-21 23:00:00,253.51,0.0,0.0,1,Clear,sky is clear,859
2013-01-22 01:00:00,250.63,0.0,0.0,42,Clouds,scattered clouds,275
2013-01-22 02:00:00,250.63,0.0,0.0,42,Clouds,scattered clouds,185
2013-01-22 04:00:00,248.14,0.0,0.0,25,Clouds,few clouds,719
2013-01-22 04:00:00,248.14,0.0,0.0,25,Clouds,scattered clouds,719
2013-01-22 05:00:00,248.14,0.0,0.0,25,Clouds,few clouds,2424
2013-01-22 05:00:00,248.14,0.0,0.0,25,Clouds,scattered clouds,2424
2013-01-22 07:00:00,249.46,0.0,0.0,40,Clouds,scattered clouds,6256
2013-01-22 08:00:00,249.33,0.0,0.0,75,Clouds,broken clouds,5693
2013-01-22 10:00:00,250.44,0.0,0.0,40,Haze,haze,4031
2013-01-22 11:00:00,250.69,0.0,0.0,40,Haze,haze,4176
2013-01-22 12:00:00,251.56,0.0,0.0,40,Haze,haze,4551
2013-01-22 13:00:00,252.22,0.0,0.0,75,Clouds,broken clouds,4747
2013-01-22 15:00:00,252.94,0.0,0.0,20,Clouds,few clouds,5459
2013-01-22 16:00:00,252.81,0.0,0.0,40,Clouds,scattered clouds,6331
2013-01-22 17:00:00,252.18,0.0,0.0,20,Clouds,few clouds,6111
2013-01-22 19:00:00,251.69,0.0,0.0,20,Clouds,few clouds,2774
2013-01-22 20:00:00,251.58,0.0,0.0,1,Clear,sky is clear,2593
2013-01-22 21:00:00,251.45,0.0,0.0,1,Clear,sky is clear,3209
2013-01-22 22:00:00,251.33,0.0,0.0,1,Clear,sky is clear,2538
2013-01-23 01:00:00,247.16,0.0,0.0,11,Clouds,few clouds,346
2013-01-23 02:00:00,247.16,0.0,0.0,11,Clouds,few clouds,248
2013-01-23 03:00:00,246.47,0.0,0.0,13,Clouds,few clouds,312
2013-01-23 04:00:00,246.47,0.0,0.0,13,Clouds,few clouds,737
2013-01-23 05:00:00,246.47,0.0,0.0,13,Clouds,few clouds,2486
2013-01-23 06:00:00,248.75,0.0,0.0,1,Clear,sky is clear,5307
2013-01-23 07:00:00,248.48,0.0,0.0,1,Clear,sky is clear,6391
2013-01-23 08:00:00,248.48,0.0,0.0,20,Clouds,few clouds,6106
2013-01-23 09:00:00,249.91,0.0,0.0,20,Clouds,few clouds,5394
2013-01-23 10:00:00,250.79,0.0,0.0,20,Clouds,few clouds,4303
2013-01-23 11:00:00,251.67,0.0,0.0,40,Clouds,scattered clouds,4481
2013-01-23 12:00:00,253.57,0.0,0.0,75,Clouds,broken clouds,4779
2013-01-23 13:00:00,254.2,0.0,0.0,75,Clouds,broken clouds,4682
2013-01-23 14:00:00,255.04,0.0,0.0,75,Clouds,broken clouds,5212
2013-01-23 15:00:00,255.63,0.0,0.0,75,Clouds,broken clouds,5633
2013-01-23 16:00:00,255.46,0.0,0.0,90,Clouds,overcast clouds,6606
2013-01-23 17:00:00,255.58,0.0,0.0,90,Clouds,overcast clouds,6303
2013-01-23 18:00:00,255.5,0.0,0.0,90,Clouds,overcast clouds,4584
2013-01-23 19:00:00,255.85,0.0,0.0,90,Clouds,overcast clouds,3062
2013-01-23 20:00:00,255.99,0.0,0.0,90,Clouds,overcast clouds,2727
2013-01-23 22:00:00,256.96,0.0,0.0,90,Clouds,overcast clouds,2484
2013-01-23 23:00:00,257.41,0.0,0.0,90,Clouds,overcast clouds,1150
2013-01-24 01:00:00,258.44,0.0,0.0,90,Clouds,overcast clouds,289
2013-01-24 02:00:00,258.7,0.0,0.0,90,Clouds,overcast clouds,254
2013-01-24 04:00:00,259.3,0.0,0.0,90,Snow,heavy snow,746
2013-01-24 04:00:00,259.3,0.0,0.0,90,Haze,haze,746
2013-01-24 05:00:00,259.46,0.0,0.0,90,Snow,heavy snow,2449
2013-01-24 05:00:00,259.46,0.0,0.0,90,Mist,mist,2449
2013-01-24 07:00:00,259.98,0.0,0.0,90,Snow,heavy snow,6870
2013-01-24 07:00:00,259.98,0.0,0.0,90,Mist,mist,6870
2013-01-24 08:00:00,260.08,0.0,0.0,90,Snow,heavy snow,6256
2013-01-24 08:00:00,260.08,0.0,0.0,90,Haze,haze,6256
2013-01-24 08:00:00,260.08,0.0,0.0,90,Mist,mist,6256
2013-01-24 10:00:00,261.76,0.0,0.0,90,Snow,heavy snow,4286
2013-01-24 11:00:00,263.3,0.0,0.0,40,Snow,heavy snow,4438
2013-01-24 13:00:00,263.35,0.0,0.0,75,Clouds,broken clouds,4731
2013-01-24 14:00:00,262.26,0.0,0.0,75,Clouds,broken clouds,5258
2013-01-24 16:00:00,259.62,0.0,0.0,40,Clouds,scattered clouds,6661
2013-01-24 17:00:00,257.89,0.0,0.0,40,Clouds,scattered clouds,5891
2013-01-24 19:00:00,255.77,0.0,0.0,1,Clear,sky is clear,3156
2013-01-24 20:00:00,254.96,0.0,0.0,1,Clear,sky is clear,2843
2013-01-24 21:00:00,253.97,0.0,0.0,1,Clear,sky is clear,2521
2013-01-24 22:00:00,253.46,0.0,0.0,1,Clear,sky is clear,1887
2013-01-24 23:00:00,252.83,0.0,0.0,1,Clear,sky is clear,1172
2013-01-25 00:00:00,252.07,0.0,0.0,1,Clear,sky is clear,590
2013-01-25 01:00:00,251.56,0.0,0.0,20,Clouds,few clouds,376
2013-01-25 02:00:00,251.56,0.0,0.0,90,Clouds,overcast clouds,283
2013-01-25 04:00:00,251.45,0.0,0.0,90,Clouds,overcast clouds,683
2013-01-25 05:00:00,251.32,0.0,0.0,90,Clouds,overcast clouds,2384
2013-01-25 06:00:00,251.56,0.0,0.0,90,Clouds,overcast clouds,5269
2013-01-25 07:00:00,251.8,0.0,0.0,90,Clouds,overcast clouds,6593
2013-01-25 08:00:00,252.44,0.0,0.0,90,Clouds,overcast clouds,5829
2013-01-25 10:00:00,254.65,0.0,0.0,90,Clouds,overcast clouds,4463
2013-01-25 11:00:00,255.65,0.0,0.0,90,Clouds,overcast clouds,4911
2013-01-25 13:00:00,257.86,0.0,0.0,90,Clouds,overcast clouds,5206
2013-01-25 14:00:00,258.52,0.0,0.0,90,Clouds,overcast clouds,5546
2013-01-25 16:00:00,259.97,0.0,0.0,90,Clouds,overcast clouds,6456
2013-01-25 17:00:00,260.22,0.0,0.0,75,Clouds,broken clouds,6142
2013-01-25 19:00:00,260.46,0.0,0.0,90,Clouds,overcast clouds,3633
2013-01-25 20:00:00,260.64,0.0,0.0,90,Clouds,overcast clouds,3033
2013-01-25 22:00:00,261.56,0.0,0.0,90,Clouds,overcast clouds,2439
2013-01-25 23:00:00,262.18,0.0,0.0,90,Clouds,overcast clouds,1690
2013-01-26 01:00:00,262.69,0.0,0.0,90,Snow,heavy snow,669
2013-01-26 02:00:00,262.98,0.0,0.0,90,Mist,mist,584
2013-01-26 04:00:00,263.79,0.0,0.0,90,Clouds,overcast clouds,385
2013-01-26 05:00:00,264.15,0.0,0.0,90,Clouds,overcast clouds,658
2013-01-26 07:00:00,264.79,0.0,0.0,90,Snow,heavy snow,2052
2013-01-26 08:00:00,264.85,0.0,0.0,90,Snow,heavy snow,2755
2013-01-26 10:00:00,265.05,0.0,0.0,75,Snow,heavy snow,3991
2013-01-26 12:00:00,264.25,0.0,0.0,40,Clouds,scattered clouds,4947
2013-01-27 01:00:00,257.14,0.0,0.0,1,Clear,sky is clear,937
2013-01-27 02:00:00,256.96,0.0,0.0,40,Clouds,scattered clouds,686
2013-01-27 05:00:00,256.12,0.0,0.0,20,Clouds,few clouds,462
2013-01-27 07:00:00,255.95,0.0,0.0,40,Clouds,scattered clouds,1153
2013-01-27 08:00:00,256.34,0.0,0.0,75,Clouds,broken clouds,1839
2013-01-27 10:00:00,260.21,0.0,0.0,75,Clouds,broken clouds,3245
2013-01-27 11:00:00,262.2,0.0,0.0,90,Clouds,overcast clouds,3616
2013-01-27 13:00:00,265.54,0.0,0.0,75,Clouds,broken clouds,3813
2013-01-27 14:00:00,266.54,0.0,0.0,75,Clouds,broken clouds,3124
2013-01-27 16:00:00,267.41,0.0,0.0,90,Clouds,overcast clouds,2529
2013-01-27 17:00:00,267.41,0.0,0.0,90,Clouds,overcast clouds,2347
2013-01-27 19:00:00,267.71,0.0,0.0,90,Clouds,overcast clouds,1596
2013-01-27 20:00:00,267.98,0.0,0.0,90,Clouds,overcast clouds,1408
2013-01-27 22:00:00,268.25,0.0,0.0,90,Clouds,overcast clouds,1030
2013-01-27 23:00:00,268.26,0.0,0.0,90,Clouds,overcast clouds,692
2013-01-28 00:00:00,268.32,0.0,0.0,75,Clouds,broken clouds,383
2013-01-28 01:00:00,268.49,0.0,0.0,90,Clouds,overcast clouds,273
2013-01-28 02:00:00,268.6,0.0,0.0,40,Clouds,scattered clouds,261
2013-01-28 03:00:00,268.53,0.0,0.0,20,Clouds,few clouds,334
2013-01-28 05:00:00,269.6,0.0,0.0,90,Clouds,overcast clouds,2474
2013-01-28 06:00:00,269.94,0.0,0.0,90,Clouds,overcast clouds,5198
2013-01-28 08:00:00,271.13,0.0,0.0,90,Clouds,overcast clouds,5565
2013-01-28 09:00:00,272.07,0.0,0.0,90,Clouds,overcast clouds,4410
2013-01-28 11:00:00,273.13,0.0,0.0,90,Clouds,overcast clouds,4033
2013-01-28 12:00:00,273.37,0.0,0.0,90,Rain,light rain,4368
2013-01-28 14:00:00,272.85,0.0,0.0,90,Mist,mist,4799
2013-01-28 14:00:00,272.85,0.0,0.0,90,Snow,heavy snow,4799
2013-01-28 14:00:00,272.85,0.0,0.0,90,Snow,snow,4799
2013-01-28 17:00:00,272.71,0.0,0.0,90,Snow,heavy snow,5708
2013-01-28 17:00:00,272.71,0.0,0.0,90,Mist,mist,5708
2013-01-28 20:00:00,272.55,0.0,0.0,90,Snow,heavy snow,2460
2013-01-28 20:00:00,272.55,0.0,0.0,90,Mist,mist,2460
2013-01-28 20:00:00,272.55,0.0,0.0,90,Rain,light rain,2460
2013-01-29 00:00:00,272.37,0.0,0.0,91,Clouds,overcast clouds,434
2013-01-30 01:00:00,273.05,0.0,0.0,90,Mist,mist,370
2013-01-30 02:00:00,273.15,0.0,0.0,90,Mist,mist,243
2013-01-30 03:00:00,272.59,0.0,0.0,98,Clouds,overcast clouds,340
2013-01-30 05:00:00,272.94,0.0,0.0,90,Mist,mist,2608
2013-01-30 05:00:00,272.94,0.0,0.0,90,Snow,heavy snow,2608
2013-01-30 06:00:00,272.94,0.0,0.0,90,Mist,mist,5646
2013-01-30 07:00:00,272.94,0.0,0.0,90,Mist,mist,6945
2013-01-30 08:00:00,273.04,0.0,0.0,90,Mist,mist,6060
2013-01-30 09:00:00,273.56,0.0,0.0,90,Mist,mist,5100
2013-01-30 10:00:00,273.82,0.0,0.0,90,Clouds,overcast clouds,4389
2013-01-30 11:00:00,274.12,0.0,0.0,90,Clouds,overcast clouds,4462
2013-01-30 12:00:00,274.48,0.0,0.0,90,Clouds,overcast clouds,4739
2013-01-30 13:00:00,274.8,0.0,0.0,90,Clouds,overcast clouds,4683
2013-01-30 14:00:00,274.74,0.0,0.0,90,Clouds,overcast clouds,5061
2013-01-30 15:00:00,274.69,0.0,0.0,90,Clouds,overcast clouds,5693
2013-01-30 16:00:00,273.98,0.0,0.0,90,Clouds,overcast clouds,6617
2013-01-30 17:00:00,273.58,0.0,0.0,90,Clouds,overcast clouds,6139
2013-01-30 18:00:00,273.02,0.0,0.0,90,Clouds,overcast clouds,4679
2013-01-30 19:00:00,272.24,0.0,0.0,90,Clouds,overcast clouds,3121
2013-01-30 20:00:00,271.42,0.0,0.0,90,Clouds,overcast clouds,2686
2013-01-30 21:00:00,271.22,0.0,0.0,90,Clouds,overcast clouds,2734
2013-01-30 22:00:00,271.12,0.0,0.0,90,Clouds,overcast clouds,3839
2013-01-30 23:00:00,270.76,0.0,0.0,90,Clouds,overcast clouds,1242
2013-01-31 00:00:00,270.15,0.0,0.0,90,Clouds,overcast clouds,605
2013-01-31 01:00:00,269.49,0.0,0.0,90,Clouds,overcast clouds,389
2013-01-31 02:00:00,268.82,0.0,0.0,90,Clouds,overcast clouds,261
2013-01-31 03:00:00,268.49,0.0,0.0,40,Snow,heavy snow,337
2013-01-31 04:00:00,268.58,0.0,0.0,20,Clouds,few clouds,747
2013-01-31 05:00:00,268.66,0.0,0.0,75,Clouds,broken clouds,2533
2013-01-31 06:00:00,267.15,0.0,0.0,90,Clouds,overcast clouds,5348
2013-01-31 08:00:00,260.0,0.0,0.0,100,Clouds,overcast clouds,5330
2013-01-31 09:00:00,260.59,0.0,0.0,100,Clouds,overcast clouds,5410
2013-01-31 10:00:00,260.59,0.0,0.0,100,Clouds,overcast clouds,4403
2013-01-31 11:00:00,260.59,0.0,0.0,100,Clouds,overcast clouds,4543
2013-01-31 13:00:00,261.53,0.0,0.0,100,Clouds,overcast clouds,4962
2013-01-31 14:00:00,261.53,0.0,0.0,100,Clouds,overcast clouds,5303
2013-01-31 15:00:00,258.75,0.0,0.0,99,Clouds,overcast clouds,5679
2013-01-31 16:00:00,258.75,0.0,0.0,99,Clouds,overcast clouds,6485
2013-01-31 17:00:00,258.75,0.0,0.0,99,Clouds,overcast clouds,6312
2013-01-31 18:00:00,254.84,0.0,0.0,98,Clouds,overcast clouds,4334
2013-01-31 19:00:00,254.84,0.0,0.0,98,Clouds,overcast clouds,3059
2013-01-31 20:00:00,254.84,0.0,0.0,98,Clouds,overcast clouds,2787
2013-01-31 21:00:00,253.77,0.0,0.0,99,Clouds,overcast clouds,2545
2013-01-31 22:00:00,253.77,0.0,0.0,99,Clouds,overcast clouds,2040
2013-01-31 23:00:00,253.77,0.0,0.0,99,Clouds,overcast clouds,1130
2013-02-01 00:00:00,252.77,0.0,0.0,100,Clouds,overcast clouds,627
2013-02-01 01:00:00,252.77,0.0,0.0,100,Clouds,overcast clouds,378
2013-02-01 02:00:00,252.77,0.0,0.0,100,Clouds,overcast clouds,291
2013-02-01 03:00:00,250.91,0.0,0.0,100,Clouds,overcast clouds,347
2013-02-01 04:00:00,250.91,0.0,0.0,100,Clouds,overcast clouds,638
2013-02-01 05:00:00,250.91,0.0,0.0,100,Clouds,overcast clouds,2337
2013-02-01 06:00:00,249.91,0.0,0.0,100,Clouds,overcast clouds,5110
2013-02-01 07:00:00,249.91,0.0,0.0,100,Clouds,overcast clouds,6681
2013-02-01 08:00:00,249.91,0.0,0.0,100,Clouds,overcast clouds,5948
2013-02-01 09:00:00,252.13,0.0,0.0,99,Clouds,overcast clouds,4996
2013-02-01 10:00:00,252.13,0.0,0.0,99,Clouds,overcast clouds,4461
2013-02-01 11:00:00,252.13,0.0,0.0,99,Clouds,overcast clouds,4929
2013-02-01 12:00:00,253.33,0.0,0.0,85,Clouds,overcast clouds,5246
2013-02-01 13:00:00,253.33,0.0,0.0,85,Clouds,overcast clouds,5201
2013-02-01 14:00:00,253.33,0.0,0.0,85,Clouds,overcast clouds,5518
2013-02-01 15:00:00,251.77,0.0,0.0,83,Clouds,broken clouds,6037
2013-02-01 16:00:00,251.77,0.0,0.0,83,Clouds,broken clouds,5971
2013-02-01 17:00:00,251.77,0.0,0.0,83,Clouds,broken clouds,4909
2013-02-01 18:00:00,250.24,0.0,0.0,70,Clouds,broken clouds,4053
2013-02-01 19:00:00,250.24,0.0,0.0,70,Clouds,broken clouds,2945
2013-02-01 20:00:00,250.24,0.0,0.0,70,Clouds,broken clouds,2547
2013-02-01 21:00:00,249.69,0.0,0.0,59,Clouds,broken clouds,2396
2013-02-01 22:00:00,249.69,0.0,0.0,59,Clouds,broken clouds,2320
2013-02-01 23:00:00,251.23,0.0,0.0,84,Clouds,broken clouds,1517
2013-02-02 00:00:00,250.14,0.0,0.0,89,Clouds,overcast clouds,945
2013-02-02 01:00:00,250.14,0.0,0.0,89,Clouds,overcast clouds,580
2013-02-02 02:00:00,246.04,0.0,0.0,20,Clouds,few clouds,472
2013-02-02 03:00:00,244.82,0.0,0.0,11,Clouds,few clouds,354
2013-02-02 04:00:00,244.82,0.0,0.0,11,Clouds,few clouds,417
2013-02-02 05:00:00,244.82,0.0,0.0,11,Clouds,few clouds,678
2013-02-02 06:00:00,245.7,0.0,0.0,0,Clear,sky is clear,1198
2013-02-02 07:00:00,245.7,0.0,0.0,0,Clear,sky is clear,1909
2013-02-02 08:00:00,245.7,0.0,0.0,0,Clear,sky is clear,2689
2013-02-02 09:00:00,250.41,0.0,0.0,3,Clear,sky is clear,3438
2013-02-02 10:00:00,250.41,0.0,0.0,3,Clear,sky is clear,3885
2013-02-02 11:00:00,250.41,0.0,0.0,3,Clear,sky is clear,4420
2013-02-02 12:00:00,254.46,0.0,0.0,56,Clouds,broken clouds,4907
2013-02-02 13:00:00,254.46,0.0,0.0,56,Clouds,broken clouds,4901
2013-02-02 14:00:00,254.46,0.0,0.0,56,Clouds,broken clouds,4684
2013-02-02 15:00:00,255.98,0.0,0.0,77,Clouds,broken clouds,4760
2013-02-02 16:00:00,255.98,0.0,0.0,77,Clouds,broken clouds,4763
2013-02-02 17:00:00,255.98,0.0,0.0,77,Clouds,broken clouds,4471
2013-02-02 18:00:00,256.67,0.0,0.0,85,Clouds,overcast clouds,4113
2013-02-02 19:00:00,256.67,0.0,0.0,85,Clouds,overcast clouds,3440
2013-02-02 20:00:00,256.67,0.0,0.0,85,Clouds,overcast clouds,2768
2013-02-02 21:00:00,256.44,0.0,0.0,93,Clouds,overcast clouds,2390
2013-02-02 22:00:00,256.44,0.0,0.0,93,Clouds,overcast clouds,2752
2013-02-02 23:00:00,256.44,0.0,0.0,93,Clouds,overcast clouds,2258
2013-02-03 00:00:00,254.44,0.0,0.0,98,Clouds,overcast clouds,1103
2013-02-03 01:00:00,254.44,0.0,0.0,98,Clouds,overcast clouds,730
2013-02-03 02:00:00,252.74,0.0,0.0,100,Clouds,overcast clouds,579
2013-02-03 03:00:00,249.51,0.0,0.0,88,Clouds,overcast clouds,338
2013-02-03 04:00:00,249.51,0.0,0.0,88,Clouds,overcast clouds,255
2013-02-03 05:00:00,249.51,0.0,0.0,88,Clouds,overcast clouds,425
2013-02-03 06:00:00,249.75,0.0,0.0,40,Clouds,scattered clouds,720
2013-02-03 07:00:00,250.33,0.0,0.0,67,Clouds,broken clouds,1080
2013-02-03 08:00:00,250.33,0.0,0.0,67,Clouds,broken clouds,1630
2013-02-03 09:00:00,254.67,0.0,0.0,59,Clouds,broken clouds,2428
2013-02-03 10:00:00,254.67,0.0,0.0,59,Clouds,broken clouds,3230
2013-02-03 11:00:00,254.67,0.0,0.0,59,Clouds,broken clouds,3555
2013-02-03 12:00:00,257.31,0.0,0.0,91,Clouds,overcast clouds,3676
2013-02-03 13:00:00,258.59,0.0,0.0,91,Clouds,overcast clouds,4072
2013-02-03 14:00:00,258.59,0.0,0.0,91,Clouds,overcast clouds,4178
2013-02-03 15:00:00,257.01,0.0,0.0,93,Clouds,overcast clouds,4148
2013-02-03 16:00:00,257.01,0.0,0.0,93,Clouds,overcast clouds,4665
2013-02-03 17:00:00,257.01,0.0,0.0,93,Clouds,overcast clouds,3536
2013-02-03 18:00:00,271.15,0.0,0.0,90,Snow,heavy snow,2196
2013-02-03 20:00:00,258.9,0.0,0.0,98,Clouds,overcast clouds,1656
2013-02-03 21:00:00,258.4,0.0,0.0,97,Clouds,overcast clouds,1566
2013-02-03 22:00:00,258.4,0.0,0.0,97,Clouds,overcast clouds,2658
2013-02-03 23:00:00,258.4,0.0,0.0,97,Clouds,overcast clouds,1068
2013-02-04 00:00:00,257.16,0.0,0.0,62,Clouds,broken clouds,522
2013-02-04 01:00:00,257.16,0.0,0.0,62,Clouds,broken clouds,285
2013-02-04 02:00:00,255.52,0.0,0.0,58,Clouds,broken clouds,265
2013-02-04 03:00:00,253.88,0.0,0.0,32,Clouds,scattered clouds,352
2013-02-04 04:00:00,253.88,0.0,0.0,32,Clouds,scattered clouds,742
2013-02-04 05:00:00,253.88,0.0,0.0,32,Clouds,scattered clouds,2327
2013-02-04 06:00:00,254.15,0.0,0.0,4,Clear,sky is clear,4897
2013-02-04 07:00:00,254.15,0.0,0.0,4,Clear,sky is clear,5884
2013-02-04 08:00:00,254.33,0.0,0.0,0,Clear,sky is clear,4790
2013-02-04 09:00:00,258.34,0.0,0.0,5,Clear,sky is clear,5463
2013-02-04 10:00:00,258.34,0.0,0.0,5,Clear,sky is clear,4141
2013-02-04 11:00:00,258.34,0.0,0.0,5,Clear,sky is clear,4195
2013-02-04 12:00:00,260.55,0.0,0.0,38,Clouds,scattered clouds,4506
2013-02-04 13:00:00,261.93,0.0,0.0,83,Clouds,broken clouds,4416
2013-02-04 14:00:00,261.93,0.0,0.0,83,Clouds,broken clouds,4882
2013-02-04 15:00:00,261.23,0.0,0.0,90,Clouds,overcast clouds,5430
2013-02-04 16:00:00,261.23,0.0,0.0,90,Clouds,overcast clouds,6316
2013-02-04 17:00:00,261.23,0.0,0.0,90,Clouds,overcast clouds,6067
2013-02-04 18:00:00,260.74,0.0,0.0,99,Clouds,overcast clouds,4454
2013-02-04 19:00:00,260.74,0.0,0.0,99,Clouds,overcast clouds,2912
2013-02-04 20:00:00,260.74,0.0,0.0,99,Clouds,overcast clouds,2519
2013-02-04 21:00:00,259.93,0.0,0.0,97,Clouds,overcast clouds,2083
2013-02-04 22:00:00,259.93,0.0,0.0,97,Clouds,overcast clouds,1396
2013-02-04 23:00:00,259.93,0.0,0.0,97,Clouds,overcast clouds,909
2013-02-05 01:00:00,258.13,0.0,0.0,99,Clouds,overcast clouds,326
2013-02-05 02:00:00,259.24,0.0,0.0,100,Clouds,overcast clouds,243
2013-02-05 03:00:00,255.78,0.0,0.0,77,Clouds,broken clouds,326
2013-02-05 04:00:00,255.78,0.0,0.0,77,Clouds,broken clouds,747
2013-02-05 05:00:00,255.78,0.0,0.0,77,Clouds,broken clouds,2336
2013-02-05 06:00:00,255.35,0.0,0.0,1,Clear,sky is clear,4591
2013-02-05 07:00:00,254.16,0.0,0.0,2,Clear,sky is clear,5100
2013-02-05 08:00:00,254.16,0.0,0.0,2,Clear,sky is clear,5523
2013-02-05 09:00:00,257.88,0.0,0.0,1,Clear,sky is clear,5376
2013-02-05 10:00:00,257.88,0.0,0.0,1,Clear,sky is clear,4364
2013-02-05 11:00:00,257.88,0.0,0.0,1,Clear,sky is clear,4435
2013-02-05 12:00:00,260.03,0.0,0.0,40,Clouds,scattered clouds,4680
2013-02-05 13:00:00,261.27,0.0,0.0,44,Clouds,scattered clouds,4811
2013-02-05 14:00:00,261.27,0.0,0.0,44,Clouds,scattered clouds,5064
2013-02-05 16:00:00,259.72,0.0,0.0,56,Clouds,broken clouds,6242
2013-02-05 17:00:00,259.72,0.0,0.0,56,Clouds,broken clouds,6235
2013-02-05 18:00:00,261.72,0.0,0.0,81,Clouds,broken clouds,4721
2013-02-05 19:00:00,261.72,0.0,0.0,81,Clouds,broken clouds,3200
2013-02-05 20:00:00,261.72,0.0,0.0,81,Clouds,broken clouds,2846
2013-02-05 21:00:00,262.97,0.0,0.0,89,Clouds,overcast clouds,2372
2013-02-05 22:00:00,262.97,0.0,0.0,89,Clouds,overcast clouds,1475
2013-02-05 23:00:00,262.97,0.0,0.0,89,Clouds,overcast clouds,1013
2013-02-06 00:00:00,263.19,0.0,0.0,100,Clouds,overcast clouds,526
2013-02-06 01:00:00,266.48,0.0,0.0,98,Clouds,overcast clouds,294
2013-02-06 02:00:00,267.12,0.0,0.0,90,Clouds,overcast clouds,271
2013-02-06 03:00:00,267.12,0.0,0.0,75,Clouds,broken clouds,315
2013-02-06 04:00:00,268.0,0.0,0.0,75,Snow,heavy snow,774
2013-02-06 05:00:00,268.06,0.0,0.0,90,Snow,heavy snow,2605
2013-02-06 05:00:00,268.06,0.0,0.0,90,Mist,mist,2605
2013-02-06 07:00:00,269.01,0.0,0.0,90,Mist,mist,6454
2013-02-06 08:00:00,269.97,0.0,0.0,90,Mist,mist,6531
2013-02-06 10:00:00,270.55,0.0,0.0,90,Clouds,overcast clouds,4039
2013-02-06 11:00:00,270.54,0.0,0.0,90,Clouds,overcast clouds,4034
2013-02-06 13:00:00,270.52,0.0,0.0,75,Clouds,broken clouds,4544
2013-02-06 14:00:00,270.38,0.0,0.0,75,Clouds,broken clouds,4995
2013-02-06 15:00:00,269.82,0.0,0.0,40,Clouds,scattered clouds,5597
2013-02-06 16:00:00,269.34,0.0,0.0,20,Clouds,few clouds,6393
2013-02-06 17:00:00,267.73,0.0,0.0,1,Clear,sky is clear,6087
2013-02-06 19:00:00,266.15,0.0,0.0,1,Clear,sky is clear,3281
2013-02-06 22:00:00,261.02,0.0,0.0,85,Clouds,overcast clouds,1768
2013-02-06 23:00:00,261.02,0.0,0.0,85,Clouds,overcast clouds,3022
2013-02-07 01:00:00,259.1,0.0,0.0,40,Clouds,scattered clouds,384
2013-02-07 02:00:00,259.1,0.0,0.0,40,Clouds,scattered clouds,372
2013-02-07 04:00:00,257.92,0.0,0.0,32,Clouds,scattered clouds,761
2013-02-07 05:00:00,257.92,0.0,0.0,32,Clouds,scattered clouds,2546
2013-02-07 07:00:00,263.02,0.0,0.0,87,Clouds,overcast clouds,6274
2013-02-07 08:00:00,263.02,0.0,0.0,87,Clouds,overcast clouds,6076
2013-02-07 10:00:00,266.41,0.0,0.0,93,Clouds,overcast clouds,4444
2013-02-07 11:00:00,266.41,0.0,0.0,93,Clouds,overcast clouds,4829
2013-02-07 13:00:00,267.53,0.0,0.0,90,Haze,haze,4995
2013-02-07 14:00:00,268.4,0.0,0.0,90,Haze,haze,5323
2013-02-07 16:00:00,268.68,0.0,0.0,20,Haze,haze,6497
2013-02-07 17:00:00,268.17,0.0,0.0,90,Haze,haze,6050
2013-02-07 18:00:00,268.03,0.0,0.0,90,Clouds,overcast clouds,4432
2013-02-07 19:00:00,268.17,0.0,0.0,1,Clear,sky is clear,3282
2013-02-07 20:00:00,268.08,0.0,0.0,90,Haze,haze,3019
2013-02-07 21:00:00,268.4,0.0,0.0,90,Haze,haze,3924
2013-02-07 22:00:00,268.37,0.0,0.0,90,Haze,haze,3310
2013-02-07 23:00:00,268.63,0.0,0.0,90,Haze,haze,1296
2013-02-08 01:00:00,268.52,0.0,0.0,90,Mist,mist,414
2013-02-08 01:00:00,268.52,0.0,0.0,90,Haze,haze,414
2013-02-08 02:00:00,268.91,0.0,0.0,90,Mist,mist,324
2013-02-08 02:00:00,268.91,0.0,0.0,90,Haze,haze,324
2013-02-08 03:00:00,268.96,0.0,0.0,90,Mist,mist,339
2013-02-08 03:00:00,268.96,0.0,0.0,90,Haze,haze,339
2013-02-08 04:00:00,268.87,0.0,0.0,90,Mist,mist,735
2013-02-08 04:00:00,268.87,0.0,0.0,90,Haze,haze,735
2013-02-08 05:00:00,268.73,0.0,0.0,90,Mist,mist,2391
2013-02-08 05:00:00,268.73,0.0,0.0,90,Haze,haze,2391
2013-02-08 07:00:00,268.53,0.0,0.0,90,Mist,mist,6710
2013-02-08 08:00:00,268.63,0.0,0.0,90,Mist,mist,5940
2013-02-08 09:00:00,268.83,0.0,0.0,90,Mist,mist,5044
2013-02-08 10:00:00,268.73,0.0,0.0,90,Mist,mist,4638
2013-02-08 11:00:00,269.34,0.0,0.0,90,Haze,haze,4974
2013-02-08 11:00:00,269.34,0.0,0.0,90,Mist,mist,4974
2013-02-08 13:00:00,269.68,0.0,0.0,90,Mist,mist,5312
2013-02-08 13:00:00,269.68,0.0,0.0,90,Haze,haze,5312
2013-02-08 14:00:00,269.82,0.0,0.0,90,Haze,haze,5642
2013-02-08 14:00:00,269.82,0.0,0.0,90,Mist,mist,5642
2013-02-08 15:00:00,270.16,0.0,0.0,90,Clouds,overcast clouds,5858
2013-02-08 16:00:00,270.25,0.0,0.0,90,Clouds,overcast clouds,6579
2013-02-08 17:00:00,270.34,0.0,0.0,90,Clouds,overcast clouds,6095
2013-02-08 18:00:00,270.21,0.0,0.0,90,Clouds,overcast clouds,4831
2013-02-08 19:00:00,270.02,0.0,0.0,90,Clouds,overcast clouds,3621
2013-02-08 20:00:00,269.89,0.0,0.0,90,Clouds,overcast clouds,2931
2013-02-08 21:00:00,269.47,0.0,0.0,90,Clouds,overcast clouds,2861
2013-02-08 22:00:00,269.59,0.0,0.0,90,Clouds,overcast clouds,3112
2013-02-08 23:00:00,269.19,0.0,0.0,90,Clouds,overcast clouds,1856
2013-02-09 01:00:00,268.93,0.0,0.0,90,Clouds,overcast clouds,721
2013-02-09 02:00:00,269.11,0.0,0.0,90,Clouds,overcast clouds,525
2013-02-09 04:00:00,268.49,0.0,0.0,90,Clouds,overcast clouds,426
2013-02-09 05:00:00,267.43,0.0,0.0,90,Clouds,overcast clouds,730
2013-02-09 07:00:00,266.74,0.0,0.0,20,Clouds,few clouds,1946
2013-02-09 08:00:00,267.34,0.0,0.0,90,Haze,haze,3001
2013-02-09 10:00:00,267.8,0.0,0.0,20,Clouds,few clouds,4170
2013-02-09 11:00:00,268.37,0.0,0.0,5,Clear,sky is clear,4383
2013-02-09 13:00:00,269.27,0.0,0.0,1,Clear,sky is clear,4799
2013-02-09 14:00:00,269.57,0.0,0.0,1,Clear,sky is clear,4710
2013-02-09 15:00:00,269.21,0.0,0.0,1,Clear,sky is clear,4621
2013-02-09 16:00:00,269.13,0.0,0.0,1,Clear,sky is clear,4880
2013-02-09 17:00:00,268.41,0.0,0.0,1,Clear,sky is clear,4374
2013-02-09 18:00:00,267.65,0.0,0.0,40,Clouds,scattered clouds,3972
2013-02-09 19:00:00,267.23,0.0,0.0,40,Clouds,scattered clouds,3334
2013-02-09 20:00:00,267.49,0.0,0.0,75,Clouds,broken clouds,2768
2013-02-09 21:00:00,268.22,0.0,0.0,90,Clouds,overcast clouds,3169
2013-02-09 22:00:00,268.03,0.0,0.0,90,Clouds,overcast clouds,4198
2013-02-09 23:00:00,268.88,0.0,0.0,90,Clouds,overcast clouds,1997
2013-02-10 00:00:00,269.24,0.0,0.0,90,Clouds,overcast clouds,1230
2013-02-10 01:00:00,269.41,0.0,0.0,90,Clouds,overcast clouds,721
2013-02-10 02:00:00,269.19,0.0,0.0,90,Clouds,overcast clouds,605
2013-02-10 03:00:00,269.64,0.0,0.0,90,Clouds,overcast clouds,348
2013-02-10 04:00:00,269.65,0.0,0.0,90,Clouds,overcast clouds,299
2013-02-10 05:00:00,269.74,0.0,0.0,90,Clouds,overcast clouds,456
2013-02-10 07:00:00,269.93,0.0,0.0,90,Haze,haze,901
2013-02-10 08:00:00,270.21,0.0,0.0,90,Haze,haze,1426
2013-02-10 08:00:00,270.21,0.0,0.0,90,Mist,mist,1426
2013-02-10 09:00:00,270.4,0.0,0.0,90,Haze,haze,1965
2013-02-10 10:00:00,270.73,0.0,0.0,90,Haze,haze,2146
2013-02-10 11:00:00,271.14,0.0,0.0,90,Haze,haze,2177
2013-02-10 13:00:00,271.94,0.0,0.0,90,Haze,haze,2059
2013-02-10 14:00:00,272.32,0.0,0.0,90,Mist,mist,2212
2013-02-10 14:00:00,272.32,0.0,0.0,90,Haze,haze,2212
2013-02-10 16:00:00,272.6,0.0,0.0,90,Mist,mist,2460
2013-02-10 16:00:00,272.6,0.0,0.0,90,Haze,haze,2460
2013-02-10 17:00:00,272.46,0.0,0.0,90,Mist,mist,2230
2013-02-10 17:00:00,272.46,0.0,0.0,90,Haze,haze,2230
2013-02-10 19:00:00,271.98,0.0,0.0,90,Mist,mist,1539
2013-02-10 20:00:00,271.83,0.0,0.0,90,Mist,mist,1330
2013-02-10 22:00:00,271.6,0.0,0.0,90,Mist,mist,1021
2013-02-10 23:00:00,271.37,0.0,0.0,90,Mist,mist,723
2013-02-11 01:00:00,271.04,0.0,0.0,90,Haze,haze,252
2013-02-11 01:00:00,271.04,0.0,0.0,90,Mist,mist,252
2013-02-11 02:00:00,271.13,0.0,0.0,90,Mist,mist,265
2013-02-11 02:00:00,271.13,0.0,0.0,90,Haze,haze,265
2013-02-11 04:00:00,271.0,0.0,0.0,90,Snow,heavy snow,807
2013-02-11 04:00:00,271.0,0.0,0.0,90,Mist,mist,807
2013-02-11 04:00:00,271.0,0.0,0.0,90,Haze,haze,807
2013-02-11 05:00:00,270.86,0.0,0.0,90,Snow,heavy snow,2419
2013-02-11 05:00:00,270.86,0.0,0.0,90,Mist,mist,2419
2013-02-11 05:00:00,270.86,0.0,0.0,90,Haze,haze,2419
2013-02-11 07:00:00,270.82,0.0,0.0,90,Mist,mist,5325
2013-02-11 07:00:00,270.82,0.0,0.0,90,Haze,haze,5325
2013-02-11 07:00:00,270.82,0.0,0.0,90,Snow,heavy snow,5325
2013-02-11 08:00:00,270.82,0.0,0.0,90,Mist,mist,5032
2013-02-11 08:00:00,270.82,0.0,0.0,90,Haze,haze,5032
2013-02-11 08:00:00,270.82,0.0,0.0,90,Snow,heavy snow,5032
2013-02-11 10:00:00,271.57,0.0,0.0,90,Mist,mist,3866
2013-02-11 10:00:00,271.57,0.0,0.0,90,Snow,heavy snow,3866
2013-02-11 10:00:00,271.57,0.0,0.0,90,Rain,freezing rain,3866
2013-02-11 10:00:00,271.57,0.0,0.0,90,Fog,fog,3866
2013-02-11 10:00:00,271.57,0.0,0.0,90,Snow,snow,3866
2013-02-11 11:00:00,272.0,0.0,0.0,90,Mist,mist,3959
2013-02-11 11:00:00,272.0,0.0,0.0,90,Snow,heavy snow,3959
2013-02-11 11:00:00,272.0,0.0,0.0,90,Snow,snow,3959
2013-02-11 11:00:00,272.0,0.0,0.0,90,Fog,fog,3959
2013-02-11 13:00:00,272.54,0.0,0.0,90,Snow,heavy snow,4200
2013-02-11 13:00:00,272.54,0.0,0.0,90,Mist,mist,4200
2013-02-11 13:00:00,272.54,0.0,0.0,90,Snow,snow,4200
2013-02-11 13:00:00,272.54,0.0,0.0,90,Fog,fog,4200
2013-02-11 14:00:00,272.91,0.0,0.0,90,Snow,heavy snow,4723
2013-02-11 14:00:00,272.91,0.0,0.0,90,Mist,mist,4723
2013-02-11 14:00:00,272.91,0.0,0.0,90,Snow,snow,4723
2013-02-11 15:00:00,273.32,0.0,0.0,90,Mist,mist,5177
2013-02-11 15:00:00,273.32,0.0,0.0,90,Snow,heavy snow,5177
2013-02-11 16:00:00,273.41,0.0,0.0,90,Mist,mist,6202
2013-02-11 16:00:00,273.41,0.0,0.0,90,Snow,heavy snow,6202
2013-02-11 16:00:00,273.41,0.0,0.0,90,Drizzle,light intensity drizzle,6202
2013-02-11 17:00:00,273.59,0.0,0.0,90,Mist,mist,5789
2013-02-11 17:00:00,273.59,0.0,0.0,90,Rain,light rain,5789
2013-02-11 17:00:00,273.59,0.0,0.0,90,Snow,heavy snow,5789
2013-02-11 18:00:00,273.46,0.0,0.0,90,Mist,mist,4095
2013-02-11 18:00:00,273.46,0.0,0.0,90,Snow,heavy snow,4095
2013-02-11 19:00:00,273.47,0.0,0.0,90,Rain,light rain,2782
2013-02-11 19:00:00,273.47,0.0,0.0,90,Mist,mist,2782
2013-02-11 19:00:00,273.47,0.0,0.0,90,Snow,heavy snow,2782
2013-02-11 20:00:00,273.14,0.0,0.0,90,Snow,heavy snow,2452
2013-02-11 20:00:00,273.14,0.0,0.0,90,Mist,mist,2452
2013-02-11 21:00:00,272.7,0.0,0.0,90,Snow,heavy snow,2060
2013-02-11 21:00:00,272.7,0.0,0.0,90,Mist,mist,2060
2013-02-11 22:00:00,272.61,0.0,0.0,90,Snow,heavy snow,1407
2013-02-11 22:00:00,272.61,0.0,0.0,90,Mist,mist,1407
2013-02-11 23:00:00,271.94,0.0,0.0,90,Snow,heavy snow,958
2013-02-11 23:00:00,271.94,0.0,0.0,90,Mist,mist,958
2013-02-12 00:00:00,271.76,0.0,0.0,90,Mist,mist,522
2013-02-12 00:00:00,271.76,0.0,0.0,90,Snow,heavy snow,522
2013-02-12 01:00:00,271.7,0.0,0.0,90,Mist,mist,332
2013-02-12 01:00:00,271.7,0.0,0.0,90,Snow,heavy snow,332
2013-02-12 02:00:00,271.51,0.0,0.0,90,Snow,heavy snow,289
2013-02-12 02:00:00,271.51,0.0,0.0,90,Mist,mist,289
2013-02-12 03:00:00,271.37,0.0,0.0,90,Snow,heavy snow,343
2013-02-12 03:00:00,271.37,0.0,0.0,90,Mist,mist,343
2013-02-12 04:00:00,270.92,0.0,0.0,90,Snow,heavy snow,782
2013-02-12 07:00:00,269.46,0.0,0.0,90,Snow,heavy snow,6655
2013-02-12 08:00:00,269.05,0.0,0.0,90,Snow,heavy snow,6198
2013-02-12 08:00:00,269.05,0.0,0.0,90,Mist,mist,6198
2013-02-12 09:00:00,269.47,0.0,0.0,90,Clouds,overcast clouds,5011
2013-02-12 10:00:00,269.6,0.0,0.0,90,Clouds,overcast clouds,4386
2013-02-12 11:00:00,269.8,0.0,0.0,90,Clouds,overcast clouds,4614
2013-02-12 12:00:00,270.13,0.0,0.0,90,Clouds,overcast clouds,4759
2013-02-12 13:00:00,269.95,0.0,0.0,90,Clouds,overcast clouds,4834
2013-02-12 14:00:00,269.8,0.0,0.0,90,Clouds,overcast clouds,5209
2013-02-12 15:00:00,269.15,0.0,0.0,90,Clouds,overcast clouds,5716
2013-02-12 16:00:00,269.03,0.0,0.0,90,Clouds,overcast clouds,6381
2013-02-12 17:00:00,268.41,0.0,0.0,90,Clouds,overcast clouds,6079
2013-02-12 18:00:00,268.54,0.0,0.0,90,Clouds,overcast clouds,4623
2013-02-12 19:00:00,267.15,0.0,0.0,90,Clouds,overcast clouds,3205
2013-02-12 21:00:00,267.15,0.0,0.0,90,Clouds,overcast clouds,2669
2013-02-12 22:00:00,267.15,0.0,0.0,90,Clouds,overcast clouds,1622
2013-02-13 00:00:00,263.47,0.0,0.0,0,Clear,sky is clear,559
2013-02-13 01:00:00,263.47,0.0,0.0,0,Clear,sky is clear,333
2013-02-13 02:00:00,263.47,0.0,0.0,0,Clear,sky is clear,264
2013-02-13 04:00:00,266.15,0.0,0.0,90,Snow,heavy snow,771
2013-02-13 05:00:00,263.66,0.0,0.0,4,Clear,sky is clear,2611
2013-02-13 06:00:00,266.15,0.0,0.0,40,Clouds,scattered clouds,5246
2013-02-13 08:00:00,266.9,0.0,0.0,77,Clouds,broken clouds,6544
2013-02-13 10:00:00,269.13,0.0,0.0,40,Clouds,scattered clouds,4559
2013-02-13 11:00:00,270.47,0.0,0.0,75,Clouds,broken clouds,4782
2013-02-13 13:00:00,273.11,0.0,0.0,20,Clouds,few clouds,5074
2013-02-13 14:00:00,273.89,0.0,0.0,20,Clouds,few clouds,5313
2013-02-13 15:00:00,274.06,0.0,0.0,1,Clear,sky is clear,5875
2013-02-13 16:00:00,273.5,0.0,0.0,1,Clear,sky is clear,6759
2013-02-13 17:00:00,272.41,0.0,0.0,20,Clouds,few clouds,6353
2013-02-13 18:00:00,270.79,0.0,0.0,20,Clouds,few clouds,4704
2013-02-13 19:00:00,269.95,0.0,0.0,20,Clouds,few clouds,3098
2013-02-13 20:00:00,269.58,0.0,0.0,40,Clouds,scattered clouds,2896
2013-02-13 21:00:00,269.01,0.0,0.0,75,Clouds,broken clouds,2344
2013-02-13 22:00:00,268.95,0.0,0.0,90,Clouds,overcast clouds,1663
2013-02-13 23:00:00,268.49,0.0,0.0,40,Clouds,scattered clouds,967
2013-02-14 00:00:00,268.26,0.0,0.0,20,Clouds,few clouds,567
2013-02-14 01:00:00,267.49,0.0,0.0,75,Clouds,broken clouds,375
2013-02-14 02:00:00,267.22,0.0,0.0,75,Clouds,broken clouds,278
2013-02-14 04:00:00,266.82,0.0,0.0,90,Clouds,overcast clouds,749
2013-02-14 05:00:00,266.62,0.0,0.0,75,Clouds,broken clouds,2527
2013-02-14 06:00:00,266.26,0.0,0.0,90,Clouds,overcast clouds,5016
2013-02-14 07:00:00,266.57,0.0,0.0,75,Clouds,broken clouds,5383
2013-02-14 08:00:00,266.98,0.0,0.0,90,Mist,mist,5433
2013-02-14 09:00:00,268.36,0.0,0.0,90,Clouds,overcast clouds,5493
2013-02-14 10:00:00,269.61,0.0,0.0,75,Clouds,broken clouds,4425
2013-02-14 11:00:00,271.94,0.0,0.0,90,Clouds,overcast clouds,4818
2013-02-14 12:00:00,274.06,0.0,0.0,75,Clouds,broken clouds,5026
2013-02-14 13:00:00,275.4,0.0,0.0,75,Clouds,broken clouds,5015
2013-02-14 14:00:00,276.03,0.0,0.0,75,Clouds,broken clouds,5493
2013-02-14 15:00:00,276.16,0.0,0.0,75,Clouds,broken clouds,6011
2013-02-14 16:00:00,275.7,0.0,0.0,90,Snow,heavy snow,6943
2013-02-14 17:00:00,274.97,0.0,0.0,90,Rain,light rain,6098
2013-02-14 17:00:00,274.97,0.0,0.0,90,Snow,heavy snow,6098
2013-02-14 18:00:00,274.25,0.0,0.0,90,Snow,heavy snow,4528
2013-02-14 19:00:00,274.01,0.0,0.0,90,Snow,heavy snow,3330
2013-02-14 19:00:00,274.01,0.0,0.0,90,Mist,mist,3330
2013-02-14 19:00:00,274.01,0.0,0.0,90,Rain,light rain,3330
2013-02-14 20:00:00,273.77,0.0,0.0,90,Snow,heavy snow,2909
2013-02-14 20:00:00,273.77,0.0,0.0,90,Mist,mist,2909
2013-02-14 20:00:00,273.77,0.0,0.0,90,Snow,snow,2909
2013-02-14 21:00:00,273.4,0.0,0.0,90,Snow,heavy snow,3005
2013-02-14 21:00:00,273.4,0.0,0.0,90,Mist,mist,3005
2013-02-14 22:00:00,273.45,0.0,0.0,90,Snow,heavy snow,3814
2013-02-14 22:00:00,273.45,0.0,0.0,90,Mist,mist,3814
2013-02-14 22:00:00,273.45,0.0,0.0,90,Fog,fog,3814
2013-02-14 22:00:00,273.45,0.0,0.0,90,Snow,snow,3814
2013-02-14 23:00:00,273.35,0.0,0.0,90,Snow,heavy snow,1613
2013-02-14 23:00:00,273.35,0.0,0.0,90,Mist,mist,1613
2013-02-14 23:00:00,273.35,0.0,0.0,90,Snow,snow,1613
2013-02-14 23:00:00,273.35,0.0,0.0,90,Fog,fog,1613
2013-02-15 00:00:00,273.44,0.0,0.0,90,Snow,heavy snow,792
2013-02-15 00:00:00,273.44,0.0,0.0,90,Mist,mist,792
2013-02-15 01:00:00,273.2,0.0,0.0,90,Snow,heavy snow,465
2013-02-15 01:00:00,273.2,0.0,0.0,90,Mist,mist,465
2013-02-15 02:00:00,272.5,0.0,0.0,90,Snow,heavy snow,349
2013-02-15 02:00:00,272.5,0.0,0.0,90,Mist,mist,349
2013-02-15 03:00:00,271.71,0.0,0.0,90,Snow,heavy snow,360
2013-02-15 03:00:00,271.71,0.0,0.0,90,Mist,mist,360
2013-02-15 04:00:00,271.0,0.0,0.0,90,Clouds,overcast clouds,732
2013-02-15 05:00:00,270.08,0.0,0.0,90,Clouds,overcast clouds,2364
2013-02-15 07:00:00,268.7,0.0,0.0,40,Clouds,scattered clouds,6660
2013-02-15 08:00:00,268.93,0.0,0.0,40,Mist,mist,5744
2013-02-15 10:00:00,270.47,0.0,0.0,75,Haze,haze,4742
2013-02-15 11:00:00,270.8,0.0,0.0,75,Clouds,broken clouds,5223
2013-02-15 13:00:00,271.12,0.0,0.0,90,Clouds,overcast clouds,5463
2013-02-15 14:00:00,271.08,0.0,0.0,75,Clouds,broken clouds,5748
2013-02-15 15:00:00,270.65,0.0,0.0,40,Clouds,scattered clouds,6129
2013-02-15 16:00:00,270.05,0.0,0.0,40,Clouds,scattered clouds,6497
2013-02-15 17:00:00,269.04,0.0,0.0,75,Clouds,broken clouds,5915
2013-02-15 18:00:00,268.03,0.0,0.0,75,Clouds,broken clouds,4668
2013-02-15 19:00:00,267.21,0.0,0.0,75,Clouds,broken clouds,3900
2013-02-15 20:00:00,266.1,0.0,0.0,40,Clouds,scattered clouds,3070
2013-02-15 21:00:00,264.9,0.0,0.0,20,Clouds,few clouds,2755
2013-02-15 22:00:00,264.38,0.0,0.0,20,Clouds,few clouds,2382
2013-02-15 23:00:00,263.26,0.0,0.0,1,Clear,sky is clear,2977
2013-02-16 00:00:00,262.21,0.0,0.0,20,Clouds,few clouds,1494
2013-02-16 01:00:00,261.41,0.0,0.0,90,Clouds,overcast clouds,757
2013-02-16 02:00:00,260.89,0.0,0.0,75,Clouds,broken clouds,567
2013-02-16 03:00:00,260.32,0.0,0.0,75,Clouds,broken clouds,341
2013-02-16 04:00:00,259.52,0.0,0.0,75,Clouds,broken clouds,402
2013-02-16 05:00:00,258.97,0.0,0.0,75,Clouds,broken clouds,689
2013-02-16 07:00:00,257.91,0.0,0.0,40,Clouds,scattered clouds,1856
2013-02-16 08:00:00,258.2,0.0,0.0,40,Clouds,scattered clouds,2807
2013-02-16 09:00:00,259.75,0.0,0.0,20,Clouds,few clouds,3798
2013-02-16 10:00:00,260.95,0.0,0.0,20,Clouds,few clouds,3963
2013-02-16 11:00:00,262.16,0.0,0.0,40,Clouds,scattered clouds,4292
2013-02-16 12:00:00,263.37,0.0,0.0,20,Clouds,few clouds,4673
2013-02-16 13:00:00,264.17,0.0,0.0,20,Clouds,few clouds,4689
2013-02-16 14:00:00,264.73,0.0,0.0,1,Clear,sky is clear,4637
2013-02-16 15:00:00,264.76,0.0,0.0,1,Clear,sky is clear,4726
2013-02-16 16:00:00,264.7,0.0,0.0,1,Clear,sky is clear,4880
2013-02-16 17:00:00,264.08,0.0,0.0,1,Clear,sky is clear,4436
2013-02-16 18:00:00,262.08,0.0,0.0,1,Clear,sky is clear,4072
2013-02-16 19:00:00,261.76,0.0,0.0,1,Clear,sky is clear,3560
2013-02-16 20:00:00,260.74,0.0,0.0,1,Clear,sky is clear,2990
2013-02-16 21:00:00,259.9,0.0,0.0,1,Clear,sky is clear,3045
2013-02-16 22:00:00,258.89,0.0,0.0,1,Clear,sky is clear,2642
2013-02-16 23:00:00,258.1,0.0,0.0,1,Clear,sky is clear,1785
2013-02-17 01:00:00,256.54,0.0,0.0,1,Clear,sky is clear,740
2013-02-17 02:00:00,256.66,0.0,0.0,75,Mist,mist,613
2013-02-17 04:00:00,256.84,0.0,0.0,40,Snow,heavy snow,268
2013-02-17 05:00:00,256.71,0.0,0.0,90,Snow,heavy snow,426
2013-02-17 07:00:00,256.8,0.0,0.0,90,Mist,mist,962
2013-02-17 07:00:00,256.8,0.0,0.0,90,Snow,heavy snow,962
2013-02-17 08:00:00,257.14,0.0,0.0,20,Mist,mist,1647
2013-02-17 08:00:00,257.14,0.0,0.0,20,Fog,fog,1647
2013-02-17 08:00:00,257.14,0.0,0.0,20,Snow,heavy snow,1647
2013-02-17 10:00:00,260.29,0.0,0.0,75,Haze,haze,3234
2013-02-17 10:00:00,260.29,0.0,0.0,75,Mist,mist,3234
2013-02-17 10:00:00,260.29,0.0,0.0,75,Snow,heavy snow,3234
2013-02-17 11:00:00,261.29,0.0,0.0,75,Haze,haze,3580
2013-02-17 11:00:00,261.29,0.0,0.0,75,Snow,heavy snow,3580
2013-02-17 12:00:00,262.66,0.0,0.0,40,Snow,heavy snow,4143
2013-02-17 13:00:00,264.09,0.0,0.0,20,Clouds,few clouds,4312
2013-02-17 14:00:00,264.76,0.0,0.0,20,Clouds,few clouds,4422
2013-02-17 15:00:00,265.53,0.0,0.0,1,Clear,sky is clear,4165
2013-02-17 16:00:00,265.25,0.0,0.0,20,Clouds,few clouds,4208
2013-02-17 17:00:00,264.49,0.0,0.0,20,Clouds,few clouds,4030
2013-02-17 18:00:00,262.45,0.0,0.0,20,Clouds,few clouds,3830
2013-02-17 19:00:00,260.51,0.0,0.0,20,Clouds,few clouds,4139
2013-02-17 20:00:00,260.07,0.0,0.0,1,Clear,sky is clear,3369
2013-02-17 21:00:00,259.14,0.0,0.0,1,Clear,sky is clear,2185
2013-02-17 22:00:00,258.34,0.0,0.0,20,Clouds,few clouds,1672
2013-02-17 23:00:00,258.91,0.0,0.0,20,Clouds,few clouds,985
2013-02-18 00:00:00,258.96,0.0,0.0,20,Clouds,few clouds,556
2013-02-18 01:00:00,259.55,0.0,0.0,20,Clouds,few clouds,379
2013-02-18 02:00:00,260.17,0.0,0.0,90,Clouds,overcast clouds,338
2013-02-18 03:00:00,260.61,0.0,0.0,40,Clouds,scattered clouds,295
2013-02-18 04:00:00,260.52,0.0,0.0,75,Clouds,broken clouds,735
2013-02-18 05:00:00,260.75,0.0,0.0,1,Clear,sky is clear,2231
2013-02-18 06:00:00,260.88,0.0,0.0,1,Clear,sky is clear,4570
2013-02-18 07:00:00,261.12,0.0,0.0,20,Clouds,few clouds,5512
2013-02-18 08:00:00,262.21,0.0,0.0,75,Clouds,broken clouds,4718
2013-02-18 09:00:00,264.41,0.0,0.0,40,Clouds,scattered clouds,4103
2013-02-18 10:00:00,266.65,0.0,0.0,40,Clouds,scattered clouds,3974
2013-02-18 11:00:00,268.52,0.0,0.0,75,Clouds,broken clouds,4277
2013-02-18 12:00:00,270.45,0.0,0.0,75,Clouds,broken clouds,4680
2013-02-18 13:00:00,271.26,0.0,0.0,75,Clouds,broken clouds,4677
2013-02-18 14:00:00,272.14,0.0,0.0,75,Clouds,broken clouds,4876
2013-02-18 15:00:00,272.33,0.0,0.0,90,Clouds,overcast clouds,5046
2013-02-18 16:00:00,272.48,0.0,0.0,75,Clouds,broken clouds,5466
2013-02-18 17:00:00,272.13,0.0,0.0,90,Clouds,overcast clouds,5066
2013-02-18 18:00:00,271.84,0.0,0.0,90,Clouds,overcast clouds,3825
2013-02-18 19:00:00,271.57,0.0,0.0,90,Clouds,overcast clouds,2816
2013-02-18 20:00:00,271.43,0.0,0.0,90,Clouds,overcast clouds,2281
2013-02-18 21:00:00,271.25,0.0,0.0,90,Clouds,overcast clouds,2062
2013-02-18 22:00:00,271.34,0.0,0.0,90,Clouds,overcast clouds,1415
2013-02-18 23:00:00,271.47,0.0,0.0,1,Clear,sky is clear,911
2013-02-19 00:00:00,271.34,0.0,0.0,75,Clouds,broken clouds,470
2013-02-19 01:00:00,271.07,0.0,0.0,75,Clouds,broken clouds,292
2013-02-19 02:00:00,271.25,0.0,0.0,75,Clouds,broken clouds,235
2013-02-19 04:00:00,271.41,0.0,0.0,90,Clouds,overcast clouds,776
2013-02-19 05:00:00,271.35,0.0,0.0,90,Clouds,overcast clouds,2638
2013-02-19 06:00:00,271.23,0.0,0.0,90,Clouds,overcast clouds,5741
2013-02-19 07:00:00,270.99,0.0,0.0,90,Clouds,overcast clouds,6996
2013-02-19 08:00:00,271.63,0.0,0.0,90,Haze,haze,6008
2013-02-19 10:00:00,273.17,0.0,0.0,90,Haze,haze,4273
2013-02-19 10:00:00,273.17,0.0,0.0,90,Mist,mist,4273
2013-02-19 11:00:00,272.49,0.0,0.0,90,Mist,mist,4493
2013-02-19 11:00:00,272.49,0.0,0.0,90,Haze,haze,4493
2013-02-19 13:00:00,269.77,0.0,0.0,90,Clouds,overcast clouds,4756
2013-02-19 14:00:00,268.33,0.0,0.0,90,Clouds,overcast clouds,5120
2013-02-19 16:00:00,265.84,0.0,0.0,90,Clouds,overcast clouds,6425
2013-02-19 17:00:00,264.7,0.0,0.0,90,Clouds,overcast clouds,5936
2013-02-19 19:00:00,262.6,0.0,0.0,90,Snow,heavy snow,3126
2013-02-19 20:00:00,261.95,0.0,0.0,90,Snow,heavy snow,2731
2013-02-19 21:00:00,261.02,0.0,0.0,90,Snow,heavy snow,2343
2013-02-19 21:00:00,261.02,0.0,0.0,90,Mist,mist,2343
2013-02-19 22:00:00,260.51,0.0,0.0,90,Snow,heavy snow,1489
2013-02-20 01:00:00,259.29,0.0,0.0,90,Snow,heavy snow,295
2013-02-20 02:00:00,258.89,0.0,0.0,75,Snow,heavy snow,220
2013-02-20 04:00:00,258.07,0.0,0.0,75,Snow,heavy snow,751
2013-02-20 05:00:00,257.83,0.0,0.0,75,Haze,haze,2560
2013-02-20 07:00:00,256.5,0.0,0.0,75,Clouds,broken clouds,5909
2013-02-20 08:00:00,256.3,0.0,0.0,75,Snow,heavy snow,6125
2013-02-20 10:00:00,257.4,0.0,0.0,40,Haze,haze,4334
2013-02-20 11:00:00,258.06,0.0,0.0,40,Haze,haze,4608
2013-02-20 13:00:00,259.21,0.0,0.0,1,Clear,sky is clear,4964
2013-02-20 14:00:00,259.44,0.0,0.0,1,Clear,sky is clear,5276
2013-02-20 16:00:00,259.24,0.0,0.0,1,Clear,sky is clear,6723
2013-02-20 17:00:00,258.95,0.0,0.0,1,Clear,sky is clear,6153
2013-02-20 19:00:00,257.41,0.0,0.0,1,Clear,sky is clear,3234
2013-02-20 20:00:00,257.06,0.0,0.0,1,Clear,sky is clear,2987
2013-02-20 22:00:00,256.0,0.0,0.0,1,Clear,sky is clear,1635
2013-02-20 23:00:00,255.38,0.0,0.0,1,Clear,sky is clear,1034
2013-02-21 01:00:00,254.45,0.0,0.0,1,Clear,sky is clear,326
2013-02-21 02:00:00,254.19,0.0,0.0,1,Clear,sky is clear,244
2013-02-21 04:00:00,253.08,0.0,0.0,1,Clear,sky is clear,791
2013-02-21 05:00:00,252.49,0.0,0.0,1,Clear,sky is clear,2607
2013-02-21 06:00:00,252.21,0.0,0.0,1,Clear,sky is clear,5685
2013-02-21 07:00:00,251.51,0.0,0.0,1,Clear,sky is clear,6986
2013-02-21 08:00:00,252.97,0.0,0.0,1,Clear,sky is clear,6250
2013-02-21 11:00:00,258.84,0.0,0.0,20,Snow,heavy snow,4654
2013-02-21 12:00:00,260.22,0.0,0.0,20,Clouds,few clouds,5044
2013-02-21 13:00:00,260.53,0.0,0.0,1,Clear,sky is clear,5206
2013-02-21 14:00:00,262.02,0.0,0.0,57,Clouds,broken clouds,5484
2013-02-21 15:00:00,264.1,0.0,0.0,57,Clouds,broken clouds,6103
2013-02-21 16:00:00,263.7,0.0,0.0,1,Clear,sky is clear,6619
2013-02-21 17:00:00,263.51,0.0,0.0,90,Clouds,overcast clouds,6148
2013-02-21 18:00:00,262.95,0.0,0.0,90,Clouds,overcast clouds,4707
2013-02-21 19:00:00,262.2,0.0,0.0,90,Clouds,overcast clouds,3431
2013-02-21 20:00:00,261.15,0.0,0.0,90,Clouds,overcast clouds,3030
2013-02-21 21:00:00,260.55,0.0,0.0,90,Clouds,overcast clouds,2695
2013-02-21 22:00:00,259.95,0.0,0.0,90,Clouds,overcast clouds,2049
2013-02-21 23:00:00,259.62,0.0,0.0,1,Clear,sky is clear,1196
2013-02-22 00:00:00,259.06,0.0,0.0,81,Clouds,broken clouds,682
2013-02-22 01:00:00,258.25,0.0,0.0,75,Clouds,broken clouds,373
2013-02-22 02:00:00,257.63,0.0,0.0,75,Clouds,broken clouds,309
2013-02-22 03:00:00,258.18,0.0,0.0,75,Clouds,broken clouds,406
2013-02-22 04:00:00,257.73,0.0,0.0,1,Clear,sky is clear,861
2013-02-22 05:00:00,257.3,0.0,0.0,70,Clouds,broken clouds,2358
2013-02-22 06:00:00,258.27,0.0,0.0,1,Clear,sky is clear,4068
2013-02-22 07:00:00,258.13,0.0,0.0,40,Clouds,scattered clouds,3675
2013-02-22 08:00:00,258.12,0.0,0.0,75,Clouds,broken clouds,3310
2013-02-22 09:00:00,260.19,0.0,0.0,75,Clouds,broken clouds,3870
2013-02-22 10:00:00,262.06,0.0,0.0,75,Clouds,broken clouds,3479
2013-02-22 11:00:00,263.69,0.0,0.0,75,Clouds,broken clouds,3541
2013-02-22 12:00:00,265.24,0.0,0.0,75,Clouds,broken clouds,4132
2013-02-22 13:00:00,266.07,0.0,0.0,75,Clouds,broken clouds,4476
2013-02-22 14:00:00,266.69,0.0,0.0,90,Clouds,overcast clouds,4913
2013-02-22 15:00:00,266.69,0.0,0.0,90,Clouds,overcast clouds,5254
2013-02-22 16:00:00,266.83,0.0,0.0,90,Clouds,overcast clouds,5830
2013-02-22 17:00:00,266.95,0.0,0.0,90,Clouds,overcast clouds,5433
2013-02-22 18:00:00,266.9,0.0,0.0,90,Clouds,overcast clouds,4421
2013-02-22 19:00:00,266.85,0.0,0.0,90,Clouds,overcast clouds,3254
2013-02-22 20:00:00,266.99,0.0,0.0,90,Clouds,overcast clouds,2759
2013-02-22 21:00:00,266.99,0.0,0.0,90,Clouds,overcast clouds,2566
2013-02-22 22:00:00,267.16,0.0,0.0,90,Clouds,overcast clouds,2203
2013-02-22 23:00:00,267.08,0.0,0.0,90,Clouds,overcast clouds,1559
2013-02-23 00:00:00,266.99,0.0,0.0,90,Snow,heavy snow,1059
2013-02-23 01:00:00,266.94,0.0,0.0,90,Snow,heavy snow,829
2013-02-23 02:00:00,266.84,0.0,0.0,90,Snow,heavy snow,545
2013-02-23 02:00:00,266.84,0.0,0.0,90,Mist,mist,545
2013-02-23 03:00:00,266.42,0.0,0.0,90,Snow,heavy snow,367
2013-02-23 03:00:00,266.42,0.0,0.0,90,Mist,mist,367
2013-02-23 03:00:00,266.42,0.0,0.0,90,Snow,snow,367
2013-02-23 04:00:00,266.37,0.0,0.0,90,Snow,heavy snow,387
2013-02-23 04:00:00,266.37,0.0,0.0,90,Mist,mist,387
2013-02-23 04:00:00,266.37,0.0,0.0,90,Snow,snow,387
2013-02-23 04:00:00,266.37,0.0,0.0,90,Fog,fog,387
2013-02-23 05:00:00,266.63,0.0,0.0,90,Snow,heavy snow,664
2013-02-23 05:00:00,266.63,0.0,0.0,90,Mist,mist,664
2013-02-23 05:00:00,266.63,0.0,0.0,90,Snow,snow,664
2013-02-23 06:00:00,266.63,0.0,0.0,90,Snow,heavy snow,1188
2013-02-23 06:00:00,266.63,0.0,0.0,90,Mist,mist,1188
2013-02-23 07:00:00,266.63,0.0,0.0,90,Snow,heavy snow,1943
2013-02-23 07:00:00,266.63,0.0,0.0,90,Mist,mist,1943
2013-02-23 08:00:00,266.63,0.0,0.0,90,Snow,heavy snow,2976
2013-02-23 08:00:00,266.63,0.0,0.0,90,Mist,mist,2976
2013-02-23 08:00:00,266.63,0.0,0.0,90,Snow,snow,2976
2013-02-23 08:00:00,266.63,0.0,0.0,90,Fog,fog,2976
2013-02-23 09:00:00,267.23,0.0,0.0,90,Snow,heavy snow,3524
2013-02-23 09:00:00,267.23,0.0,0.0,90,Mist,mist,3524
2013-02-23 10:00:00,268.07,0.0,0.0,90,Snow,heavy snow,3890
2013-02-23 10:00:00,268.07,0.0,0.0,90,Mist,mist,3890
2013-02-23 11:00:00,269.13,0.0,0.0,90,Snow,heavy snow,4212
2013-02-23 12:00:00,269.74,0.0,0.0,90,Snow,heavy snow,4600
2013-02-23 13:00:00,269.95,0.0,0.0,97,Clouds,overcast clouds,4455
2013-02-23 14:00:00,270.36,0.0,0.0,90,Snow,heavy snow,4776
2013-02-23 15:00:00,270.3,0.0,0.0,90,Snow,heavy snow,4492
2013-02-23 16:00:00,270.0,0.0,0.0,90,Snow,heavy snow,4588
2013-02-23 17:00:00,269.65,0.0,0.0,90,Snow,heavy snow,4725
2013-02-23 18:00:00,269.31,0.0,0.0,90,Snow,heavy snow,4301
2013-02-23 19:00:00,269.23,0.0,0.0,90,Snow,heavy snow,3394
2013-02-23 20:00:00,268.76,0.0,0.0,90,Snow,heavy snow,2782
2013-02-23 21:00:00,268.43,0.0,0.0,90,Snow,heavy snow,2929
2013-02-23 22:00:00,268.01,0.0,0.0,90,Snow,heavy snow,2441
2013-02-23 23:00:00,266.96,0.0,0.0,90,Snow,heavy snow,1799
2013-02-24 00:00:00,266.87,0.0,0.0,90,Snow,heavy snow,1093
2013-02-24 01:00:00,266.35,0.0,0.0,90,Snow,heavy snow,785
2013-02-24 02:00:00,266.74,0.0,0.0,90,Snow,heavy snow,612
2013-02-24 03:00:00,266.56,0.0,0.0,90,Snow,heavy snow,368
2013-02-24 04:00:00,266.51,0.0,0.0,90,Snow,heavy snow,252
2013-02-24 05:00:00,266.81,0.0,0.0,90,Mist,mist,454
2013-02-24 05:00:00,266.81,0.0,0.0,90,Snow,heavy snow,454
2013-02-24 06:00:00,266.8,0.0,0.0,90,Snow,heavy snow,696
2013-02-24 06:00:00,266.8,0.0,0.0,90,Mist,mist,696
2013-02-24 07:00:00,266.8,0.0,0.0,90,Snow,heavy snow,996
2013-02-24 07:00:00,266.8,0.0,0.0,90,Mist,mist,996
2013-02-24 08:00:00,267.12,0.0,0.0,90,Mist,mist,1633
2013-02-24 08:00:00,267.12,0.0,0.0,90,Snow,heavy snow,1633
2013-02-24 09:00:00,267.79,0.0,0.0,90,Mist,mist,2341
2013-02-24 10:00:00,268.82,0.0,0.0,90,Mist,mist,3229
2013-02-24 11:00:00,270.03,0.0,0.0,90,Mist,mist,3488
2013-02-24 11:00:00,270.03,0.0,0.0,90,Haze,haze,3488
2013-02-24 12:00:00,271.01,0.0,0.0,90,Haze,haze,3873
2013-02-24 13:00:00,271.44,0.0,0.0,90,Clouds,overcast clouds,4204
2013-02-24 14:00:00,271.54,0.0,0.0,75,Clouds,broken clouds,4277
2013-02-24 15:00:00,271.47,0.0,0.0,75,Clouds,broken clouds,4073
2013-02-24 16:00:00,271.23,0.0,0.0,75,Clouds,broken clouds,4473
2013-02-24 17:00:00,270.62,0.0,0.0,75,Clouds,broken clouds,3845
2013-02-24 18:00:00,269.02,0.0,0.0,75,Clouds,broken clouds,3509
2013-02-24 19:00:00,267.95,0.0,0.0,90,Clouds,overcast clouds,2693
2013-02-24 20:00:00,267.49,0.0,0.0,90,Clouds,overcast clouds,2191
2013-02-24 21:00:00,267.2,0.0,0.0,90,Mist,mist,1837
2013-02-24 22:00:00,266.09,0.0,0.0,75,Mist,mist,1289
2013-02-24 23:00:00,265.72,0.0,0.0,90,Clouds,overcast clouds,1056
2013-02-25 00:00:00,264.4,0.0,0.0,90,Clouds,overcast clouds,472
2013-02-25 01:00:00,263.42,0.0,0.0,40,Haze,haze,260
2013-02-25 01:00:00,263.42,0.0,0.0,40,Mist,mist,260
2013-02-25 02:00:00,262.5,0.0,0.0,75,Mist,mist,229
2013-02-25 03:00:00,262.43,0.0,0.0,90,Mist,mist,291
2013-02-25 03:00:00,262.43,0.0,0.0,90,Fog,fog,291
2013-02-25 04:00:00,261.73,0.0,0.0,90,Mist,mist,778
2013-02-25 05:00:00,261.44,0.0,0.0,40,Mist,mist,2459
2013-02-25 05:00:00,261.44,0.0,0.0,40,Haze,haze,2459
2013-02-25 05:00:00,261.44,0.0,0.0,40,Fog,fog,2459
2013-02-25 05:00:00,261.44,0.0,0.0,40,Snow,heavy snow,2459
2013-02-25 06:00:00,259.4,0.0,0.0,20,Mist,mist,5615
2013-02-25 06:00:00,259.4,0.0,0.0,20,Haze,haze,5615
2013-02-25 06:00:00,259.4,0.0,0.0,20,Snow,heavy snow,5615
2013-02-25 07:00:00,259.36,0.0,0.0,20,Mist,mist,6920
2013-02-25 10:00:00,266.09,0.0,0.0,90,Haze,haze,4232
2013-02-25 10:00:00,266.09,0.0,0.0,90,Mist,mist,4232
2013-02-25 11:00:00,268.76,0.0,0.0,90,Haze,haze,4271
2013-02-25 11:00:00,268.76,0.0,0.0,90,Mist,mist,4271
2013-02-25 12:00:00,271.5,0.0,0.0,90,Clouds,overcast clouds,4734
2013-02-25 14:00:00,273.43,0.0,0.0,90,Clouds,overcast clouds,5108
2013-02-25 15:00:00,273.78,0.0,0.0,75,Clouds,broken clouds,5535
2013-02-25 16:00:00,273.43,0.0,0.0,75,Clouds,broken clouds,6374
2013-02-25 17:00:00,272.71,0.0,0.0,75,Clouds,broken clouds,5941
2013-02-25 18:00:00,271.03,0.0,0.0,40,Clouds,scattered clouds,4384
2013-02-25 19:00:00,269.29,0.0,0.0,20,Clouds,few clouds,2940
2013-02-25 20:00:00,268.38,0.0,0.0,40,Clouds,scattered clouds,2545
2013-02-25 21:00:00,267.49,0.0,0.0,40,Mist,mist,2079
2013-02-25 22:00:00,266.57,0.0,0.0,20,Mist,mist,1457
2013-02-25 23:00:00,266.03,0.0,0.0,90,Haze,haze,910
2013-02-25 23:00:00,266.03,0.0,0.0,90,Mist,mist,910
2013-02-26 00:00:00,266.66,0.0,0.0,90,Clouds,overcast clouds,495
2013-02-26 01:00:00,268.17,0.0,0.0,90,Clouds,overcast clouds,293
2013-02-26 02:00:00,268.31,0.0,0.0,90,Haze,haze,229
2013-02-26 03:00:00,268.56,0.0,0.0,90,Mist,mist,298
2013-02-26 04:00:00,268.77,0.0,0.0,90,Haze,haze,808
2013-02-26 05:00:00,268.39,0.0,0.0,90,Haze,haze,2572
2013-02-26 06:00:00,268.7,0.0,0.0,90,Haze,haze,5886
2013-02-26 08:00:00,268.97,0.0,0.0,90,Haze,haze,6219
2013-02-26 08:00:00,268.97,0.0,0.0,90,Mist,mist,6219
2013-02-26 09:00:00,269.92,0.0,0.0,90,Haze,haze,5134
2013-02-26 09:00:00,269.92,0.0,0.0,90,Mist,mist,5134
2013-02-26 10:00:00,270.95,0.0,0.0,90,Haze,haze,4398
2013-02-26 11:00:00,271.93,0.0,0.0,90,Haze,haze,4557
2013-02-26 12:00:00,273.08,0.0,0.0,90,Haze,haze,4791
2013-02-26 13:00:00,274.19,0.0,0.0,90,Haze,haze,4821
2013-02-26 14:00:00,274.38,0.0,0.0,75,Haze,haze,5162
2013-02-26 15:00:00,274.46,0.0,0.0,1,Haze,haze,5948
2013-02-26 16:00:00,274.28,0.0,0.0,20,Haze,haze,6776
2013-02-26 17:00:00,273.65,0.0,0.0,20,Haze,haze,6543
2013-02-26 18:00:00,272.43,0.0,0.0,1,Haze,haze,4564
2013-02-26 19:00:00,271.44,0.0,0.0,1,Haze,haze,3184
2013-02-26 20:00:00,268.98,0.0,0.0,1,Haze,haze,2818
2013-02-26 20:00:00,268.98,0.0,0.0,1,Mist,mist,2818
2013-02-26 21:00:00,267.46,0.0,0.0,1,Mist,mist,3406
2013-02-26 21:00:00,267.46,0.0,0.0,1,Haze,haze,3406
2013-02-26 22:00:00,266.32,0.0,0.0,1,Haze,haze,3111
2013-02-26 22:00:00,266.32,0.0,0.0,1,Mist,mist,3111
2013-02-26 23:00:00,265.01,0.0,0.0,1,Mist,mist,1203
2013-02-27 00:00:00,265.08,0.0,0.0,1,Mist,mist,592
2013-02-27 02:00:00,264.05,0.0,0.0,1,Mist,mist,263
2013-02-27 02:00:00,264.05,0.0,0.0,1,Fog,fog,263
2013-02-27 03:00:00,263.9,0.0,0.0,1,Mist,mist,296
2013-02-27 03:00:00,263.9,0.0,0.0,1,Fog,fog,296
2013-02-27 04:00:00,264.15,0.0,0.0,90,Mist,mist,773
2013-02-27 04:00:00,264.15,0.0,0.0,90,Fog,fog,773
2013-02-27 05:00:00,264.0,0.0,0.0,1,Mist,mist,2604
2013-02-27 05:00:00,264.0,0.0,0.0,1,Fog,fog,2604
2013-02-27 06:00:00,264.72,0.0,0.0,90,Mist,mist,5881
2013-02-27 06:00:00,264.72,0.0,0.0,90,Fog,fog,5881
2013-02-27 07:00:00,264.42,0.0,0.0,40,Mist,mist,7067
2013-02-27 07:00:00,264.42,0.0,0.0,40,Fog,fog,7067
2013-02-27 08:00:00,265.16,0.0,0.0,90,Mist,mist,6128
2013-02-27 08:00:00,265.16,0.0,0.0,90,Fog,fog,6128
2013-02-27 09:00:00,267.73,0.0,0.0,90,Haze,haze,5156
2013-02-27 09:00:00,267.73,0.0,0.0,90,Mist,mist,5156
2013-02-27 09:00:00,267.73,0.0,0.0,90,Fog,fog,5156
2013-02-27 10:00:00,269.5,0.0,0.0,90,Mist,mist,4595
2013-02-27 10:00:00,269.5,0.0,0.0,90,Haze,haze,4595
2013-02-27 11:00:00,271.0,0.0,0.0,90,Haze,haze,4691
2013-02-27 11:00:00,271.0,0.0,0.0,90,Mist,mist,4691
2013-02-27 12:00:00,272.63,0.0,0.0,75,Haze,haze,4965
2013-02-27 13:00:00,274.07,0.0,0.0,40,Haze,haze,4899
2013-02-27 14:00:00,274.62,0.0,0.0,75,Haze,haze,5199
2013-02-27 15:00:00,274.6,0.0,0.0,90,Clouds,overcast clouds,5763
2013-02-27 16:00:00,274.65,0.0,0.0,75,Clouds,broken clouds,6688
2013-02-27 17:00:00,274.56,0.0,0.0,90,Clouds,overcast clouds,6178
2013-02-27 18:00:00,274.1,0.0,0.0,90,Clouds,overcast clouds,4580
2013-02-27 19:00:00,273.87,0.0,0.0,90,Clouds,overcast clouds,3395
2013-02-27 20:00:00,274.09,0.0,0.0,90,Clouds,overcast clouds,3056
2013-02-27 21:00:00,273.39,0.0,0.0,90,Clouds,overcast clouds,2642
2013-02-27 22:00:00,272.5,0.0,0.0,90,Clouds,overcast clouds,1771
2013-02-27 23:00:00,272.08,0.0,0.0,90,Clouds,overcast clouds,1150
2013-02-28 00:00:00,271.61,0.0,0.0,75,Clouds,broken clouds,659
2013-02-28 01:00:00,271.39,0.0,0.0,90,Clouds,overcast clouds,325
2013-02-28 02:00:00,271.3,0.0,0.0,90,Clouds,overcast clouds,256
2013-02-28 03:00:00,271.22,0.0,0.0,90,Clouds,overcast clouds,335
2013-02-28 04:00:00,271.21,0.0,0.0,90,Clouds,overcast clouds,767
2013-02-28 05:00:00,271.18,0.0,0.0,90,Clouds,overcast clouds,2579
2013-02-28 06:00:00,271.04,0.0,0.0,90,Clouds,overcast clouds,5853
2013-02-28 07:00:00,270.96,0.0,0.0,90,Clouds,overcast clouds,7029
2013-02-28 13:00:00,276.25,0.0,0.0,75,Clouds,broken clouds,5242
2013-02-28 14:00:00,276.94,0.0,0.0,75,Clouds,broken clouds,5709
2013-02-28 15:00:00,276.74,0.0,0.0,75,Clouds,broken clouds,6356
2013-02-28 16:00:00,276.08,0.0,0.0,90,Clouds,overcast clouds,6721
2013-02-28 17:00:00,275.0,0.0,0.0,90,Clouds,overcast clouds,6304
2013-02-28 18:00:00,273.65,0.0,0.0,90,Clouds,overcast clouds,4858
2013-02-28 19:00:00,272.48,0.0,0.0,90,Clouds,overcast clouds,3677
2013-02-28 20:00:00,271.84,0.0,0.0,90,Clouds,overcast clouds,3048
2013-02-28 21:00:00,271.35,0.0,0.0,75,Clouds,broken clouds,3465
2013-02-28 22:00:00,270.79,0.0,0.0,90,Clouds,overcast clouds,2191
2013-02-28 23:00:00,270.79,0.0,0.0,90,Clouds,overcast clouds,1336
2013-03-01 00:00:00,270.71,0.0,0.0,75,Clouds,broken clouds,713
2013-03-01 01:00:00,270.89,0.0,0.0,75,Clouds,broken clouds,395
2013-03-01 02:00:00,271.28,0.0,0.0,90,Clouds,overcast clouds,345
2013-03-01 03:00:00,271.66,0.0,0.0,90,Clouds,overcast clouds,357
2013-03-01 04:00:00,271.71,0.0,0.0,90,Clouds,overcast clouds,748
2013-03-01 05:00:00,271.71,0.0,0.0,90,Clouds,overcast clouds,2433
2013-03-01 06:00:00,271.52,0.0,0.0,90,Clouds,overcast clouds,5452
2013-03-01 07:00:00,271.48,0.0,0.0,90,Clouds,overcast clouds,6864
2013-03-01 08:00:00,271.34,0.0,0.0,90,Clouds,overcast clouds,6144
2013-03-01 10:00:00,271.1,0.0,0.0,90,Snow,heavy snow,4861
2013-03-01 11:00:00,271.25,0.0,0.0,90,Snow,heavy snow,5373
2013-03-01 12:00:00,271.52,0.0,0.0,90,Snow,heavy snow,5692
2013-03-01 13:00:00,271.75,0.0,0.0,90,Clouds,overcast clouds,5626
2013-03-01 14:00:00,271.7,0.0,0.0,90,Clouds,overcast clouds,5803
2013-03-01 15:00:00,271.65,0.0,0.0,90,Clouds,overcast clouds,6453
2013-03-01 16:00:00,271.28,0.0,0.0,90,Clouds,overcast clouds,6570
2013-03-01 17:00:00,270.99,0.0,0.0,90,Clouds,overcast clouds,6296
2013-03-01 18:00:00,270.64,0.0,0.0,90,Clouds,overcast clouds,5252
2013-03-01 19:00:00,270.15,0.0,0.0,90,Clouds,overcast clouds,4210
2013-03-01 20:00:00,269.98,0.0,0.0,90,Clouds,overcast clouds,3382
2013-03-01 21:00:00,269.25,0.0,0.0,90,Clouds,overcast clouds,3235
2013-03-01 22:00:00,268.75,0.0,0.0,90,Clouds,overcast clouds,2689
2013-03-01 23:00:00,268.32,0.0,0.0,90,Clouds,overcast clouds,1805
2013-03-02 00:00:00,268.18,0.0,0.0,90,Clouds,overcast clouds,1082
2013-03-02 01:00:00,268.09,0.0,0.0,90,Clouds,overcast clouds,712
2013-03-02 02:00:00,267.99,0.0,0.0,90,Clouds,overcast clouds,587
2013-03-02 03:00:00,267.99,0.0,0.0,90,Clouds,overcast clouds,379
2013-03-02 04:00:00,267.6,0.0,0.0,90,Snow,heavy snow,371
2013-03-02 05:00:00,267.9,0.0,0.0,90,Clouds,overcast clouds,661
2013-03-02 06:00:00,267.95,0.0,0.0,90,Clouds,overcast clouds,1269
2013-03-02 07:00:00,268.04,0.0,0.0,90,Clouds,overcast clouds,2098
2013-03-02 08:00:00,268.31,0.0,0.0,90,Clouds,overcast clouds,3092
2013-03-02 10:00:00,269.21,0.0,0.0,90,Clouds,overcast clouds,4397
2013-03-02 11:00:00,269.6,0.0,0.0,90,Clouds,overcast clouds,4747
2013-03-02 12:00:00,269.95,0.0,0.0,90,Clouds,overcast clouds,5219
2013-03-02 13:00:00,270.46,0.0,0.0,90,Clouds,overcast clouds,5190
2013-03-02 14:00:00,271.11,0.0,0.0,75,Clouds,broken clouds,4935
2013-03-02 15:00:00,271.44,0.0,0.0,75,Clouds,broken clouds,4921
2013-03-02 16:00:00,271.53,0.0,0.0,75,Clouds,broken clouds,4754
2013-03-02 17:00:00,271.12,0.0,0.0,40,Clouds,scattered clouds,4588
2013-03-02 18:00:00,269.74,0.0,0.0,40,Clouds,scattered clouds,4533
2013-03-02 19:00:00,268.65,0.0,0.0,20,Clouds,few clouds,3440
2013-03-02 20:00:00,267.81,0.0,0.0,20,Clouds,few clouds,2958
2013-03-02 21:00:00,266.46,0.0,0.0,1,Clear,sky is clear,3342
2013-03-02 22:00:00,265.56,0.0,0.0,1,Clear,sky is clear,3961
2013-03-02 23:00:00,264.63,0.0,0.0,1,Clear,sky is clear,2149
2013-03-03 01:00:00,262.42,0.0,0.0,1,Clear,sky is clear,795
2013-03-03 02:00:00,261.8,0.0,0.0,1,Clear,sky is clear,666
2013-03-03 04:00:00,260.04,0.0,0.0,1,Clear,sky is clear,277
2013-03-03 05:00:00,259.16,0.0,0.0,1,Clear,sky is clear,449
2013-03-03 06:00:00,258.88,0.0,0.0,1,Clear,sky is clear,697
2013-03-03 07:00:00,258.2,0.0,0.0,1,Clear,sky is clear,1039
2013-03-03 08:00:00,260.09,0.0,0.0,1,Clear,sky is clear,1827
2013-03-03 09:00:00,263.31,0.0,0.0,1,Clear,sky is clear,2660
2013-03-03 10:00:00,265.82,0.0,0.0,1,Clear,sky is clear,3322
2013-03-03 11:00:00,267.92,0.0,0.0,1,Clear,sky is clear,3688
2013-03-03 12:00:00,269.05,0.0,0.0,1,Clear,sky is clear,4300
2013-03-03 13:00:00,270.22,0.0,0.0,1,Clear,sky is clear,4173
2013-03-03 14:00:00,270.88,0.0,0.0,1,Clear,sky is clear,4348
2013-03-03 15:00:00,271.34,0.0,0.0,20,Clouds,few clouds,4348
2013-03-03 16:00:00,271.55,0.0,0.0,75,Clouds,broken clouds,4356
2013-03-03 17:00:00,270.99,0.0,0.0,75,Clouds,broken clouds,3882
2013-03-03 18:00:00,269.81,0.0,0.0,40,Clouds,scattered clouds,3635
2013-03-03 19:00:00,269.09,0.0,0.0,40,Clouds,scattered clouds,2890
2013-03-03 20:00:00,268.96,0.0,0.0,90,Clouds,overcast clouds,2453
2013-03-03 21:00:00,268.62,0.0,0.0,75,Clouds,broken clouds,3714
2013-03-03 22:00:00,268.31,0.0,0.0,90,Clouds,overcast clouds,2229
2013-03-03 23:00:00,268.16,0.0,0.0,90,Clouds,overcast clouds,1051
2013-03-04 00:00:00,267.94,0.0,0.0,90,Clouds,overcast clouds,511
2013-03-04 01:00:00,266.74,0.0,0.0,75,Clouds,broken clouds,316
2013-03-04 02:00:00,266.31,0.0,0.0,40,Clouds,scattered clouds,256
2013-03-04 04:00:00,266.17,0.0,0.0,90,Clouds,overcast clouds,797
2013-03-04 05:00:00,265.9,0.0,0.0,75,Clouds,broken clouds,2611
2013-03-04 07:00:00,265.46,0.0,0.0,75,Clouds,broken clouds,5281
2013-03-04 08:00:00,266.21,0.0,0.0,75,Clouds,broken clouds,4318
2013-03-04 10:00:00,269.62,0.0,0.0,40,Clouds,scattered clouds,3826
2013-03-04 11:00:00,270.89,0.0,0.0,20,Clouds,few clouds,3892
2013-03-04 13:00:00,272.76,0.0,0.0,40,Clouds,scattered clouds,4197
2013-03-04 14:00:00,272.89,0.0,0.0,75,Clouds,broken clouds,4630
2013-03-04 15:00:00,273.08,0.0,0.0,75,Clouds,broken clouds,5194
2013-03-04 16:00:00,273.21,0.0,0.0,75,Clouds,broken clouds,6235
2013-03-04 17:00:00,272.42,0.0,0.0,75,Clouds,broken clouds,5549
2013-03-04 18:00:00,271.52,0.0,0.0,75,Clouds,broken clouds,3913
2013-03-04 19:00:00,270.95,0.0,0.0,75,Clouds,broken clouds,2617
2013-03-04 20:00:00,270.87,0.0,0.0,75,Clouds,broken clouds,2093
2013-03-04 21:00:00,270.77,0.0,0.0,90,Clouds,overcast clouds,1776
2013-03-04 22:00:00,270.59,0.0,0.0,90,Clouds,overcast clouds,1343
2013-03-04 23:00:00,270.59,0.0,0.0,90,Clouds,overcast clouds,2298
2013-03-05 01:00:00,270.63,0.0,0.0,90,Clouds,overcast clouds,438
2013-03-05 02:00:00,270.26,0.0,0.0,90,Clouds,overcast clouds,289
2013-03-05 03:00:00,269.79,0.0,0.0,90,Clouds,overcast clouds,369
2013-03-05 04:00:00,270.02,0.0,0.0,90,Clouds,overcast clouds,848
2013-03-05 05:00:00,269.59,0.0,0.0,90,Snow,heavy snow,2410
2013-03-05 07:00:00,268.85,0.0,0.0,90,Snow,heavy snow,3865
2013-03-05 07:00:00,268.85,0.0,0.0,90,Mist,mist,3865
2013-03-05 07:00:00,268.85,0.0,0.0,90,Snow,snow,3865
2013-03-05 07:00:00,268.85,0.0,0.0,90,Fog,fog,3865
2013-03-05 08:00:00,268.61,0.0,0.0,90,Snow,heavy snow,3380
2013-03-05 08:00:00,268.61,0.0,0.0,90,Mist,mist,3380
2013-03-05 10:00:00,268.79,0.0,0.0,90,Snow,heavy snow,2935
2013-03-05 10:00:00,268.79,0.0,0.0,90,Mist,mist,2935
2013-03-05 11:00:00,269.08,0.0,0.0,90,Snow,heavy snow,2885
2013-03-05 13:00:00,269.46,0.0,0.0,90,Snow,heavy snow,3296
2013-03-05 14:00:00,269.55,0.0,0.0,90,Snow,heavy snow,3900
2013-03-05 16:00:00,269.46,0.0,0.0,90,Clouds,overcast clouds,4805
2013-03-05 17:00:00,269.31,0.0,0.0,90,Clouds,overcast clouds,4520
2013-03-05 19:00:00,268.9,0.0,0.0,90,Snow,heavy snow,2584
2013-03-05 19:00:00,268.9,0.0,0.0,90,Mist,mist,2584
2013-03-05 20:00:00,269.0,0.0,0.0,90,Snow,heavy snow,2176
2013-03-05 20:00:00,269.0,0.0,0.0,90,Mist,mist,2176
2013-03-05 22:00:00,268.72,0.0,0.0,90,Snow,heavy snow,1770
2013-03-05 22:00:00,268.72,0.0,0.0,90,Mist,mist,1770
2013-03-05 23:00:00,268.72,0.0,0.0,90,Snow,heavy snow,994
2013-03-05 23:00:00,268.72,0.0,0.0,90,Mist,mist,994
2013-03-05 23:00:00,268.72,0.0,0.0,90,Snow,snow,994
2013-03-06 01:00:00,268.9,0.0,0.0,100,Clouds,overcast clouds,353
2013-03-06 02:00:00,268.9,0.0,0.0,90,Snow,heavy snow,266
2013-03-06 02:00:00,268.9,0.0,0.0,90,Mist,mist,266
2013-03-06 02:00:00,268.9,0.0,0.0,90,Snow,snow,266
2013-03-06 04:00:00,268.9,0.0,0.0,90,Snow,heavy snow,792
2013-03-06 04:00:00,268.9,0.0,0.0,90,Mist,mist,792
2013-03-06 04:00:00,268.9,0.0,0.0,90,Snow,snow,792
2013-03-06 05:00:00,268.71,0.0,0.0,90,Snow,heavy snow,2542
2013-03-06 05:00:00,268.71,0.0,0.0,90,Mist,mist,2542
2013-03-06 05:00:00,268.71,0.0,0.0,90,Snow,snow,2542
2013-03-06 05:00:00,268.71,0.0,0.0,90,Fog,fog,2542
2013-03-06 07:00:00,268.62,0.0,0.0,90,Snow,heavy snow,6157
2013-03-06 07:00:00,268.62,0.0,0.0,90,Mist,mist,6157
2013-03-06 07:00:00,268.62,0.0,0.0,90,Snow,snow,6157
2013-03-06 14:00:00,271.37,0.0,0.0,90,Snow,heavy snow,5393
2013-03-06 14:00:00,271.37,0.0,0.0,90,Haze,haze,5393
2013-03-06 15:00:00,271.52,0.0,0.0,90,Snow,heavy snow,5869
2013-03-06 16:00:00,271.15,0.0,0.0,90,Snow,heavy snow,6720
2013-03-06 17:00:00,270.76,0.0,0.0,90,Snow,heavy snow,6271
2013-03-06 18:00:00,270.44,0.0,0.0,75,Snow,heavy snow,4906
2013-03-06 19:00:00,269.72,0.0,0.0,75,Snow,heavy snow,3418
2013-03-06 20:00:00,269.42,0.0,0.0,90,Clouds,overcast clouds,3072
2013-03-06 21:00:00,268.66,0.0,0.0,90,Clouds,overcast clouds,2562
2013-03-06 22:00:00,268.19,0.0,0.0,75,Clouds,broken clouds,1868
2013-03-06 23:00:00,267.69,0.0,0.0,20,Clouds,few clouds,1335
2013-03-07 01:00:00,267.31,0.0,0.0,90,Clouds,overcast clouds,359
2013-03-07 02:00:00,267.31,0.0,0.0,90,Clouds,overcast clouds,295
2013-03-07 03:00:00,267.44,0.0,0.0,90,Clouds,overcast clouds,327
2013-03-07 04:00:00,266.86,0.0,0.0,90,Clouds,overcast clouds,782
2013-03-07 05:00:00,266.83,0.0,0.0,90,Snow,heavy snow,2559
2013-03-07 07:00:00,266.51,0.0,0.0,90,Clouds,overcast clouds,6920
2013-03-07 08:00:00,266.9,0.0,0.0,90,Clouds,overcast clouds,6104
2013-03-07 09:00:00,267.16,0.0,0.0,90,Snow,heavy snow,5239
2013-03-07 13:00:00,269.8,0.0,0.0,90,Clouds,overcast clouds,5128
2013-03-07 14:00:00,270.49,0.0,0.0,90,Clouds,overcast clouds,5452
2013-03-07 15:00:00,270.77,0.0,0.0,20,Clouds,few clouds,6428
2013-03-07 18:00:00,268.87,0.0,0.0,40,Clouds,scattered clouds,4818
2013-03-07 20:00:00,266.28,0.0,0.0,20,Clouds,few clouds,3328
2013-03-07 21:00:00,265.1,0.0,0.0,1,Clear,sky is clear,2934
2013-03-07 22:00:00,264.05,0.0,0.0,1,Mist,mist,2457
2013-03-07 23:00:00,262.97,0.0,0.0,1,Mist,mist,2621
2013-03-08 00:00:00,262.3,0.0,0.0,1,Mist,mist,811
2013-03-08 00:00:00,262.3,0.0,0.0,1,Fog,fog,811
2013-03-08 02:00:00,260.21,0.0,0.0,20,Haze,haze,357
2013-03-08 02:00:00,260.21,0.0,0.0,20,Fog,fog,357
2013-03-08 03:00:00,259.73,0.0,0.0,40,Mist,mist,352
2013-03-08 04:00:00,259.68,0.0,0.0,75,Mist,mist,722
2013-03-08 04:00:00,259.68,0.0,0.0,75,Fog,fog,722
2013-03-08 05:00:00,259.58,0.0,0.0,40,Mist,mist,2366
2013-03-08 05:00:00,259.58,0.0,0.0,40,Fog,fog,2366
2013-03-08 05:00:00,259.58,0.0,0.0,40,Haze,haze,2366
2013-03-08 06:00:00,259.29,0.0,0.0,40,Mist,mist,5452
2013-03-08 06:00:00,259.29,0.0,0.0,40,Haze,haze,5452
2013-03-08 06:00:00,259.29,0.0,0.0,40,Fog,fog,5452
2013-03-08 08:00:00,260.63,0.0,0.0,75,Mist,mist,5730
2013-03-08 09:00:00,262.94,0.0,0.0,75,Mist,mist,5228
2013-03-08 10:00:00,268.07,0.0,0.0,75,Mist,mist,4867
2013-03-08 11:00:00,269.75,0.0,0.0,75,Clouds,broken clouds,5349
2013-03-08 12:00:00,270.98,0.0,0.0,75,Clouds,broken clouds,5610
2013-03-08 13:00:00,272.29,0.0,0.0,75,Clouds,broken clouds,5441
2013-03-08 14:00:00,272.7,0.0,0.0,75,Clouds,broken clouds,5874
2013-03-08 15:00:00,272.82,0.0,0.0,1,Clear,sky is clear,6023
2013-03-08 17:00:00,272.37,0.0,0.0,75,Clouds,broken clouds,5836
2013-03-08 18:00:00,271.65,0.0,0.0,1,Clear,sky is clear,4822
2013-03-08 19:00:00,270.38,0.0,0.0,90,Clouds,overcast clouds,3795
2013-03-08 20:00:00,270.12,0.0,0.0,75,Clouds,broken clouds,3302
2013-03-08 21:00:00,269.54,0.0,0.0,1,Clear,sky is clear,3125
2013-03-08 22:00:00,268.64,0.0,0.0,40,Clouds,scattered clouds,2648
2013-03-08 23:00:00,267.96,0.0,0.0,20,Clouds,few clouds,3173
2013-03-09 00:00:00,267.69,0.0,0.0,1,Clear,sky is clear,1198
2013-03-09 01:00:00,267.46,0.0,0.0,1,Clear,sky is clear,747
2013-03-09 02:00:00,266.88,0.0,0.0,1,Clear,sky is clear,624
2013-03-09 03:00:00,266.39,0.0,0.0,1,Haze,haze,389
2013-03-09 03:00:00,266.39,0.0,0.0,1,Mist,mist,389
2013-03-09 06:00:00,265.48,0.0,0.0,1,Mist,mist,1232
2013-03-09 06:00:00,265.48,0.0,0.0,1,Haze,haze,1232
2013-03-09 08:00:00,266.09,0.0,0.0,1,Mist,mist,2903
2013-03-09 09:00:00,268.02,0.0,0.0,1,Haze,haze,3656
2013-03-09 09:00:00,268.02,0.0,0.0,1,Mist,mist,3656
2013-03-09 11:00:00,272.8,0.0,0.0,40,Haze,haze,4566
2013-03-09 13:00:00,275.11,0.0,0.0,40,Haze,haze,4573
2013-03-09 14:00:00,276.16,0.0,0.0,40,Haze,haze,4776
2013-03-09 16:00:00,276.63,0.0,0.0,75,Haze,haze,4393
2013-03-09 17:00:00,276.11,0.0,0.0,90,Haze,haze,4361
2013-03-09 18:00:00,275.66,0.0,0.0,1,Clear,sky is clear,3997
2013-03-09 20:00:00,274.53,0.0,0.0,1,Clear,sky is clear,2579
2013-03-09 21:00:00,274.41,0.0,0.0,40,Clouds,scattered clouds,3609
2013-03-09 23:00:00,274.62,0.0,0.0,90,Haze,haze,1755
2013-03-09 23:00:00,274.62,0.0,0.0,90,Mist,mist,1755
2013-03-10 00:00:00,274.65,0.0,0.0,75,Mist,mist,1087
2013-03-10 03:00:00,274.02,0.0,0.0,90,Rain,light rain,387
2013-03-10 03:00:00,274.02,0.0,0.0,90,Mist,mist,387
2013-03-10 03:00:00,274.02,0.0,0.0,90,Rain,moderate rain,387
2013-03-10 04:00:00,273.88,0.0,0.0,90,Rain,light rain,380
2013-03-10 04:00:00,273.88,0.0,0.0,90,Mist,mist,380
2013-03-10 04:00:00,273.88,0.0,0.0,90,Rain,moderate rain,380
2013-03-10 04:00:00,273.88,0.0,0.0,90,Snow,heavy snow,380
2013-03-10 05:00:00,273.98,0.0,0.0,90,Rain,moderate rain,438
2013-03-10 05:00:00,273.98,0.0,0.0,90,Mist,mist,438
2013-03-10 05:00:00,273.98,0.0,0.0,90,Rain,light rain,438
2013-03-10 05:00:00,273.98,0.0,0.0,90,Snow,heavy snow,438
2013-03-10 06:00:00,274.19,0.0,0.0,90,Rain,light rain,704
2013-03-10 06:00:00,274.19,0.0,0.0,90,Mist,mist,704
2013-03-10 06:00:00,274.19,0.0,0.0,90,Drizzle,drizzle,704
2013-03-10 09:00:00,274.66,0.0,0.0,90,Mist,mist,2177
2013-03-10 09:00:00,274.66,0.0,0.0,90,Rain,light rain,2177
2013-03-10 10:00:00,274.79,0.0,0.0,90,Mist,mist,2919
2013-03-10 12:00:00,275.28,0.0,0.0,90,Drizzle,light intensity drizzle,4072
2013-03-10 12:00:00,275.28,0.0,0.0,90,Mist,mist,4072
2013-03-10 12:00:00,275.28,0.0,0.0,90,Drizzle,drizzle,4072
2013-03-10 13:00:00,275.35,0.0,0.0,90,Rain,moderate rain,4112
2013-03-10 13:00:00,275.35,0.0,0.0,90,Rain,light rain,4112
2013-03-10 13:00:00,275.35,0.0,0.0,90,Mist,mist,4112
2013-03-10 15:00:00,275.63,0.0,0.0,90,Rain,light rain,4230
2013-03-10 15:00:00,275.63,0.0,0.0,90,Mist,mist,4230
2013-03-10 15:00:00,275.63,0.0,0.0,90,Drizzle,light intensity drizzle,4230
2013-03-10 15:00:00,275.63,0.0,0.0,90,Drizzle,drizzle,4230
2013-03-10 18:00:00,275.49,0.0,0.0,90,Mist,mist,3590
2013-03-10 18:00:00,275.49,0.0,0.0,90,Rain,light rain,3590
2013-03-10 18:00:00,275.49,0.0,0.0,90,Drizzle,light intensity drizzle,3590
2013-03-10 19:00:00,275.36,0.0,0.0,90,Rain,light rain,2743
2013-03-10 19:00:00,275.36,0.0,0.0,90,Mist,mist,2743
2013-03-10 19:00:00,275.36,0.0,0.0,90,Drizzle,light intensity drizzle,2743
2013-03-10 19:00:00,275.36,0.0,0.0,90,Rain,moderate rain,2743
2013-03-10 21:00:00,274.98,0.0,0.0,90,Rain,light rain,3283
2013-03-10 21:00:00,274.98,0.0,0.0,90,Mist,mist,3283
2013-03-10 21:00:00,274.98,0.0,0.0,90,Fog,fog,3283
2013-03-10 21:00:00,274.98,0.0,0.0,90,Drizzle,light intensity drizzle,3283
2013-03-10 22:00:00,274.83,0.0,0.0,90,Mist,mist,2462
2013-03-10 22:00:00,274.83,0.0,0.0,90,Fog,fog,2462
2013-03-10 22:00:00,274.83,0.0,0.0,90,Drizzle,light intensity drizzle,2462
2013-03-10 23:00:00,274.67,0.0,0.0,90,Fog,fog,1070
2013-03-10 23:00:00,274.67,0.0,0.0,90,Mist,mist,1070
2013-03-10 23:00:00,274.67,0.0,0.0,90,Rain,light rain,1070
2013-03-11 00:00:00,274.74,0.0,0.0,90,Rain,light rain,508
2013-03-11 00:00:00,274.74,0.0,0.0,90,Mist,mist,508
2013-03-11 00:00:00,274.74,0.0,0.0,90,Fog,fog,508
2013-03-11 00:00:00,274.74,0.0,0.0,90,Rain,moderate rain,508
2013-03-11 01:00:00,274.59,0.0,0.0,90,Rain,light rain,362
2013-03-11 01:00:00,274.59,0.0,0.0,90,Mist,mist,362
2013-03-11 01:00:00,274.59,0.0,0.0,90,Rain,moderate rain,362
2013-03-11 01:00:00,274.59,0.0,0.0,90,Drizzle,light intensity drizzle,362
2013-03-11 04:00:00,274.38,0.0,0.0,90,Drizzle,light intensity drizzle,721
2013-03-11 05:00:00,274.16,0.0,0.0,90,Clouds,overcast clouds,2338
2013-03-11 06:00:00,274.16,0.0,0.0,90,Clouds,overcast clouds,5230
2013-03-11 07:00:00,274.24,0.0,0.0,90,Clouds,overcast clouds,6607
2013-03-11 09:00:00,274.16,0.0,0.0,90,Mist,mist,4750
2013-03-11 10:00:00,274.22,0.0,0.0,90,Snow,heavy snow,4129
2013-03-11 12:00:00,274.24,0.0,0.0,90,Clouds,overcast clouds,4552
2013-03-11 14:00:00,274.17,0.0,0.0,90,Clouds,overcast clouds,5054
2013-03-11 15:00:00,273.81,0.0,0.0,90,Clouds,overcast clouds,5589
2013-03-11 16:00:00,273.77,0.0,0.0,90,Clouds,overcast clouds,6330
2013-03-11 18:00:00,273.29,0.0,0.0,90,Clouds,overcast clouds,4182
2013-03-11 19:00:00,273.02,0.0,0.0,90,Clouds,overcast clouds,3075
2013-03-11 21:00:00,272.36,0.0,0.0,90,Clouds,overcast clouds,2221
2013-03-11 22:00:00,272.38,0.0,0.0,90,Clouds,overcast clouds,1717
2013-03-11 23:00:00,271.97,0.0,0.0,90,Clouds,overcast clouds,997
2013-03-12 02:00:00,271.16,0.0,0.0,90,Clouds,overcast clouds,258
2013-03-12 03:00:00,271.01,0.0,0.0,90,Clouds,overcast clouds,321
2013-03-12 04:00:00,270.68,0.0,0.0,90,Clouds,overcast clouds,755
2013-03-12 06:00:00,270.21,0.0,0.0,90,Clouds,overcast clouds,5591
2013-03-12 09:00:00,269.88,0.0,0.0,90,Clouds,overcast clouds,5013
2013-03-12 10:00:00,269.91,0.0,0.0,90,Clouds,overcast clouds,4352
2013-03-12 12:00:00,270.59,0.0,0.0,90,Clouds,overcast clouds,4917
2013-03-12 13:00:00,270.83,0.0,0.0,90,Clouds,overcast clouds,5051
2013-03-12 15:00:00,271.48,0.0,0.0,90,Clouds,overcast clouds,5702
2013-03-12 16:00:00,271.69,0.0,0.0,90,Snow,heavy snow,6558
2013-03-12 18:00:00,271.8,0.0,0.0,90,Clouds,overcast clouds,4700
2013-03-12 21:00:00,270.27,0.0,0.0,40,Clouds,scattered clouds,3356
2013-03-12 22:00:00,269.83,0.0,0.0,75,Clouds,broken clouds,3271
2013-03-13 00:00:00,268.21,0.0,0.0,40,Clouds,scattered clouds,632
2013-03-13 01:00:00,267.6,0.0,0.0,1,Clear,sky is clear,368
2013-03-13 04:00:00,267.88,0.0,0.0,90,Clouds,overcast clouds,774
2013-03-13 07:00:00,267.91,0.0,0.0,90,Snow,heavy snow,6850
2013-03-13 09:00:00,267.67,0.0,0.0,90,Clouds,overcast clouds,5201
2013-03-13 10:00:00,268.33,0.0,0.0,75,Clouds,broken clouds,4784
2013-03-13 12:00:00,269.95,0.0,0.0,90,Snow,heavy snow,4969
2013-03-13 13:00:00,270.28,0.0,0.0,90,Snow,heavy snow,5188
2013-03-13 15:00:00,270.77,0.0,0.0,90,Snow,heavy snow,5774
2013-03-13 16:00:00,271.1,0.0,0.0,90,Clouds,overcast clouds,6486
2013-03-13 18:00:00,270.54,0.0,0.0,75,Snow,heavy snow,4628
2013-03-13 19:00:00,270.31,0.0,0.0,90,Clouds,overcast clouds,3431
2013-03-13 21:00:00,269.28,0.0,0.0,1,Clear,sky is clear,2460
2013-03-13 22:00:00,268.69,0.0,0.0,40,Clouds,scattered clouds,1753
2013-03-14 00:00:00,267.01,0.0,0.0,1,Clear,sky is clear,658
2013-03-14 01:00:00,266.19,0.0,0.0,1,Clear,sky is clear,331
2013-03-14 03:00:00,265.29,0.0,0.0,1,Clear,sky is clear,340
2013-03-14 04:00:00,264.73,0.0,0.0,1,Clear,sky is clear,771
2013-03-14 06:00:00,263.29,0.0,0.0,1,Clear,sky is clear,4336
2013-03-14 07:00:00,262.78,0.0,0.0,1,Clear,sky is clear,4423
2013-03-14 09:00:00,262.35,0.0,0.0,1,Clear,sky is clear,5615
2013-03-14 10:00:00,264.22,0.0,0.0,1,Clear,sky is clear,4580
2013-03-14 12:00:00,268.45,0.0,0.0,1,Clear,sky is clear,4759
2013-03-14 13:00:00,269.68,0.0,0.0,1,Clear,sky is clear,5083
2013-03-14 15:00:00,272.64,0.0,0.0,20,Clouds,few clouds,5718
2013-03-14 18:00:00,272.11,0.0,0.0,1,Clear,sky is clear,4524
2013-03-14 19:00:00,271.18,0.0,0.0,1,Clear,sky is clear,3461
2013-03-14 21:00:00,269.15,0.0,0.0,1,Clear,sky is clear,3751
2013-03-14 22:00:00,268.73,0.0,0.0,1,Clear,sky is clear,3350
2013-03-15 00:00:00,268.64,0.0,0.0,40,Clouds,scattered clouds,786
2013-03-15 01:00:00,268.84,0.0,0.0,90,Clouds,overcast clouds,459
2013-03-15 03:00:00,269.11,0.0,0.0,90,Clouds,overcast clouds,356
2013-03-15 04:00:00,269.05,0.0,0.0,90,Snow,snow,739
2013-03-15 07:00:00,268.68,0.0,0.0,90,Snow,heavy snow,5664
2013-03-15 07:00:00,268.68,0.0,0.0,90,Mist,mist,5664
2013-03-15 07:00:00,268.68,0.0,0.0,90,Snow,shower snow,5664
2013-03-15 09:00:00,269.42,0.0,0.0,90,Mist,mist,4631
2013-03-15 10:00:00,270.84,0.0,0.0,75,Haze,haze,4492
2013-03-15 12:00:00,274.41,0.0,0.0,20,Clouds,few clouds,5147
2013-03-15 15:00:00,276.85,0.0,0.0,40,Clouds,scattered clouds,5803
2013-03-15 16:00:00,277.2,0.0,0.0,90,Clouds,overcast clouds,6289
2013-03-15 18:00:00,277.09,0.0,0.0,1,Clear,sky is clear,4700
2013-03-15 19:00:00,276.16,0.0,0.0,1,Clear,sky is clear,3358
2013-03-15 21:00:00,273.96,0.0,0.0,1,Clear,sky is clear,2602
2013-03-15 22:00:00,273.06,0.0,0.0,1,Clear,sky is clear,2231
2013-03-16 00:00:00,271.9,0.0,0.0,1,Clear,sky is clear,2372
2013-03-16 01:00:00,271.88,0.0,0.0,1,Clear,sky is clear,815
2013-03-16 03:00:00,272.11,0.0,0.0,90,Clouds,overcast clouds,410
2013-03-16 04:00:00,272.34,0.0,0.0,40,Clouds,scattered clouds,369
2013-03-16 06:00:00,272.63,0.0,0.0,90,Rain,light rain,1329
2013-03-16 06:00:00,272.63,0.0,0.0,90,Snow,heavy snow,1329
2013-03-16 07:00:00,272.72,0.0,0.0,90,Mist,mist,2224
2013-03-16 07:00:00,272.72,0.0,0.0,90,Rain,light rain,2224
2013-03-16 07:00:00,272.72,0.0,0.0,90,Snow,heavy snow,2224
2013-03-16 09:00:00,272.87,0.0,0.0,90,Mist,mist,3570
2013-03-16 09:00:00,272.87,0.0,0.0,90,Snow,snow,3570
2013-03-16 09:00:00,272.87,0.0,0.0,90,Drizzle,drizzle,3570
2013-03-16 09:00:00,272.87,0.0,0.0,90,Snow,heavy snow,3570
2013-03-16 10:00:00,273.11,0.0,0.0,90,Mist,mist,4108
2013-03-16 10:00:00,273.11,0.0,0.0,90,Snow,heavy snow,4108
2013-03-16 10:00:00,273.11,0.0,0.0,90,Rain,light rain,4108
2013-03-16 12:00:00,273.46,0.0,0.0,90,Snow,heavy snow,4815
2013-03-16 12:00:00,273.46,0.0,0.0,90,Mist,mist,4815
2013-03-16 13:00:00,273.79,0.0,0.0,90,Mist,mist,5155
2013-03-16 13:00:00,273.79,0.0,0.0,90,Snow,heavy snow,5155
2013-03-16 15:00:00,273.96,0.0,0.0,90,Snow,heavy snow,4905
2013-03-16 16:00:00,273.99,0.0,0.0,90,Clouds,overcast clouds,4969
2013-03-16 18:00:00,273.28,0.0,0.0,90,Snow,heavy snow,4386
2013-03-16 19:00:00,272.4,0.0,0.0,90,Snow,heavy snow,3572
2013-03-16 19:00:00,272.4,0.0,0.0,90,Mist,mist,3572
2013-03-16 19:00:00,272.4,0.0,0.0,90,Snow,snow,3572
2013-03-16 21:00:00,270.88,0.0,0.0,90,Snow,heavy snow,3620
2013-03-16 21:00:00,270.88,0.0,0.0,90,Mist,mist,3620
2013-03-16 22:00:00,270.26,0.0,0.0,90,Snow,heavy snow,2919
2013-03-16 22:00:00,270.26,0.0,0.0,90,Mist,mist,2919
2013-03-17 00:00:00,268.95,0.0,0.0,90,Mist,mist,1579
2013-03-17 01:00:00,268.49,0.0,0.0,97,Clouds,overcast clouds,1049
2013-03-17 03:00:00,267.5,0.0,0.0,90,Clouds,overcast clouds,402
2013-03-17 04:00:00,266.9,0.0,0.0,90,Clouds,overcast clouds,308
2013-03-17 06:00:00,266.23,0.0,0.0,90,Snow,heavy snow,687
2013-03-17 07:00:00,265.6,0.0,0.0,1,Clear,sky is clear,970
2013-03-17 10:00:00,265.97,0.0,0.0,1,Clear,sky is clear,3371
2013-03-17 12:00:00,267.89,0.0,0.0,20,Clouds,few clouds,4238
2013-03-17 13:00:00,268.52,0.0,0.0,75,Clouds,broken clouds,4319
2013-03-17 16:00:00,269.37,0.0,0.0,1,Clear,sky is clear,4272
2013-03-17 18:00:00,268.61,0.0,0.0,1,Clear,sky is clear,3543
2013-03-17 19:00:00,267.72,0.0,0.0,1,Clear,sky is clear,2880
2013-03-17 21:00:00,265.36,0.0,0.0,1,Clear,sky is clear,2206
2013-03-17 22:00:00,264.53,0.0,0.0,1,Clear,sky is clear,1729
2013-03-18 00:00:00,262.65,0.0,0.0,1,Clear,sky is clear,593
2013-03-18 03:00:00,260.54,0.0,0.0,1,Clear,sky is clear,308
2013-03-18 04:00:00,260.15,0.0,0.0,1,Clear,sky is clear,822
2013-03-18 06:00:00,259.24,0.0,0.0,1,Clear,sky is clear,3992
2013-03-18 09:00:00,260.0,0.0,0.0,1,Clear,sky is clear,3804
2013-03-18 10:00:00,262.06,0.0,0.0,1,Clear,sky is clear,2946
2013-03-18 13:00:00,267.11,0.0,0.0,90,Clouds,overcast clouds,3803
2013-03-18 15:00:00,269.48,0.0,0.0,90,Clouds,overcast clouds,4922
2013-03-18 16:00:00,270.02,0.0,0.0,75,Clouds,broken clouds,5339
2013-03-18 18:00:00,270.24,0.0,0.0,75,Clouds,broken clouds,3699
2013-03-18 19:00:00,270.09,0.0,0.0,90,Clouds,overcast clouds,2661
2013-03-18 21:00:00,269.69,0.0,0.0,90,Clouds,overcast clouds,1966
2013-03-18 22:00:00,269.78,0.0,0.0,90,Clouds,overcast clouds,1346
2013-03-19 00:00:00,270.08,0.0,0.0,90,Clouds,overcast clouds,494
2013-03-19 01:00:00,270.37,0.0,0.0,90,Clouds,overcast clouds,317
2013-03-19 03:00:00,270.89,0.0,0.0,90,Clouds,overcast clouds,320
2013-03-19 04:00:00,270.93,0.0,0.0,90,Snow,heavy snow,734
2013-03-19 06:00:00,270.4,0.0,0.0,90,Snow,snow,5496
2013-03-19 06:00:00,270.4,0.0,0.0,90,Fog,fog,5496
2013-03-19 06:00:00,270.4,0.0,0.0,90,Snow,heavy snow,5496
2013-03-19 06:00:00,270.4,0.0,0.0,90,Mist,mist,5496
2013-03-19 07:00:00,270.45,0.0,0.0,90,Snow,heavy snow,6574
2013-03-19 07:00:00,270.45,0.0,0.0,90,Mist,mist,6574
2013-03-19 07:00:00,270.45,0.0,0.0,90,Snow,snow,6574
2013-03-19 07:00:00,270.45,0.0,0.0,90,Fog,fog,6574
2013-03-19 09:00:00,270.8,0.0,0.0,90,Snow,heavy snow,5005
2013-03-19 09:00:00,270.8,0.0,0.0,90,Mist,mist,5005
2013-03-19 09:00:00,270.8,0.0,0.0,90,Snow,snow,5005
2013-03-19 10:00:00,270.32,0.0,0.0,90,Snow,heavy snow,4304
2013-03-19 10:00:00,270.32,0.0,0.0,90,Mist,mist,4304
2013-03-19 10:00:00,270.32,0.0,0.0,90,Fog,fog,4304
2013-03-19 12:00:00,267.84,0.0,0.0,90,Snow,heavy snow,4755
2013-03-19 12:00:00,267.84,0.0,0.0,90,Mist,mist,4755
2013-03-19 13:00:00,267.28,0.0,0.0,90,Snow,heavy snow,4802
2013-03-19 15:00:00,266.3,0.0,0.0,90,Snow,heavy snow,5862
2013-03-19 16:00:00,265.93,0.0,0.0,75,Snow,heavy snow,6416
2013-03-19 18:00:00,265.14,0.0,0.0,90,Snow,heavy snow,4438
2013-03-19 19:00:00,264.7,0.0,0.0,90,Snow,heavy snow,3463
2013-03-19 21:00:00,263.68,0.0,0.0,90,Snow,heavy snow,2730
2013-03-19 22:00:00,263.34,0.0,0.0,90,Snow,heavy snow,2212
2013-03-19 23:00:00,262.72,0.0,0.0,90,Clouds,overcast clouds,2676
2013-03-20 00:00:00,262.33,0.0,0.0,90,Clouds,overcast clouds,685
2013-03-20 01:00:00,261.65,0.0,0.0,1,Clear,sky is clear,472
2013-03-20 02:00:00,260.96,0.0,0.0,20,Clouds,few clouds,282
2013-03-20 03:00:00,260.41,0.0,0.0,20,Clouds,few clouds,351
2013-03-20 06:00:00,259.85,0.0,0.0,1,Clear,sky is clear,5067
2013-03-20 07:00:00,259.33,0.0,0.0,1,Clear,sky is clear,6761
2013-03-20 08:00:00,259.22,0.0,0.0,1,Clear,sky is clear,6010
2013-03-20 09:00:00,259.84,0.0,0.0,1,Clear,sky is clear,5266
2013-03-20 10:00:00,261.04,0.0,0.0,1,Clear,sky is clear,4438
2013-03-20 11:00:00,262.44,0.0,0.0,1,Clear,sky is clear,4728
2013-03-20 12:00:00,264.03,0.0,0.0,1,Clear,sky is clear,4814
2013-03-20 13:00:00,265.33,0.0,0.0,1,Clear,sky is clear,4906
2013-03-20 14:00:00,266.35,0.0,0.0,1,Clear,sky is clear,5470
2013-03-20 15:00:00,267.39,0.0,0.0,1,Clear,sky is clear,5786
2013-03-20 16:00:00,267.65,0.0,0.0,1,Clear,sky is clear,6608
2013-03-20 17:00:00,267.42,0.0,0.0,75,Clouds,broken clouds,6068
2013-03-20 18:00:00,266.9,0.0,0.0,1,Snow,heavy snow,4529
2013-03-20 19:00:00,265.87,0.0,0.0,1,Snow,heavy snow,3444
2013-03-20 20:00:00,264.48,0.0,0.0,1,Clear,sky is clear,3080
2013-03-20 21:00:00,263.29,0.0,0.0,1,Clear,sky is clear,2660
2013-03-20 22:00:00,262.15,0.0,0.0,1,Clear,sky is clear,1727
2013-03-20 23:00:00,261.42,0.0,0.0,1,Clear,sky is clear,1013
2013-03-21 00:00:00,260.94,0.0,0.0,1,Clear,sky is clear,595
2013-03-21 01:00:00,260.35,0.0,0.0,1,Clear,sky is clear,357
2013-03-21 02:00:00,259.98,0.0,0.0,1,Clear,sky is clear,282
2013-03-21 03:00:00,259.6,0.0,0.0,1,Clear,sky is clear,306
2013-03-21 04:00:00,259.27,0.0,0.0,1,Clear,sky is clear,744
2013-03-21 05:00:00,259.04,0.0,0.0,1,Clear,sky is clear,2581
2013-03-21 06:00:00,258.68,0.0,0.0,1,Clear,sky is clear,5568
2013-03-21 07:00:00,258.3,0.0,0.0,1,Clear,sky is clear,6847
2013-03-21 08:00:00,258.33,0.0,0.0,1,Haze,haze,6005
2013-03-21 09:00:00,259.22,0.0,0.0,1,Clear,sky is clear,5023
2013-03-21 10:00:00,261.0,0.0,0.0,1,Clear,sky is clear,4433
2013-03-21 11:00:00,262.36,0.0,0.0,1,Snow,heavy snow,4949
2013-03-21 12:00:00,263.64,0.0,0.0,1,Snow,heavy snow,5122
2013-03-21 13:00:00,264.79,0.0,0.0,1,Haze,haze,5211
2013-03-21 14:00:00,265.97,0.0,0.0,1,Clear,sky is clear,5581
2013-03-21 15:00:00,266.4,0.0,0.0,1,Snow,heavy snow,5836
2013-03-21 16:00:00,266.77,0.0,0.0,1,Clear,sky is clear,6466
2013-03-21 17:00:00,267.07,0.0,0.0,1,Clear,sky is clear,6246
2013-03-21 18:00:00,266.89,0.0,0.0,1,Clear,sky is clear,4747
2013-03-21 19:00:00,266.02,0.0,0.0,20,Clouds,few clouds,3553
2013-03-21 20:00:00,264.84,0.0,0.0,1,Clear,sky is clear,3272
2013-03-21 21:00:00,263.87,0.0,0.0,1,Clear,sky is clear,3066
2013-03-21 22:00:00,263.0,0.0,0.0,1,Clear,sky is clear,3474
2013-03-21 23:00:00,262.11,0.0,0.0,1,Clear,sky is clear,1432
2013-03-22 00:00:00,261.31,0.0,0.0,1,Clear,sky is clear,789
2013-03-22 01:00:00,260.66,0.0,0.0,1,Clear,sky is clear,435
2013-03-22 02:00:00,259.8,0.0,0.0,1,Clear,sky is clear,374
2013-03-22 03:00:00,259.39,0.0,0.0,1,Clear,sky is clear,360
2013-03-22 04:00:00,258.59,0.0,0.0,1,Clear,sky is clear,673
2013-03-22 05:00:00,258.12,0.0,0.0,1,Clear,sky is clear,2357
2013-03-22 06:00:00,257.54,0.0,0.0,1,Clear,sky is clear,5183
2013-03-22 07:00:00,257.0,0.0,0.0,1,Clear,sky is clear,6399
2013-03-22 08:00:00,257.11,0.0,0.0,1,Clear,sky is clear,5560
2013-03-22 09:00:00,259.24,0.0,0.0,1,Clear,sky is clear,4730
2013-03-22 10:00:00,261.56,0.0,0.0,1,Clear,sky is clear,4814
2013-03-22 11:00:00,264.66,0.0,0.0,1,Clear,sky is clear,5241
2013-03-22 12:00:00,266.63,0.0,0.0,1,Clear,sky is clear,5460
2013-03-22 13:00:00,267.64,0.0,0.0,1,Clear,sky is clear,5418
2013-03-22 14:00:00,268.73,0.0,0.0,1,Clear,sky is clear,5807
2013-03-22 15:00:00,269.62,0.0,0.0,1,Clear,sky is clear,5954
2013-03-22 16:00:00,270.04,0.0,0.0,5,Clear,sky is clear,6497
2013-03-22 17:00:00,270.29,0.0,0.0,1,Clear,sky is clear,6059
2013-03-22 18:00:00,270.15,0.0,0.0,1,Clear,sky is clear,4762
2013-03-22 19:00:00,269.53,0.0,0.0,1,Clear,sky is clear,3718
2013-03-22 20:00:00,268.3,0.0,0.0,1,Clear,sky is clear,3123
2013-03-22 21:00:00,267.03,0.0,0.0,1,Clear,sky is clear,4233
2013-03-22 22:00:00,265.59,0.0,0.0,1,Clear,sky is clear,3226
2013-03-22 23:00:00,264.41,0.0,0.0,1,Clear,sky is clear,1887
2013-03-23 00:00:00,263.61,0.0,0.0,1,Clear,sky is clear,1266
2013-03-23 01:00:00,263.01,0.0,0.0,1,Clear,sky is clear,798
2013-03-23 02:00:00,262.56,0.0,0.0,1,Clear,sky is clear,580
2013-03-23 03:00:00,262.16,0.0,0.0,1,Clear,sky is clear,436
2013-03-23 04:00:00,261.18,0.0,0.0,1,Clear,sky is clear,394
2013-03-23 05:00:00,261.08,0.0,0.0,1,Clear,sky is clear,734
2013-03-23 06:00:00,260.22,0.0,0.0,1,Clear,sky is clear,1191
2013-03-23 07:00:00,260.0,0.0,0.0,1,Clear,sky is clear,2004
2013-03-23 08:00:00,259.96,0.0,0.0,1,Clear,sky is clear,2918
2013-03-23 09:00:00,261.75,0.0,0.0,1,Clear,sky is clear,3763
2013-03-23 10:00:00,264.87,0.0,0.0,1,Clear,sky is clear,4081
2013-03-23 11:00:00,268.48,0.0,0.0,1,Clear,sky is clear,4531
2013-03-23 12:00:00,270.91,0.0,0.0,1,Clear,sky is clear,4999
2013-03-23 13:00:00,272.83,0.0,0.0,5,Clear,sky is clear,5000
2013-03-23 14:00:00,273.81,0.0,0.0,1,Clear,sky is clear,4740
2013-03-23 15:00:00,274.39,0.0,0.0,1,Clear,sky is clear,5505
2013-03-23 16:00:00,274.75,0.0,0.0,1,Clear,sky is clear,6264
2013-03-23 17:00:00,274.83,0.0,0.0,1,Clear,sky is clear,4678
2013-03-23 18:00:00,274.49,0.0,0.0,1,Clear,sky is clear,4229
2013-03-23 19:00:00,273.23,0.0,0.0,1,Clear,sky is clear,3613
2013-03-23 20:00:00,271.87,0.0,0.0,75,Clouds,broken clouds,3030
2013-03-23 21:00:00,271.05,0.0,0.0,1,Clear,sky is clear,3386
2013-03-23 22:00:00,270.48,0.0,0.0,1,Clear,sky is clear,4260
2013-03-23 23:00:00,269.99,0.0,0.0,1,Clear,sky is clear,2077
2013-03-24 00:00:00,269.72,0.0,0.0,1,Clear,sky is clear,1297
2013-03-24 01:00:00,269.38,0.0,0.0,1,Clear,sky is clear,875
2013-03-24 02:00:00,268.93,0.0,0.0,1,Clear,sky is clear,647
2013-03-24 03:00:00,268.13,0.0,0.0,1,Clear,sky is clear,361
2013-03-24 04:00:00,266.82,0.0,0.0,1,Clear,sky is clear,277
2013-03-24 05:00:00,266.14,0.0,0.0,1,Clear,sky is clear,464
2013-03-24 06:00:00,265.49,0.0,0.0,1,Clear,sky is clear,738
2013-03-24 07:00:00,264.53,0.0,0.0,1,Clear,sky is clear,1180
2013-03-24 08:00:00,264.35,0.0,0.0,1,Clear,sky is clear,1774
2013-03-24 09:00:00,266.2,0.0,0.0,1,Clear,sky is clear,2742
2013-03-24 10:00:00,268.56,0.0,0.0,1,Clear,sky is clear,3550
2013-03-24 11:00:00,271.8,0.0,0.0,40,Clouds,scattered clouds,3793
2013-03-24 12:00:00,273.56,0.0,0.0,1,Clear,sky is clear,4409
2013-03-24 13:00:00,274.12,0.0,0.0,1,Clear,sky is clear,4604
2013-03-24 14:00:00,275.07,0.0,0.0,1,Clear,sky is clear,4652
2013-03-24 15:00:00,276.1,0.0,0.0,1,Clear,sky is clear,4502
2013-03-24 16:00:00,276.17,0.0,0.0,1,Clear,sky is clear,4471
2013-03-24 17:00:00,275.87,0.0,0.0,1,Clear,sky is clear,4111
2013-03-24 18:00:00,275.59,0.0,0.0,40,Clouds,scattered clouds,3496
2013-03-24 19:00:00,274.18,0.0,0.0,90,Clouds,overcast clouds,3024
2013-03-24 20:00:00,273.57,0.0,0.0,1,Clear,sky is clear,2677
2013-03-24 21:00:00,272.55,0.0,0.0,40,Clouds,scattered clouds,2056
2013-03-24 22:00:00,271.7,0.0,0.0,1,Clear,sky is clear,1581
2013-03-24 23:00:00,271.27,0.0,0.0,1,Clear,sky is clear,1994
2013-03-25 00:00:00,270.95,0.0,0.0,75,Clouds,broken clouds,1459
2013-03-25 01:00:00,270.76,0.0,0.0,90,Clouds,overcast clouds,373
2013-03-25 02:00:00,270.8,0.0,0.0,90,Clouds,overcast clouds,298
2013-03-25 03:00:00,270.77,0.0,0.0,90,Clouds,overcast clouds,382
2013-03-25 04:00:00,270.64,0.0,0.0,90,Clouds,overcast clouds,772
2013-03-25 05:00:00,270.63,0.0,0.0,90,Clouds,overcast clouds,2460
2013-03-25 06:00:00,270.75,0.0,0.0,90,Snow,heavy snow,5386
2013-03-25 07:00:00,270.59,0.0,0.0,90,Snow,heavy snow,6581
2013-03-25 07:00:00,270.59,0.0,0.0,90,Mist,mist,6581
2013-03-25 08:00:00,270.57,0.0,0.0,90,Mist,mist,5684
2013-03-25 08:00:00,270.57,0.0,0.0,90,Snow,heavy snow,5684
2013-03-25 09:00:00,270.89,0.0,0.0,90,Snow,heavy snow,4504
2013-03-25 10:00:00,271.52,0.0,0.0,75,Clouds,broken clouds,4315
2013-03-25 11:00:00,272.14,0.0,0.0,75,Clouds,broken clouds,4484
2013-03-25 12:00:00,272.48,0.0,0.0,75,Clouds,broken clouds,4677
2013-03-25 13:00:00,272.67,0.0,0.0,75,Clouds,broken clouds,4681
2013-03-25 14:00:00,272.68,0.0,0.0,90,Clouds,overcast clouds,5000
2013-03-25 15:00:00,272.51,0.0,0.0,90,Clouds,overcast clouds,5223
2013-03-25 16:00:00,272.56,0.0,0.0,90,Clouds,overcast clouds,5873
2013-03-25 17:00:00,272.82,0.0,0.0,90,Clouds,overcast clouds,5589
2013-03-25 18:00:00,273.22,0.0,0.0,90,Clouds,overcast clouds,4000
2013-03-25 19:00:00,272.72,0.0,0.0,75,Clouds,broken clouds,2901
2013-03-25 20:00:00,272.2,0.0,0.0,90,Clouds,overcast clouds,2547
2013-03-25 21:00:00,271.73,0.0,0.0,90,Snow,heavy snow,2169
2013-03-25 22:00:00,271.52,0.0,0.0,90,Snow,heavy snow,1556
2013-03-25 23:00:00,271.57,0.0,0.0,90,Clouds,overcast clouds,919
2013-03-26 00:00:00,271.6,0.0,0.0,90,Clouds,overcast clouds,519
2013-03-26 01:00:00,271.16,0.0,0.0,40,Clouds,scattered clouds,303
2013-03-26 02:00:00,270.53,0.0,0.0,1,Clear,sky is clear,221
2013-03-26 03:00:00,269.78,0.0,0.0,1,Clear,sky is clear,318
2013-03-26 04:00:00,269.28,0.0,0.0,1,Clear,sky is clear,724
2013-03-26 05:00:00,268.96,0.0,0.0,1,Clear,sky is clear,2532
2013-03-26 06:00:00,268.4,0.0,0.0,1,Clear,sky is clear,5550
2013-03-26 07:00:00,267.96,0.0,0.0,1,Clear,sky is clear,6784
2013-03-26 08:00:00,267.74,0.0,0.0,1,Clear,sky is clear,5829
2013-03-26 09:00:00,268.64,0.0,0.0,1,Clear,sky is clear,4869
2013-03-26 10:00:00,269.99,0.0,0.0,40,Clouds,scattered clouds,4346
2013-03-26 11:00:00,271.54,0.0,0.0,1,Clear,sky is clear,4545
2013-03-26 12:00:00,273.13,0.0,0.0,1,Clear,sky is clear,4878
2013-03-26 13:00:00,274.46,0.0,0.0,1,Clear,sky is clear,4895
2013-03-26 14:00:00,275.16,0.0,0.0,1,Clear,sky is clear,5170
2013-03-26 15:00:00,275.74,0.0,0.0,1,Clear,sky is clear,5546
2013-03-26 16:00:00,276.07,0.0,0.0,1,Clear,sky is clear,6376
2013-03-26 17:00:00,276.0,0.0,0.0,1,Clear,sky is clear,5831
2013-03-26 18:00:00,275.88,0.0,0.0,1,Clear,sky is clear,4279
2013-03-26 19:00:00,275.21,0.0,0.0,1,Clear,sky is clear,2981
2013-03-26 20:00:00,274.4,0.0,0.0,1,Clear,sky is clear,2738
2013-03-26 21:00:00,273.84,0.0,0.0,40,Clouds,scattered clouds,2235
2013-03-26 22:00:00,273.1,0.0,0.0,90,Clouds,overcast clouds,1571
2013-03-26 23:00:00,272.42,0.0,0.0,90,Clouds,overcast clouds,1077
2013-03-27 00:00:00,271.82,0.0,0.0,90,Clouds,overcast clouds,563
2013-03-27 01:00:00,271.66,0.0,0.0,90,Clouds,overcast clouds,372
2013-03-27 02:00:00,271.26,0.0,0.0,90,Clouds,overcast clouds,264
2013-03-27 03:00:00,270.88,0.0,0.0,90,Clouds,overcast clouds,326
2013-03-27 04:00:00,270.41,0.0,0.0,90,Clouds,overcast clouds,749
2013-03-27 05:00:00,270.21,0.0,0.0,90,Clouds,overcast clouds,2507
2013-03-27 06:00:00,269.84,0.0,0.0,90,Clouds,overcast clouds,5587
2013-03-27 07:00:00,269.62,0.0,0.0,90,Clouds,overcast clouds,6743
2013-03-27 08:00:00,269.55,0.0,0.0,90,Clouds,overcast clouds,6014
2013-03-27 10:00:00,270.68,0.0,0.0,90,Clouds,overcast clouds,4376
2013-03-27 11:00:00,272.38,0.0,0.0,90,Clouds,overcast clouds,4723
2013-03-27 12:00:00,273.97,0.0,0.0,90,Clouds,overcast clouds,5083
2013-03-27 13:00:00,275.41,0.0,0.0,75,Clouds,broken clouds,4930
2013-03-27 14:00:00,276.27,0.0,0.0,90,Clouds,overcast clouds,5187
2013-03-27 15:00:00,276.35,0.0,0.0,1,Clear,sky is clear,5646
2013-03-27 16:00:00,276.49,0.0,0.0,1,Clear,sky is clear,6218
2013-03-27 17:00:00,276.57,0.0,0.0,90,Clouds,overcast clouds,6087
2013-03-27 18:00:00,276.33,0.0,0.0,90,Clouds,overcast clouds,4743
2013-03-27 19:00:00,275.74,0.0,0.0,1,Clear,sky is clear,3251
2013-03-27 20:00:00,274.69,0.0,0.0,1,Clear,sky is clear,2941
2013-03-27 21:00:00,273.32,0.0,0.0,1,Clear,sky is clear,2741
2013-03-27 22:00:00,272.26,0.0,0.0,75,Clouds,broken clouds,2672
2013-03-27 23:00:00,271.41,0.0,0.0,90,Clouds,overcast clouds,2742
2013-03-28 00:00:00,270.92,0.0,0.0,90,Clouds,overcast clouds,755
2013-03-28 01:00:00,270.57,0.0,0.0,90,Clouds,overcast clouds,412
2013-03-28 02:00:00,270.18,0.0,0.0,90,Clouds,overcast clouds,296
2013-03-28 03:00:00,270.37,0.0,0.0,90,Clouds,overcast clouds,334
2013-03-28 04:00:00,269.74,0.0,0.0,90,Clouds,overcast clouds,777
2013-03-28 05:00:00,268.96,0.0,0.0,90,Clouds,overcast clouds,2494
2013-03-28 06:00:00,268.47,0.0,0.0,75,Clouds,broken clouds,5410
2013-03-28 07:00:00,267.88,0.0,0.0,40,Clouds,scattered clouds,6780
2013-03-28 08:00:00,267.57,0.0,0.0,1,Clear,sky is clear,5963
2013-03-28 09:00:00,269.63,0.0,0.0,1,Clear,sky is clear,4991
2013-03-28 10:00:00,272.28,0.0,0.0,1,Clear,sky is clear,4473
2013-03-28 11:00:00,275.2,0.0,0.0,1,Clear,sky is clear,4804
2013-03-28 12:00:00,276.78,0.0,0.0,1,Clear,sky is clear,5024
2013-03-28 13:00:00,277.89,0.0,0.0,1,Clear,sky is clear,5035
2013-03-28 14:00:00,278.24,0.0,0.0,1,Clear,sky is clear,5517
2013-03-28 15:00:00,278.45,0.0,0.0,1,Clear,sky is clear,5866
2013-03-28 16:00:00,278.34,0.0,0.0,1,Clear,sky is clear,6217
2013-03-28 17:00:00,278.05,0.0,0.0,1,Clear,sky is clear,5892
2013-03-28 18:00:00,277.68,0.0,0.0,1,Clear,sky is clear,4577
2013-03-28 19:00:00,277.28,0.0,0.0,1,Clear,sky is clear,3513
2013-03-28 20:00:00,275.79,0.0,0.0,1,Clear,sky is clear,3235
2013-03-28 21:00:00,274.12,0.0,0.0,1,Clear,sky is clear,3005
2013-03-28 22:00:00,272.46,0.0,0.0,1,Clear,sky is clear,2034
2013-03-28 23:00:00,271.58,0.0,0.0,1,Clear,sky is clear,1273
2013-03-29 00:00:00,270.59,0.0,0.0,1,Clear,sky is clear,777
2013-03-29 01:00:00,270.09,0.0,0.0,1,Clear,sky is clear,440
2013-03-29 02:00:00,269.31,0.0,0.0,1,Clear,sky is clear,353
2013-03-29 03:00:00,268.79,0.0,0.0,1,Clear,sky is clear,304
2013-03-29 04:00:00,268.06,0.0,0.0,1,Clear,sky is clear,679
2013-03-29 05:00:00,267.51,0.0,0.0,1,Clear,sky is clear,2008
2013-03-29 06:00:00,267.12,0.0,0.0,1,Clear,sky is clear,4537
2013-03-29 07:00:00,266.73,0.0,0.0,1,Clear,sky is clear,5540
2013-03-29 08:00:00,267.16,0.0,0.0,1,Mist,mist,5226
2013-03-29 09:00:00,270.04,0.0,0.0,1,Clear,sky is clear,4687
2013-03-29 10:00:00,273.23,0.0,0.0,75,Clouds,broken clouds,4742
2013-03-29 11:00:00,275.8,0.0,0.0,90,Clouds,overcast clouds,5138
2013-03-29 12:00:00,277.51,0.0,0.0,90,Clouds,overcast clouds,5692
2013-03-29 13:00:00,278.17,0.0,0.0,90,Clouds,overcast clouds,5373
2013-03-29 14:00:00,278.9,0.0,0.0,75,Clouds,broken clouds,5743
2013-03-29 15:00:00,279.43,0.0,0.0,1,Clear,sky is clear,5908
2013-03-29 16:00:00,279.62,0.0,0.0,1,Clear,sky is clear,5998
2013-03-29 17:00:00,279.61,0.0,0.0,40,Clouds,scattered clouds,5371
2013-03-29 18:00:00,279.36,0.0,0.0,1,Clear,sky is clear,4520
2013-03-29 19:00:00,278.77,0.0,0.0,1,Clear,sky is clear,3461
2013-03-29 20:00:00,277.27,0.0,0.0,1,Clear,sky is clear,3100
2013-03-29 21:00:00,275.6,0.0,0.0,90,Clouds,overcast clouds,3017
2013-03-29 22:00:00,274.53,0.0,0.0,1,Clear,sky is clear,2903
2013-03-29 23:00:00,273.63,0.0,0.0,1,Clear,sky is clear,1854
2013-03-30 00:00:00,273.08,0.0,0.0,1,Clear,sky is clear,1092
2013-03-30 01:00:00,272.43,0.0,0.0,1,Clear,sky is clear,706
2013-03-30 02:00:00,271.87,0.0,0.0,1,Clear,sky is clear,542
2013-03-30 03:00:00,271.65,0.0,0.0,1,Clear,sky is clear,380
2013-03-30 04:00:00,271.77,0.0,0.0,75,Clouds,broken clouds,339
2013-03-30 05:00:00,272.28,0.0,0.0,90,Clouds,overcast clouds,624
2013-03-30 06:00:00,272.71,0.0,0.0,90,Clouds,overcast clouds,1097
2013-03-30 07:00:00,272.78,0.0,0.0,75,Clouds,broken clouds,1571
2013-03-30 08:00:00,273.38,0.0,0.0,90,Clouds,overcast clouds,2177
2013-03-30 09:00:00,274.94,0.0,0.0,75,Haze,haze,3058
2013-03-30 10:00:00,276.02,0.0,0.0,90,Clouds,overcast clouds,3570
2013-03-30 11:00:00,276.96,0.0,0.0,90,Drizzle,light intensity drizzle,4094
2013-03-30 12:00:00,277.43,0.0,0.0,90,Clouds,overcast clouds,4502
2013-03-30 13:00:00,278.52,0.0,0.0,75,Clouds,broken clouds,4422
2013-03-30 14:00:00,280.46,0.0,0.0,40,Clouds,scattered clouds,4390
2013-03-30 15:00:00,281.4,0.0,0.0,1,Clear,sky is clear,4443
2013-03-30 16:00:00,282.11,0.0,0.0,75,Clouds,broken clouds,4389
2013-03-30 17:00:00,282.04,0.0,0.0,40,Clouds,scattered clouds,4023
2013-03-30 18:00:00,281.71,0.0,0.0,20,Clouds,few clouds,3846
2013-03-30 19:00:00,280.99,0.0,0.0,1,Clear,sky is clear,3287
2013-03-30 20:00:00,279.62,0.0,0.0,75,Clouds,broken clouds,2780
2013-03-30 21:00:00,278.57,0.0,0.0,90,Clouds,overcast clouds,2928
2013-03-30 22:00:00,278.2,0.0,0.0,75,Clouds,broken clouds,4058
2013-03-30 23:00:00,278.13,0.0,0.0,75,Rain,light rain,2082
2013-03-31 00:00:00,278.02,0.0,0.0,90,Rain,light rain,1242
2013-03-31 01:00:00,278.28,0.0,0.0,75,Drizzle,light intensity drizzle,742
2013-03-31 01:00:00,278.28,0.0,0.0,75,Rain,light rain,742
2013-03-31 02:00:00,278.46,0.0,0.0,90,Drizzle,light intensity drizzle,607
2013-03-31 02:00:00,278.46,0.0,0.0,90,Rain,light rain,607
2013-03-31 03:00:00,278.72,0.0,0.0,90,Drizzle,light intensity drizzle,304
2013-03-31 04:00:00,278.63,0.0,0.0,90,Thunderstorm,thunderstorm with light rain,245
2013-03-31 04:00:00,278.63,0.0,0.0,90,Thunderstorm,proximity thunderstorm with rain,245
2013-03-31 05:00:00,278.08,0.0,0.0,90,Rain,light rain,359
2013-03-31 05:00:00,278.08,0.0,0.0,90,Rain,heavy intensity rain,359
2013-03-31 05:00:00,278.08,0.0,0.0,90,Thunderstorm,proximity thunderstorm,359
2013-03-31 06:00:00,277.34,0.0,0.0,90,Rain,light rain,650
2013-03-31 06:00:00,277.34,0.0,0.0,90,Mist,mist,650
2013-03-31 06:00:00,277.34,0.0,0.0,90,Rain,moderate rain,650
2013-03-31 06:00:00,277.34,0.0,0.0,90,Drizzle,light intensity drizzle,650
2013-03-31 07:00:00,276.92,0.0,0.0,90,Rain,moderate rain,908
2013-03-31 07:00:00,276.92,0.0,0.0,90,Rain,light rain,908
2013-03-31 07:00:00,276.92,0.0,0.0,90,Rain,heavy intensity rain,908
2013-03-31 08:00:00,276.87,0.0,0.0,90,Rain,light rain,1544
2013-03-31 09:00:00,277.01,0.0,0.0,90,Rain,light rain,2384
2013-03-31 09:00:00,277.01,0.0,0.0,90,Mist,mist,2384
2013-03-31 10:00:00,277.21,0.0,0.0,90,Rain,light rain,3166
2013-03-31 10:00:00,277.21,0.0,0.0,90,Mist,mist,3166
2013-03-31 11:00:00,278.22,0.0,0.0,1,Mist,mist,3610
2013-03-31 12:00:00,279.65,0.0,0.0,75,Haze,haze,3829
2013-03-31 12:00:00,279.65,0.0,0.0,75,Mist,mist,3829
2013-03-31 13:00:00,281.2,0.0,0.0,40,Clouds,scattered clouds,3829
2013-03-31 14:00:00,282.46,0.0,0.0,20,Clouds,few clouds,3780
2013-03-31 15:00:00,283.53,0.0,0.0,1,Clear,sky is clear,4003
2013-03-31 16:00:00,283.98,0.0,0.0,1,Clear,sky is clear,4159
2013-03-31 17:00:00,284.21,0.0,0.0,1,Clear,sky is clear,4201
2013-03-31 18:00:00,283.6,0.0,0.0,1,Clear,sky is clear,4246
2013-03-31 19:00:00,282.06,0.0,0.0,1,Clear,sky is clear,4094
2013-03-31 20:00:00,279.81,0.0,0.0,1,Clear,sky is clear,3527
2013-03-31 21:00:00,278.5,0.0,0.0,99,Clouds,overcast clouds,2720
2013-03-31 22:00:00,276.64,0.0,0.0,1,Haze,haze,1841
2013-03-31 23:00:00,275.91,0.0,0.0,1,Haze,haze,1143
2013-04-01 00:00:00,275.02,0.0,0.0,1,Mist,mist,556
2013-04-01 01:00:00,274.39,0.0,0.0,1,Mist,mist,316
2013-04-01 02:00:00,274.17,0.0,0.0,75,Mist,mist,248
2013-04-01 03:00:00,273.98,0.0,0.0,75,Mist,mist,311
2013-04-01 04:00:00,273.78,0.0,0.0,90,Haze,haze,765
2013-04-01 04:00:00,273.78,0.0,0.0,90,Mist,mist,765
2013-04-01 05:00:00,273.61,0.0,0.0,90,Mist,mist,2422
2013-04-01 06:00:00,273.57,0.0,0.0,90,Mist,mist,5522
2013-04-01 07:00:00,273.82,0.0,0.0,90,Mist,mist,6597
2013-04-01 08:00:00,274.04,0.0,0.0,90,Mist,mist,5875
2013-04-01 09:00:00,274.39,0.0,0.0,90,Mist,mist,4820
2013-04-01 09:00:00,274.39,0.0,0.0,90,Haze,haze,4820
2013-04-01 12:00:00,276.39,0.0,0.0,75,Clouds,broken clouds,5150
2013-04-01 13:00:00,276.47,0.0,0.0,20,Clouds,few clouds,5397
2013-04-01 16:00:00,275.66,0.0,0.0,20,Clouds,few clouds,6382
2013-04-01 17:00:00,274.92,0.0,0.0,20,Clouds,few clouds,5939
2013-04-01 18:00:00,274.4,0.0,0.0,1,Clear,sky is clear,4507
2013-04-01 19:00:00,273.38,0.0,0.0,20,Clouds,few clouds,3127
2013-04-01 20:00:00,270.81,0.0,0.0,20,Clouds,few clouds,2697
2013-04-01 21:00:00,270.52,0.0,0.0,1,Clear,sky is clear,3444
2013-04-01 22:00:00,269.51,0.0,0.0,1,Clear,sky is clear,2630
2013-04-02 00:00:00,268.7,0.0,0.0,1,Clear,sky is clear,571
2013-04-02 01:00:00,267.71,0.0,0.0,1,Clear,sky is clear,320
2013-04-02 02:00:00,267.25,0.0,0.0,1,Clear,sky is clear,267
2013-04-02 03:00:00,266.61,0.0,0.0,1,Clear,sky is clear,321
2013-04-02 04:00:00,265.96,0.0,0.0,1,Clear,sky is clear,763
2013-04-02 05:00:00,265.46,0.0,0.0,1,Clear,sky is clear,2518
2013-04-02 06:00:00,265.19,0.0,0.0,1,Clear,sky is clear,5678
2013-04-02 07:00:00,264.91,0.0,0.0,1,Clear,sky is clear,7009
2013-04-02 08:00:00,265.06,0.0,0.0,1,Clear,sky is clear,6310
2013-04-02 09:00:00,266.04,0.0,0.0,1,Clear,sky is clear,5181
2013-04-02 10:00:00,267.25,0.0,0.0,1,Clear,sky is clear,4459
2013-04-02 11:00:00,268.46,0.0,0.0,1,Clear,sky is clear,4761
2013-04-02 12:00:00,269.94,0.0,0.0,1,Clear,sky is clear,5082
2013-04-02 13:00:00,271.24,0.0,0.0,1,Clear,sky is clear,4962
2013-04-02 14:00:00,272.36,0.0,0.0,1,Clear,sky is clear,5358
2013-04-02 15:00:00,273.18,0.0,0.0,1,Clear,sky is clear,5875
2013-04-02 16:00:00,273.52,0.0,0.0,1,Clear,sky is clear,6527
2013-04-02 17:00:00,273.76,0.0,0.0,1,Clear,sky is clear,6326
2013-04-02 18:00:00,273.64,0.0,0.0,1,Clear,sky is clear,4692
2013-04-02 19:00:00,273.21,0.0,0.0,1,Clear,sky is clear,3382
2013-04-02 20:00:00,271.79,0.0,0.0,1,Clear,sky is clear,2928
2013-04-02 21:00:00,270.91,0.0,0.0,1,Clear,sky is clear,2441
2013-04-02 22:00:00,270.29,0.0,0.0,1,Clear,sky is clear,1632
2013-04-02 23:00:00,269.53,0.0,0.0,1,Clear,sky is clear,956
2013-04-03 00:00:00,269.0,0.0,0.0,1,Clear,sky is clear,587
2013-04-03 01:00:00,268.5,0.0,0.0,1,Clear,sky is clear,359
2013-04-03 02:00:00,267.85,0.0,0.0,1,Clear,sky is clear,268
2013-04-03 03:00:00,267.24,0.0,0.0,1,Clear,sky is clear,305
2013-04-03 04:00:00,266.73,0.0,0.0,1,Clear,sky is clear,748
2013-04-03 05:00:00,266.01,0.0,0.0,1,Clear,sky is clear,2573
2013-04-03 06:00:00,265.77,0.0,0.0,1,Clear,sky is clear,5739
2013-04-03 07:00:00,265.41,0.0,0.0,1,Clear,sky is clear,6596
2013-04-03 08:00:00,266.01,0.0,0.0,1,Clear,sky is clear,6637
2013-04-03 09:00:00,267.57,0.0,0.0,1,Clear,sky is clear,5326
2013-04-03 10:00:00,269.64,0.0,0.0,1,Clear,sky is clear,4708
2013-04-03 11:00:00,271.04,0.0,0.0,1,Clear,sky is clear,4906
2013-04-03 12:00:00,272.62,0.0,0.0,40,Clouds,scattered clouds,5322
2013-04-03 13:00:00,273.31,0.0,0.0,20,Clouds,few clouds,5350
2013-04-03 14:00:00,274.07,0.0,0.0,1,Clear,sky is clear,5720
2013-04-03 15:00:00,274.77,0.0,0.0,40,Clouds,scattered clouds,5984
2013-04-03 16:00:00,274.97,0.0,0.0,1,Clear,sky is clear,6545
2013-04-03 17:00:00,275.39,0.0,0.0,1,Clear,sky is clear,6348
2013-04-03 18:00:00,275.12,0.0,0.0,1,Clear,sky is clear,4649
2013-04-03 19:00:00,274.33,0.0,0.0,1,Clear,sky is clear,3361
2013-04-03 20:00:00,272.74,0.0,0.0,1,Clear,sky is clear,2876
2013-04-03 21:00:00,271.75,0.0,0.0,1,Clear,sky is clear,2588
2013-04-03 22:00:00,271.11,0.0,0.0,1,Clear,sky is clear,2456
2013-04-03 23:00:00,270.06,0.0,0.0,1,Clear,sky is clear,1349
2013-04-04 00:00:00,269.31,0.0,0.0,1,Clear,sky is clear,608
2013-04-04 01:00:00,268.65,0.0,0.0,1,Clear,sky is clear,366
2013-04-04 02:00:00,268.08,0.0,0.0,1,Clear,sky is clear,275
2013-04-04 03:00:00,267.32,0.0,0.0,1,Clear,sky is clear,355
2013-04-04 04:00:00,266.83,0.0,0.0,1,Clear,sky is clear,762
2013-04-04 05:00:00,266.39,0.0,0.0,1,Clear,sky is clear,2605
2013-04-04 06:00:00,265.67,0.0,0.0,1,Clear,sky is clear,5539
2013-04-04 07:00:00,265.95,0.0,0.0,1,Clear,sky is clear,6836
2013-04-04 08:00:00,267.64,0.0,0.0,1,Clear,sky is clear,6410
2013-04-04 09:00:00,270.88,0.0,0.0,1,Clear,sky is clear,5373
2013-04-04 10:00:00,273.53,0.0,0.0,1,Clear,sky is clear,4825
2013-04-04 11:00:00,275.45,0.0,0.0,1,Clear,sky is clear,5365
2013-04-04 12:00:00,276.79,0.0,0.0,1,Clear,sky is clear,5080
2013-04-04 13:00:00,277.72,0.0,0.0,1,Clear,sky is clear,5180
2013-04-04 14:00:00,278.74,0.0,0.0,1,Clear,sky is clear,5600
2013-04-04 15:00:00,279.53,0.0,0.0,1,Clear,sky is clear,5992
2013-04-04 16:00:00,279.84,0.0,0.0,40,Clouds,scattered clouds,6841
2013-04-04 17:00:00,280.07,0.0,0.0,75,Clouds,broken clouds,6306
2013-04-04 18:00:00,280.38,0.0,0.0,40,Clouds,scattered clouds,4755
2013-04-04 19:00:00,280.2,0.0,0.0,1,Clear,sky is clear,3521
2013-04-04 20:00:00,279.23,0.0,0.0,1,Clear,sky is clear,3105
2013-04-04 21:00:00,278.33,0.0,0.0,1,Clear,sky is clear,2792
2013-04-04 23:00:00,277.6,0.0,0.0,1,Clear,sky is clear,1194
2013-04-05 00:00:00,277.61,0.0,0.0,1,Clear,sky is clear,632
2013-04-05 01:00:00,278.05,0.0,0.0,75,Clouds,broken clouds,407
2013-04-05 02:00:00,278.28,0.0,0.0,90,Clouds,overcast clouds,310
2013-04-05 03:00:00,278.74,0.0,0.0,90,Clouds,overcast clouds,329
2013-04-05 04:00:00,278.76,0.0,0.0,75,Clouds,broken clouds,736
2013-04-05 05:00:00,278.32,0.0,0.0,90,Clouds,overcast clouds,2443
2013-04-05 06:00:00,277.9,0.0,0.0,75,Clouds,broken clouds,5318
2013-04-05 07:00:00,277.4,0.0,0.0,90,Clouds,overcast clouds,6756
2013-04-05 08:00:00,277.18,0.0,0.0,75,Clouds,broken clouds,6064
2013-04-05 09:00:00,277.38,0.0,0.0,75,Haze,haze,5107
2013-04-05 11:00:00,279.37,0.0,0.0,1,Clear,sky is clear,5321
2013-04-05 12:00:00,280.43,0.0,0.0,1,Clear,sky is clear,5517
2013-04-05 13:00:00,281.54,0.0,0.0,1,Clear,sky is clear,5541
2013-04-05 14:00:00,282.29,0.0,0.0,1,Clear,sky is clear,5855
2013-04-05 15:00:00,282.86,0.0,0.0,1,Clear,sky is clear,6234
2013-04-05 16:00:00,282.63,0.0,0.0,1,Clear,sky is clear,6390
2013-04-05 17:00:00,281.96,0.0,0.0,1,Clear,sky is clear,5823
2013-04-05 18:00:00,281.36,0.0,0.0,5,Clear,sky is clear,4995
2013-04-05 19:00:00,280.23,0.0,0.0,1,Clear,sky is clear,3604
2013-04-05 20:00:00,278.83,0.0,0.0,1,Clear,sky is clear,2870
2013-04-05 21:00:00,276.99,0.0,0.0,1,Clear,sky is clear,2913
2013-04-05 22:00:00,275.92,0.0,0.0,1,Clear,sky is clear,2205
2013-04-05 23:00:00,275.01,0.0,0.0,1,Clear,sky is clear,1610
2013-04-06 00:00:00,273.75,0.0,0.0,1,Clear,sky is clear,1037
2013-04-06 01:00:00,273.1,0.0,0.0,1,Clear,sky is clear,622
2013-04-06 02:00:00,272.22,0.0,0.0,1,Clear,sky is clear,508
2013-04-06 03:00:00,271.98,0.0,0.0,1,Clear,sky is clear,349
2013-04-06 04:00:00,271.35,0.0,0.0,1,Clear,sky is clear,371
2013-04-06 05:00:00,270.94,0.0,0.0,1,Clear,sky is clear,707
2013-04-06 07:00:00,269.66,0.0,0.0,5,Clear,sky is clear,1953
2013-04-06 08:00:00,270.53,0.0,0.0,1,Clear,sky is clear,2952
2013-04-06 09:00:00,272.78,0.0,0.0,20,Clouds,few clouds,3892
2013-04-06 10:00:00,274.29,0.0,0.0,1,Clear,sky is clear,4070
2013-04-06 11:00:00,275.93,0.0,0.0,1,Clear,sky is clear,4569
2013-04-06 12:00:00,277.29,0.0,0.0,40,Clouds,scattered clouds,4958
2013-04-06 13:00:00,278.18,0.0,0.0,90,Clouds,overcast clouds,5007
2013-04-06 14:00:00,278.62,0.0,0.0,90,Clouds,overcast clouds,4877
2013-04-06 15:00:00,278.06,0.0,0.0,90,Snow,heavy snow,4719
2013-04-06 16:00:00,276.87,0.0,0.0,90,Snow,heavy snow,4426
2013-04-06 16:00:00,276.87,0.0,0.0,90,Mist,mist,4426
2013-04-06 16:00:00,276.87,0.0,0.0,90,Rain,light rain,4426
2013-04-06 17:00:00,275.39,0.0,0.0,90,Snow,heavy snow,4377
2013-04-06 17:00:00,275.39,0.0,0.0,90,Mist,mist,4377
2013-04-06 17:00:00,275.39,0.0,0.0,90,Rain,light rain,4377
2013-04-06 17:00:00,275.39,0.0,0.0,90,Drizzle,light intensity drizzle,4377
2013-04-06 18:00:00,274.52,0.0,0.0,90,Snow,heavy snow,4160
2013-04-06 18:00:00,274.52,0.0,0.0,90,Mist,mist,4160
2013-04-06 18:00:00,274.52,0.0,0.0,90,Rain,light rain,4160
2013-04-06 19:00:00,274.43,0.0,0.0,90,Snow,heavy snow,3050
2013-04-06 19:00:00,274.43,0.0,0.0,90,Mist,mist,3050
2013-04-06 20:00:00,274.27,0.0,0.0,90,Snow,heavy snow,2712
2013-04-06 20:00:00,274.27,0.0,0.0,90,Mist,mist,2712
2013-04-06 21:00:00,274.47,0.0,0.0,75,Clouds,broken clouds,3520
2013-04-06 22:00:00,274.54,0.0,0.0,90,Clouds,overcast clouds,3122
2013-04-06 23:00:00,274.72,0.0,0.0,90,Clouds,overcast clouds,1984
2013-04-07 00:00:00,274.93,0.0,0.0,75,Clouds,broken clouds,1135
2013-04-07 01:00:00,275.19,0.0,0.0,75,Clouds,broken clouds,805
2013-04-07 02:00:00,275.62,0.0,0.0,75,Clouds,broken clouds,616
2013-04-07 03:00:00,275.96,0.0,0.0,1,Clear,sky is clear,312
2013-04-07 04:00:00,276.27,0.0,0.0,1,Clear,sky is clear,284
2013-04-07 05:00:00,276.57,0.0,0.0,90,Rain,light rain,454
2013-04-07 06:00:00,276.68,0.0,0.0,75,Clouds,broken clouds,710
2013-04-07 07:00:00,276.79,0.0,0.0,90,Clouds,overcast clouds,1052
2013-04-07 08:00:00,277.04,0.0,0.0,90,Clouds,overcast clouds,1623
2013-04-07 09:00:00,277.49,0.0,0.0,90,Rain,moderate rain,2564
2013-04-07 09:00:00,277.49,0.0,0.0,90,Rain,light rain,2564
2013-04-07 10:00:00,278.58,0.0,0.0,1,Clear,sky is clear,3298
2013-04-07 11:00:00,281.22,0.0,0.0,1,Clear,sky is clear,3507
2013-04-07 12:00:00,282.78,0.0,0.0,1,Clear,sky is clear,4342
2013-04-07 13:00:00,283.97,0.0,0.0,90,Clouds,overcast clouds,4254
2013-04-07 14:00:00,283.68,0.0,0.0,90,Rain,light rain,4120
2013-04-07 15:00:00,282.5,0.0,0.0,40,Rain,moderate rain,4201
2013-04-07 15:00:00,282.5,0.0,0.0,40,Rain,light rain,4201
2013-04-07 16:00:00,281.11,0.0,0.0,90,Rain,moderate rain,4241
2013-04-07 16:00:00,281.11,0.0,0.0,90,Mist,mist,4241
2013-04-07 16:00:00,281.11,0.0,0.0,90,Rain,light rain,4241
2013-04-07 17:00:00,279.57,0.0,0.0,90,Rain,light rain,3994
2013-04-07 17:00:00,279.57,0.0,0.0,90,Mist,mist,3994
2013-04-07 17:00:00,279.57,0.0,0.0,90,Drizzle,light intensity drizzle,3994
2013-04-07 18:00:00,278.01,0.0,0.0,90,Rain,moderate rain,3599
2013-04-07 18:00:00,278.01,0.0,0.0,90,Mist,mist,3599
2013-04-07 19:00:00,277.39,0.0,0.0,90,Mist,mist,2999
2013-04-07 19:00:00,277.39,0.0,0.0,90,Rain,light rain,2999
2013-04-07 20:00:00,277.0,0.0,0.0,90,Clouds,overcast clouds,2310
2013-04-07 21:00:00,276.57,0.0,0.0,90,Clouds,overcast clouds,2316
2013-04-07 22:00:00,276.29,0.0,0.0,90,Clouds,overcast clouds,2107
2013-04-07 23:00:00,276.13,0.0,0.0,90,Clouds,overcast clouds,2599
2013-04-08 00:00:00,276.12,0.0,0.0,90,Clouds,overcast clouds,596
2013-04-08 01:00:00,275.96,0.0,0.0,90,Clouds,overcast clouds,393
2013-04-08 02:00:00,275.84,0.0,0.0,90,Clouds,overcast clouds,262
2013-04-08 03:00:00,275.58,0.0,0.0,90,Clouds,overcast clouds,296
2013-04-08 04:00:00,275.14,0.0,0.0,90,Clouds,overcast clouds,748
2013-04-08 05:00:00,274.97,0.0,0.0,1,Clear,sky is clear,2505
2013-04-08 06:00:00,275.02,0.0,0.0,90,Clouds,overcast clouds,5597
2013-04-08 07:00:00,275.06,0.0,0.0,90,Clouds,overcast clouds,6971
2013-04-08 08:00:00,275.22,0.0,0.0,90,Clouds,overcast clouds,6291
2013-04-08 09:00:00,275.43,0.0,0.0,90,Clouds,overcast clouds,4920
2013-04-08 10:00:00,275.78,0.0,0.0,90,Clouds,overcast clouds,4406
2013-04-08 11:00:00,276.22,0.0,0.0,90,Clouds,overcast clouds,4542
2013-04-08 12:00:00,277.03,0.0,0.0,90,Clouds,overcast clouds,4708
2013-04-08 13:00:00,277.29,0.0,0.0,48,Clouds,scattered clouds,4766
2013-04-08 14:00:00,279.53,0.0,0.0,75,Clouds,broken clouds,5326
2013-04-08 15:00:00,280.17,0.0,0.0,75,Clouds,broken clouds,5595
2013-04-08 16:00:00,280.86,0.0,0.0,75,Clouds,broken clouds,6524
2013-04-08 17:00:00,281.45,0.0,0.0,1,Clear,sky is clear,6278
2013-04-08 18:00:00,281.33,0.0,0.0,1,Clear,sky is clear,4356
2013-04-08 19:00:00,281.04,0.0,0.0,1,Clear,sky is clear,3143
2013-04-08 20:00:00,280.4,0.0,0.0,90,Clouds,overcast clouds,2620
2013-04-08 21:00:00,279.81,0.0,0.0,90,Rain,moderate rain,2171
2013-04-08 21:00:00,279.81,0.0,0.0,90,Drizzle,light intensity drizzle,2171
2013-04-08 22:00:00,279.11,0.0,0.0,75,Rain,moderate rain,1454
2013-04-08 22:00:00,279.11,0.0,0.0,75,Drizzle,drizzle,1454
2013-04-08 22:00:00,279.11,0.0,0.0,75,Rain,light rain,1454
2013-04-08 23:00:00,278.39,0.0,0.0,90,Drizzle,drizzle,1124
2013-04-08 23:00:00,278.39,0.0,0.0,90,Rain,moderate rain,1124
2013-04-08 23:00:00,278.39,0.0,0.0,90,Rain,light rain,1124
2013-04-09 00:00:00,278.02,0.0,0.0,90,Rain,moderate rain,539
2013-04-09 00:00:00,278.02,0.0,0.0,90,Rain,light rain,539
2013-04-09 01:00:00,277.78,0.0,0.0,90,Rain,moderate rain,316
2013-04-09 01:00:00,277.78,0.0,0.0,90,Mist,mist,316
2013-04-09 01:00:00,277.78,0.0,0.0,90,Rain,light rain,316
2013-04-09 01:00:00,277.78,0.0,0.0,90,Drizzle,light intensity drizzle,316
2013-04-09 02:00:00,277.93,0.0,0.0,90,Rain,moderate rain,268
2013-04-09 02:00:00,277.93,0.0,0.0,90,Mist,mist,268
2013-04-09 02:00:00,277.93,0.0,0.0,90,Rain,light rain,268
2013-04-09 03:00:00,277.93,0.0,0.0,90,Rain,light rain,305
2013-04-09 03:00:00,277.93,0.0,0.0,90,Mist,mist,305
2013-04-09 03:00:00,277.93,0.0,0.0,90,Rain,moderate rain,305
2013-04-09 03:00:00,277.93,0.0,0.0,90,Drizzle,light intensity drizzle,305
2013-04-09 04:00:00,277.86,0.0,0.0,90,Rain,moderate rain,737
2013-04-09 04:00:00,277.86,0.0,0.0,90,Mist,mist,737
2013-04-09 04:00:00,277.86,0.0,0.0,90,Rain,light rain,737
2013-04-09 05:00:00,277.73,0.0,0.0,90,Rain,light rain,2626
2013-04-09 05:00:00,277.73,0.0,0.0,90,Mist,mist,2626
2013-04-09 05:00:00,277.73,0.0,0.0,90,Rain,moderate rain,2626
2013-04-09 06:00:00,277.55,0.0,0.0,90,Mist,mist,5823
2013-04-09 06:00:00,277.55,0.0,0.0,90,Rain,moderate rain,5823
2013-04-09 07:00:00,277.53,0.0,0.0,90,Mist,mist,7110
2013-04-09 07:00:00,277.53,0.0,0.0,90,Drizzle,drizzle,7110
2013-04-09 08:00:00,277.22,0.0,0.0,90,Mist,mist,5954
2013-04-09 08:00:00,277.22,0.0,0.0,90,Fog,fog,5954
2013-04-09 08:00:00,277.22,0.0,0.0,90,Drizzle,drizzle,5954
2013-04-09 09:00:00,277.22,0.0,0.0,90,Mist,mist,5289
2013-04-09 09:00:00,277.22,0.0,0.0,90,Drizzle,light intensity drizzle,5289
2013-04-09 10:00:00,277.49,0.0,0.0,90,Mist,mist,4439
2013-04-09 11:00:00,277.88,0.0,0.0,90,Mist,mist,4560
2013-04-09 12:00:00,278.58,0.0,0.0,90,Clouds,overcast clouds,4917
2013-04-09 13:00:00,279.09,0.0,0.0,90,Haze,haze,4875
2013-04-09 14:00:00,279.57,0.0,0.0,90,Mist,mist,5298
2013-04-09 14:00:00,279.57,0.0,0.0,90,Haze,haze,5298
2013-04-09 15:00:00,279.9,0.0,0.0,90,Mist,mist,5849
2013-04-09 15:00:00,279.9,0.0,0.0,90,Haze,haze,5849
2013-04-09 16:00:00,280.05,0.0,0.0,90,Clouds,overcast clouds,6564
2013-04-09 17:00:00,280.19,0.0,0.0,90,Haze,haze,6315
2013-04-09 18:00:00,280.01,0.0,0.0,90,Clouds,overcast clouds,4458
2013-04-09 19:00:00,279.45,0.0,0.0,90,Clouds,overcast clouds,3226
2013-04-09 20:00:00,278.88,0.0,0.0,90,Clouds,overcast clouds,2754
2013-04-09 21:00:00,278.05,0.0,0.0,90,Clouds,overcast clouds,3824
2013-04-09 22:00:00,277.72,0.0,0.0,90,Clouds,overcast clouds,2868
2013-04-09 23:00:00,277.44,0.0,0.0,90,Clouds,overcast clouds,1127
2013-04-10 00:00:00,277.4,0.0,0.0,90,Clouds,overcast clouds,501
2013-04-10 01:00:00,277.16,0.0,0.0,90,Clouds,overcast clouds,320
2013-04-10 02:00:00,276.84,0.0,0.0,90,Clouds,overcast clouds,227
2013-04-10 03:00:00,276.62,0.0,0.0,90,Clouds,overcast clouds,297
2013-04-10 04:00:00,276.31,0.0,0.0,90,Clouds,overcast clouds,752
2013-04-10 05:00:00,276.19,0.0,0.0,90,Clouds,overcast clouds,2568
2013-04-10 06:00:00,275.96,0.0,0.0,90,Clouds,overcast clouds,5543
2013-04-10 07:00:00,275.68,0.0,0.0,90,Clouds,overcast clouds,6812
2013-04-10 08:00:00,275.35,0.0,0.0,90,Rain,light rain,6125
2013-04-10 09:00:00,275.03,0.0,0.0,90,Rain,light rain,5171
2013-04-10 10:00:00,274.62,0.0,0.0,90,Rain,light rain,4366
2013-04-10 10:00:00,274.62,0.0,0.0,90,Mist,mist,4366
2013-04-10 11:00:00,274.49,0.0,0.0,90,Clouds,overcast clouds,4418
2013-04-10 12:00:00,274.58,0.0,0.0,90,Rain,light rain,4793
2013-04-10 12:00:00,274.58,0.0,0.0,90,Snow,heavy snow,4793
2013-04-10 12:00:00,274.58,0.0,0.0,90,Mist,mist,4793
2013-04-10 12:00:00,274.58,0.0,0.0,90,Haze,haze,4793
2013-04-10 13:00:00,275.38,0.0,0.0,90,Rain,light rain,4958
2013-04-10 13:00:00,275.38,0.0,0.0,90,Snow,heavy snow,4958
2013-04-10 14:00:00,276.36,0.0,0.0,90,Rain,light rain,5207
2013-04-10 15:00:00,277.55,0.0,0.0,75,Clouds,broken clouds,5821
2013-04-10 16:00:00,279.1,0.0,0.0,90,Clouds,overcast clouds,6383
2013-04-10 17:00:00,278.69,0.0,0.0,90,Clouds,overcast clouds,6106
2013-04-10 18:00:00,278.59,0.0,0.0,90,Clouds,overcast clouds,4435
2013-04-10 19:00:00,278.33,0.0,0.0,90,Clouds,overcast clouds,3172
2013-04-10 20:00:00,277.77,0.0,0.0,90,Clouds,overcast clouds,2763
2013-04-10 21:00:00,277.05,0.0,0.0,90,Clouds,overcast clouds,2330
2013-04-10 22:00:00,276.16,0.0,0.0,90,Rain,light rain,1550
2013-04-10 23:00:00,275.18,0.0,0.0,90,Snow,heavy snow,1019
2013-04-10 23:00:00,275.18,0.0,0.0,90,Rain,light rain,1019
2013-04-10 23:00:00,275.18,0.0,0.0,90,Mist,mist,1019
2013-04-11 00:00:00,274.06,0.0,0.0,90,Snow,heavy snow,582
2013-04-11 00:00:00,274.06,0.0,0.0,90,Mist,mist,582
2013-04-11 01:00:00,272.8,0.0,0.0,90,Snow,snow,330
2013-04-11 01:00:00,272.8,0.0,0.0,90,Fog,fog,330
2013-04-11 01:00:00,272.8,0.0,0.0,90,Snow,heavy snow,330
2013-04-11 01:00:00,272.8,0.0,0.0,90,Mist,mist,330
2013-04-11 01:00:00,272.8,0.0,0.0,90,Thunderstorm,proximity thunderstorm,330
2013-04-11 02:00:00,272.52,0.0,0.0,90,Snow,heavy snow,238
2013-04-11 02:00:00,272.52,0.0,0.0,90,Mist,mist,238
2013-04-11 03:00:00,272.29,0.0,0.0,90,Clouds,overcast clouds,331
2013-04-11 04:00:00,272.68,0.0,0.0,90,Clouds,overcast clouds,773
2013-04-11 05:00:00,272.3,0.0,0.0,90,Clouds,overcast clouds,2628
2013-04-11 06:00:00,272.37,0.0,0.0,90,Clouds,overcast clouds,3973
2013-04-11 07:00:00,272.61,0.0,0.0,90,Clouds,overcast clouds,3078
2013-04-11 08:00:00,273.08,0.0,0.0,90,Clouds,overcast clouds,3069
2013-04-11 09:00:00,273.64,0.0,0.0,90,Clouds,overcast clouds,4018
2013-04-11 10:00:00,274.2,0.0,0.0,90,Clouds,overcast clouds,3191
2013-04-11 11:00:00,274.53,0.0,0.0,90,Clouds,overcast clouds,3246
2013-04-11 12:00:00,275.27,0.0,0.0,90,Clouds,overcast clouds,3714
2013-04-11 13:00:00,275.66,0.0,0.0,100,Clouds,overcast clouds,3827
